issue_id,title,body,category,priority,duplicate_group_id,author_association,comments_count,clean_title,clean_body,text,token_count
1662,Update API documentation for v2 authentication header,"The current Swagger docs show 'Authorization: Token <key>', but v2 requires 'Authorization: Bearer <jwt>'.",documentation,P2-Medium,-1,NONE,3,Update API documentation for v2 authentication header,"The current Swagger docs show 'Authorization: Token <key>', but v2 requires 'Authorization: Bearer <jwt>'.","Update API documentation for v2 authentication header The current Swagger docs show 'Authorization: Token <key>', but v2 requires 'Authorization: Bearer <jwt>'.",21
1266,Implement bulk item deletion in admin console,Allow administrators to select multiple user records and execute soft-delete in a single batch operation.,feature,P2-Medium,-1,MEMBER,8,Implement bulk item deletion in admin console,Allow administrators to select multiple user records and execute soft-delete in a single batch operation.,Implement bulk item deletion in admin console Allow administrators to select multiple user records and execute soft-delete in a single batch operation.,22
1445,[Prod] Memory leak in background token refresh worker,Process RSS memory grows continuously by ~50MB/hour. Profiling indicates unclosed TCP sessions in AuthService.,bug,P1-High,-1,CONTRIBUTOR,0,[Prod] Memory leak in background token refresh worker,Process RSS memory grows continuously by ~50MB/hour. Profiling indicates unclosed TCP sessions in AuthService.,[Prod] Memory leak in background token refresh worker Process RSS memory grows continuously by ~50MB/hour. Profiling indicates unclosed TCP sessions in AuthService.,22
1275,Add webhook notifications for payment success,Developers need outbound HTTP webhooks triggered on invoice.paid events with signature verification header.,feature,P1-High,-1,FIRST_TIME_CONTRIBUTOR,5,Add webhook notifications for payment success,Developers need outbound HTTP webhooks triggered on invoice.paid events with signature verification header.,Add webhook notifications for payment success Developers need outbound HTTP webhooks triggered on invoice.paid events with signature verification header.,19
1083,UnicodeDecodeError when parsing multibyte UTF-8 input,The JSON parser crashes on emoji input with UnicodeDecodeError: 'utf-8' codec can't decode byte 0xed in position 12.,bug,P2-Medium,-1,CONTRIBUTOR,5,UnicodeDecodeError when parsing multibyte UTF-8 input,The JSON parser crashes on emoji input with UnicodeDecodeError: 'utf-8' codec can't decode byte 0xed in position 12.,UnicodeDecodeError when parsing multibyte UTF-8 input The JSON parser crashes on emoji input with UnicodeDecodeError: 'utf-8' codec can't decode byte 0xed in position 12.,24
2453,Dark mode theme preference toggle,Implement automatic dark mode switching based on CSS prefers-color-scheme media query.,feature,P3-Low,-1,NONE,7,Dark mode theme preference toggle,Implement automatic dark mode switching based on CSS prefers-color-scheme media query.,Dark mode theme preference toggle Implement automatic dark mode switching based on CSS prefers-color-scheme media query.,16
1955,[Prod] Broken hyperlink in settings footer,Clicking 'Terms of Service' in user settings redirects to 404 page.,bug,P3-Low,-1,CONTRIBUTOR,2,[Prod] Broken hyperlink in settings footer,Clicking 'Terms of Service' in user settings redirects to 404 page.,[Prod] Broken hyperlink in settings footer Clicking 'Terms of Service' in user settings redirects to 404 page.,17
1530,Support CSV export for monthly billing reports,Accounting teams require monthly transactions exported as standard RFC 4180 CSV files with tax breakdown.,feature,P2-Medium,-1,FIRST_TIME_CONTRIBUTOR,1,Support CSV export for monthly billing reports,Accounting teams require monthly transactions exported as standard RFC 4180 CSV files with tax breakdown.,Support CSV export for monthly billing reports Accounting teams require monthly transactions exported as standard RFC 4180 CSV files with tax breakdown.,22
1310,Update API documentation for v2 authentication header,"The current Swagger docs show 'Authorization: Token <key>', but v2 requires 'Authorization: Bearer <jwt>'.",documentation,P2-Medium,-1,FIRST_TIME_CONTRIBUTOR,1,Update API documentation for v2 authentication header,"The current Swagger docs show 'Authorization: Token <key>', but v2 requires 'Authorization: Bearer <jwt>'.","Update API documentation for v2 authentication header The current Swagger docs show 'Authorization: Token <key>', but v2 requires 'Authorization: Bearer <jwt>'.",21
1940,Update API documentation for v2 authentication header,"The current Swagger docs show 'Authorization: Token <key>', but v2 requires 'Authorization: Bearer <jwt>'.",documentation,P2-Medium,-1,CONTRIBUTOR,6,Update API documentation for v2 authentication header,"The current Swagger docs show 'Authorization: Token <key>', but v2 requires 'Authorization: Bearer <jwt>'.","Update API documentation for v2 authentication header The current Swagger docs show 'Authorization: Token <key>', but v2 requires 'Authorization: Bearer <jwt>'.",21
2437,Document Docker Compose local setup steps,Add troubleshooting section for port conflicts on Windows WSL2 when starting PostgreSQL container.,documentation,P3-Low,-1,FIRST_TIME_CONTRIBUTOR,5,Document Docker Compose local setup steps,Add troubleshooting section for port conflicts on Windows WSL2 when starting PostgreSQL container.,Document Docker Compose local setup steps Add troubleshooting section for port conflicts on Windows WSL2 when starting PostgreSQL container.,19
1052,UnicodeDecodeError when parsing multibyte UTF-8 input,The JSON parser crashes on emoji input with UnicodeDecodeError: 'utf-8' codec can't decode byte 0xed in position 12.,bug,P2-Medium,-1,CONTRIBUTOR,3,UnicodeDecodeError when parsing multibyte UTF-8 input,The JSON parser crashes on emoji input with UnicodeDecodeError: 'utf-8' codec can't decode byte 0xed in position 12.,UnicodeDecodeError when parsing multibyte UTF-8 input The JSON parser crashes on emoji input with UnicodeDecodeError: 'utf-8' codec can't decode byte 0xed in position 12.,24
2165,Optimize Docker image layer caching to speed up CI,Re-installing heavy Python packages on every single commit causes CI build times to exceed 18 minutes.,performance,P2-Medium,-1,CONTRIBUTOR,8,Optimize Docker image layer caching to speed up CI,Re-installing heavy Python packages on every single commit causes CI build times to exceed 18 minutes.,Optimize Docker image layer caching to speed up CI Re-installing heavy Python packages on every single commit causes CI build times to exceed 18 minutes.,25
1021,Support CSV export for monthly billing reports,Accounting teams require monthly transactions exported as standard RFC 4180 CSV files with tax breakdown.,feature,P2-Medium,-1,FIRST_TIME_CONTRIBUTOR,2,Support CSV export for monthly billing reports,Accounting teams require monthly transactions exported as standard RFC 4180 CSV files with tax breakdown.,Support CSV export for monthly billing reports Accounting teams require monthly transactions exported as standard RFC 4180 CSV files with tax breakdown.,22
1626,Support CSV export for monthly billing reports,Accounting teams require monthly transactions exported as standard RFC 4180 CSV files with tax breakdown.,feature,P2-Medium,-1,FIRST_TIME_CONTRIBUTOR,0,Support CSV export for monthly billing reports,Accounting teams require monthly transactions exported as standard RFC 4180 CSV files with tax breakdown.,Support CSV export for monthly billing reports Accounting teams require monthly transactions exported as standard RFC 4180 CSV files with tax breakdown.,22
2176,API gateway p99 latency spikes above 1200ms,Downstream microservice connection timeouts lead to thread starvation in the upstream edge gateway.,performance,P1-High,-1,CONTRIBUTOR,3,API gateway p99 latency spikes above 1200ms,Downstream microservice connection timeouts lead to thread starvation in the upstream edge gateway.,API gateway p99 latency spikes above 1200ms Downstream microservice connection timeouts lead to thread starvation in the upstream edge gateway.,20
1508,Dark mode theme preference toggle,Implement automatic dark mode switching based on CSS prefers-color-scheme media query.,feature,P3-Low,-1,FIRST_TIME_CONTRIBUTOR,6,Dark mode theme preference toggle,Implement automatic dark mode switching based on CSS prefers-color-scheme media query.,Dark mode theme preference toggle Implement automatic dark mode switching based on CSS prefers-color-scheme media query.,16
2091,API gateway p99 latency spikes above 1200ms,Downstream microservice connection timeouts lead to thread starvation in the upstream edge gateway.,performance,P1-High,-1,MEMBER,7,API gateway p99 latency spikes above 1200ms,Downstream microservice connection timeouts lead to thread starvation in the upstream edge gateway.,API gateway p99 latency spikes above 1200ms Downstream microservice connection timeouts lead to thread starvation in the upstream edge gateway.,20
2371,Urgent: NullPointerException on user checkout,"When calling POST /api/v1/checkout with an empty cart item list, server throws NullPointerException at CheckoutService.java:142. Expected HTTP 400 Bad Request.",bug,P0-Critical,-1,CONTRIBUTOR,10,Urgent: NullPointerException on user checkout,"When calling POST /api/v1/checkout with an empty cart item list, server throws NullPointerException at CheckoutService.java:142. Expected HTTP 400 Bad Request.","Urgent: NullPointerException on user checkout When calling POST /api/v1/checkout with an empty cart item list, server throws NullPointerException at CheckoutService.java:142. Expected HTTP 400 Bad Request.",25
2387,NullPointerException on user checkout,"When calling POST /api/v1/checkout with an empty cart item list, server throws NullPointerException at CheckoutService.java:142. Expected HTTP 400 Bad Request.",bug,P0-Critical,-1,NONE,20,NullPointerException on user checkout,"When calling POST /api/v1/checkout with an empty cart item list, server throws NullPointerException at CheckoutService.java:142. Expected HTTP 400 Bad Request.","NullPointerException on user checkout When calling POST /api/v1/checkout with an empty cart item list, server throws NullPointerException at CheckoutService.java:142. Expected HTTP 400 Bad Request.",24
1411,API gateway p99 latency spikes above 1200ms,Downstream microservice connection timeouts lead to thread starvation in the upstream edge gateway.,performance,P1-High,-1,NONE,0,API gateway p99 latency spikes above 1200ms,Downstream microservice connection timeouts lead to thread starvation in the upstream edge gateway.,API gateway p99 latency spikes above 1200ms Downstream microservice connection timeouts lead to thread starvation in the upstream edge gateway.,20
2190,Support CSV export for monthly billing reports,Accounting teams require monthly transactions exported as standard RFC 4180 CSV files with tax breakdown.,feature,P2-Medium,-1,NONE,7,Support CSV export for monthly billing reports,Accounting teams require monthly transactions exported as standard RFC 4180 CSV files with tax breakdown.,Support CSV export for monthly billing reports Accounting teams require monthly transactions exported as standard RFC 4180 CSV files with tax breakdown.,22
1434,Add webhook notifications for payment success,Developers need outbound HTTP webhooks triggered on invoice.paid events with signature verification header.,feature,P1-High,-1,FIRST_TIME_CONTRIBUTOR,8,Add webhook notifications for payment success,Developers need outbound HTTP webhooks triggered on invoice.paid events with signature verification header.,Add webhook notifications for payment success Developers need outbound HTTP webhooks triggered on invoice.paid events with signature verification header.,19
1625,[Bug Report] UnicodeDecodeError when parsing multibyte UTF-8 input,The JSON parser crashes on emoji input with UnicodeDecodeError: 'utf-8' codec can't decode byte 0xed in position 12.,bug,P2-Medium,-1,MEMBER,1,[Bug Report] UnicodeDecodeError when parsing multibyte UTF-8 input,The JSON parser crashes on emoji input with UnicodeDecodeError: 'utf-8' codec can't decode byte 0xed in position 12.,[Bug Report] UnicodeDecodeError when parsing multibyte UTF-8 input The JSON parser crashes on emoji input with UnicodeDecodeError: 'utf-8' codec can't decode byte 0xed in position 12.,26
1020,Question: Broken hyperlink in settings footer,Clicking 'Terms of Service' in user settings redirects to 404 page.,bug,P3-Low,-1,CONTRIBUTOR,1,Question: Broken hyperlink in settings footer,Clicking 'Terms of Service' in user settings redirects to 404 page.,Question: Broken hyperlink in settings footer Clicking 'Terms of Service' in user settings redirects to 404 page.,17
1678,Add support for OAuth2 Google Login,Users need the ability to authenticate via Google OAuth2 with PKCE flow. Needs configuration for client ID and secret.,feature,P2-Medium,-1,CONTRIBUTOR,1,Add support for OAuth2 Google Login,Users need the ability to authenticate via Google OAuth2 with PKCE flow. Needs configuration for client ID and secret.,Add support for OAuth2 Google Login Users need the ability to authenticate via Google OAuth2 with PKCE flow. Needs configuration for client ID and secret.,25
2399,Dark mode theme preference toggle,Implement automatic dark mode switching based on CSS prefers-color-scheme media query.,feature,P3-Low,-1,NONE,0,Dark mode theme preference toggle,Implement automatic dark mode switching based on CSS prefers-color-scheme media query.,Dark mode theme preference toggle Implement automatic dark mode switching based on CSS prefers-color-scheme media query.,16
1003,SQL injection in search endpoint,Raw query concatenation found in search filter parameter allows arbitrary database execution.,security,P0-Critical,102,CONTRIBUTOR,3,SQL injection in search endpoint,Raw query concatenation found in search filter parameter allows arbitrary database execution.,SQL injection in search endpoint Raw query concatenation found in search filter parameter allows arbitrary database execution.,17
2142,Urgent: UnicodeDecodeError when parsing multibyte UTF-8 input,The JSON parser crashes on emoji input with UnicodeDecodeError: 'utf-8' codec can't decode byte 0xed in position 12.,bug,P2-Medium,-1,CONTRIBUTOR,7,Urgent: UnicodeDecodeError when parsing multibyte UTF-8 input,The JSON parser crashes on emoji input with UnicodeDecodeError: 'utf-8' codec can't decode byte 0xed in position 12.,Urgent: UnicodeDecodeError when parsing multibyte UTF-8 input The JSON parser crashes on emoji input with UnicodeDecodeError: 'utf-8' codec can't decode byte 0xed in position 12.,25
2040,Add architecture diagram to README,The repository needs an updated high-level diagram explaining the microservice event bus flow.,documentation,P3-Low,-1,FIRST_TIME_CONTRIBUTOR,8,Add architecture diagram to README,The repository needs an updated high-level diagram explaining the microservice event bus flow.,Add architecture diagram to README The repository needs an updated high-level diagram explaining the microservice event bus flow.,18
1816,[Bug Report] Checkbox state does not persist across tab switching,Form input resets when toggling between 'Account' and 'Billing' sub-tabs.,bug,P2-Medium,-1,CONTRIBUTOR,3,[Bug Report] Checkbox state does not persist across tab switching,Form input resets when toggling between 'Account' and 'Billing' sub-tabs.,[Bug Report] Checkbox state does not persist across tab switching Form input resets when toggling between 'Account' and 'Billing' sub-tabs.,20
2420,Question: CSS overflow issue on mobile navigation drawer,"On iOS Safari viewport < 375px, the slide-over menu items clip outside the right screen border.",bug,P3-Low,-1,CONTRIBUTOR,2,Question: CSS overflow issue on mobile navigation drawer,"On iOS Safari viewport < 375px, the slide-over menu items clip outside the right screen border.","Question: CSS overflow issue on mobile navigation drawer On iOS Safari viewport < 375px, the slide-over menu items clip outside the right screen border.",24
1517,[Prod] Checkbox state does not persist across tab switching,Form input resets when toggling between 'Account' and 'Billing' sub-tabs.,bug,P2-Medium,-1,NONE,8,[Prod] Checkbox state does not persist across tab switching,Form input resets when toggling between 'Account' and 'Billing' sub-tabs.,[Prod] Checkbox state does not persist across tab switching Form input resets when toggling between 'Account' and 'Billing' sub-tabs.,19
1708,[Bug Report] Memory leak in background token refresh worker,Process RSS memory grows continuously by ~50MB/hour. Profiling indicates unclosed TCP sessions in AuthService.,bug,P1-High,-1,NONE,8,[Bug Report] Memory leak in background token refresh worker,Process RSS memory grows continuously by ~50MB/hour. Profiling indicates unclosed TCP sessions in AuthService.,[Bug Report] Memory leak in background token refresh worker Process RSS memory grows continuously by ~50MB/hour. Profiling indicates unclosed TCP sessions in AuthService.,23
2232,Optimize Docker image layer caching to speed up CI,Re-installing heavy Python packages on every single commit causes CI build times to exceed 18 minutes.,performance,P2-Medium,-1,NONE,5,Optimize Docker image layer caching to speed up CI,Re-installing heavy Python packages on every single commit causes CI build times to exceed 18 minutes.,Optimize Docker image layer caching to speed up CI Re-installing heavy Python packages on every single commit causes CI build times to exceed 18 minutes.,25
1018,API gateway p99 latency spikes above 1200ms,Downstream microservice connection timeouts lead to thread starvation in the upstream edge gateway.,performance,P1-High,-1,FIRST_TIME_CONTRIBUTOR,4,API gateway p99 latency spikes above 1200ms,Downstream microservice connection timeouts lead to thread starvation in the upstream edge gateway.,API gateway p99 latency spikes above 1200ms Downstream microservice connection timeouts lead to thread starvation in the upstream edge gateway.,20
1163,Add webhook notifications for payment success,Developers need outbound HTTP webhooks triggered on invoice.paid events with signature verification header.,feature,P1-High,-1,FIRST_TIME_CONTRIBUTOR,7,Add webhook notifications for payment success,Developers need outbound HTTP webhooks triggered on invoice.paid events with signature verification header.,Add webhook notifications for payment success Developers need outbound HTTP webhooks triggered on invoice.paid events with signature verification header.,19
1850,Add webhook notifications for payment success,Developers need outbound HTTP webhooks triggered on invoice.paid events with signature verification header.,feature,P1-High,-1,CONTRIBUTOR,7,Add webhook notifications for payment success,Developers need outbound HTTP webhooks triggered on invoice.paid events with signature verification header.,Add webhook notifications for payment success Developers need outbound HTTP webhooks triggered on invoice.paid events with signature verification header.,19
2308,UnicodeDecodeError when parsing multibyte UTF-8 input,The JSON parser crashes on emoji input with UnicodeDecodeError: 'utf-8' codec can't decode byte 0xed in position 12.,bug,P2-Medium,-1,NONE,4,UnicodeDecodeError when parsing multibyte UTF-8 input,The JSON parser crashes on emoji input with UnicodeDecodeError: 'utf-8' codec can't decode byte 0xed in position 12.,UnicodeDecodeError when parsing multibyte UTF-8 input The JSON parser crashes on emoji input with UnicodeDecodeError: 'utf-8' codec can't decode byte 0xed in position 12.,24
1884,Checkbox state does not persist across tab switching,Form input resets when toggling between 'Account' and 'Billing' sub-tabs.,bug,P2-Medium,-1,CONTRIBUTOR,8,Checkbox state does not persist across tab switching,Form input resets when toggling between 'Account' and 'Billing' sub-tabs.,Checkbox state does not persist across tab switching Form input resets when toggling between 'Account' and 'Billing' sub-tabs.,18
1298,[Prod] UnicodeDecodeError when parsing multibyte UTF-8 input,The JSON parser crashes on emoji input with UnicodeDecodeError: 'utf-8' codec can't decode byte 0xed in position 12.,bug,P2-Medium,-1,MEMBER,7,[Prod] UnicodeDecodeError when parsing multibyte UTF-8 input,The JSON parser crashes on emoji input with UnicodeDecodeError: 'utf-8' codec can't decode byte 0xed in position 12.,[Prod] UnicodeDecodeError when parsing multibyte UTF-8 input The JSON parser crashes on emoji input with UnicodeDecodeError: 'utf-8' codec can't decode byte 0xed in position 12.,25
1913,Support CSV export for monthly billing reports,Accounting teams require monthly transactions exported as standard RFC 4180 CSV files with tax breakdown.,feature,P2-Medium,-1,FIRST_TIME_CONTRIBUTOR,4,Support CSV export for monthly billing reports,Accounting teams require monthly transactions exported as standard RFC 4180 CSV files with tax breakdown.,Support CSV export for monthly billing reports Accounting teams require monthly transactions exported as standard RFC 4180 CSV files with tax breakdown.,22
1457,Support CSV export for monthly billing reports,Accounting teams require monthly transactions exported as standard RFC 4180 CSV files with tax breakdown.,feature,P2-Medium,-1,MEMBER,0,Support CSV export for monthly billing reports,Accounting teams require monthly transactions exported as standard RFC 4180 CSV files with tax breakdown.,Support CSV export for monthly billing reports Accounting teams require monthly transactions exported as standard RFC 4180 CSV files with tax breakdown.,22
2238,Fix broken example code in Quickstart tutorial,The quickstart snippet for initializing the client client.connect() causes TypeError: missing 1 required positional argument 'api_key'.,documentation,P2-Medium,-1,CONTRIBUTOR,1,Fix broken example code in Quickstart tutorial,The quickstart snippet for initializing the client client.connect() causes TypeError: missing 1 required positional argument 'api_key'.,Fix broken example code in Quickstart tutorial The quickstart snippet for initializing the client client.connect() causes TypeError: missing 1 required positional argument 'api_key'.,23
1700,Implement bulk item deletion in admin console,Allow administrators to select multiple user records and execute soft-delete in a single batch operation.,feature,P2-Medium,-1,NONE,7,Implement bulk item deletion in admin console,Allow administrators to select multiple user records and execute soft-delete in a single batch operation.,Implement bulk item deletion in admin console Allow administrators to select multiple user records and execute soft-delete in a single batch operation.,22
2354,[Bug Report] Deadlock in order fulfillment distributed lock,Redis distributed lock fails to release when worker process receives SIGTERM during checkout transaction.,bug,P0-Critical,-1,CONTRIBUTOR,8,[Bug Report] Deadlock in order fulfillment distributed lock,Redis distributed lock fails to release when worker process receives SIGTERM during checkout transaction.,[Bug Report] Deadlock in order fulfillment distributed lock Redis distributed lock fails to release when worker process receives SIGTERM during checkout transaction.,22
1780,High CPU utilization in regex router matching,Regex matching in URL routing consumes 85% CPU during high request spikes due to catastrophic backtracking in greedy pattern.,performance,P1-High,-1,MEMBER,3,High CPU utilization in regex router matching,Regex matching in URL routing consumes 85% CPU during high request spikes due to catastrophic backtracking in greedy pattern.,High CPU utilization in regex router matching Regex matching in URL routing consumes 85% CPU during high request spikes due to catastrophic backtracking in greedy pattern.,26
1998,Urgent: Database connection pool exhausted under high concurrency,"HikariCP pool drops active connections after 500 concurrent requests. Error: Connection is not available, request timed out after 30000ms.",bug,P1-High,-1,MEMBER,1,Urgent: Database connection pool exhausted under high concurrency,"HikariCP pool drops active connections after 500 concurrent requests. Error: Connection is not available, request timed out after 30000ms.","Urgent: Database connection pool exhausted under high concurrency HikariCP pool drops active connections after 500 concurrent requests. Error: Connection is not available, request timed out after 30000ms.",27
2105,Slow SQL query on user activity feed endpoint,SELECT * FROM activities WHERE user_id = ? ORDER BY timestamp DESC takes 4.2 seconds on accounts with >50k events. Missing composite index.,performance,P1-High,-1,NONE,7,Slow SQL query on user activity feed endpoint,SELECT * FROM activities WHERE user_id = ? ORDER BY timestamp DESC takes 4.2 seconds on accounts with >50k events. Missing composite index.,Slow SQL query on user activity feed endpoint SELECT * FROM activities WHERE user_id = ? ORDER BY timestamp DESC takes 4.2 seconds on accounts with >50k events. Missing composite index.,31
1853,Memory leak in background token refresh worker,Process RSS memory grows continuously by ~50MB/hour. Profiling indicates unclosed TCP sessions in AuthService.,bug,P1-High,-1,FIRST_TIME_CONTRIBUTOR,7,Memory leak in background token refresh worker,Process RSS memory grows continuously by ~50MB/hour. Profiling indicates unclosed TCP sessions in AuthService.,Memory leak in background token refresh worker Process RSS memory grows continuously by ~50MB/hour. Profiling indicates unclosed TCP sessions in AuthService.,21
2422,[Prod] UnicodeDecodeError when parsing multibyte UTF-8 input,The JSON parser crashes on emoji input with UnicodeDecodeError: 'utf-8' codec can't decode byte 0xed in position 12.,bug,P2-Medium,-1,NONE,3,[Prod] UnicodeDecodeError when parsing multibyte UTF-8 input,The JSON parser crashes on emoji input with UnicodeDecodeError: 'utf-8' codec can't decode byte 0xed in position 12.,[Prod] UnicodeDecodeError when parsing multibyte UTF-8 input The JSON parser crashes on emoji input with UnicodeDecodeError: 'utf-8' codec can't decode byte 0xed in position 12.,25
1854,Document Docker Compose local setup steps,Add troubleshooting section for port conflicts on Windows WSL2 when starting PostgreSQL container.,documentation,P3-Low,-1,FIRST_TIME_CONTRIBUTOR,1,Document Docker Compose local setup steps,Add troubleshooting section for port conflicts on Windows WSL2 when starting PostgreSQL container.,Document Docker Compose local setup steps Add troubleshooting section for port conflicts on Windows WSL2 when starting PostgreSQL container.,19
1936,Dark mode theme preference toggle,Implement automatic dark mode switching based on CSS prefers-color-scheme media query.,feature,P3-Low,-1,FIRST_TIME_CONTRIBUTOR,4,Dark mode theme preference toggle,Implement automatic dark mode switching based on CSS prefers-color-scheme media query.,Dark mode theme preference toggle Implement automatic dark mode switching based on CSS prefers-color-scheme media query.,16
1987,UnicodeDecodeError when parsing multibyte UTF-8 input,The JSON parser crashes on emoji input with UnicodeDecodeError: 'utf-8' codec can't decode byte 0xed in position 12.,bug,P2-Medium,-1,FIRST_TIME_CONTRIBUTOR,0,UnicodeDecodeError when parsing multibyte UTF-8 input,The JSON parser crashes on emoji input with UnicodeDecodeError: 'utf-8' codec can't decode byte 0xed in position 12.,UnicodeDecodeError when parsing multibyte UTF-8 input The JSON parser crashes on emoji input with UnicodeDecodeError: 'utf-8' codec can't decode byte 0xed in position 12.,24
1150,[Bug Report] Broken hyperlink in settings footer,Clicking 'Terms of Service' in user settings redirects to 404 page.,bug,P3-Low,-1,MEMBER,4,[Bug Report] Broken hyperlink in settings footer,Clicking 'Terms of Service' in user settings redirects to 404 page.,[Bug Report] Broken hyperlink in settings footer Clicking 'Terms of Service' in user settings redirects to 404 page.,18
2022,[Bug Report] Deadlock in order fulfillment distributed lock,Redis distributed lock fails to release when worker process receives SIGTERM during checkout transaction.,bug,P0-Critical,-1,CONTRIBUTOR,19,[Bug Report] Deadlock in order fulfillment distributed lock,Redis distributed lock fails to release when worker process receives SIGTERM during checkout transaction.,[Bug Report] Deadlock in order fulfillment distributed lock Redis distributed lock fails to release when worker process receives SIGTERM during checkout transaction.,22
1063,[Prod] SQL Injection vulnerability in search filter query,The 'filter' parameter in /api/v1/search is concatenated directly into the SQL string without parameterized binding. Exploitable via ' OR 1=1 --,security,P0-Critical,-1,NONE,7,[Prod] SQL Injection vulnerability in search filter query,The 'filter' parameter in /api/v1/search is concatenated directly into the SQL string without parameterized binding. Exploitable via ' OR 1=1 --,[Prod] SQL Injection vulnerability in search filter query The 'filter' parameter in /api/v1/search is concatenated directly into the SQL string without parameterized binding. Exploitable via ' OR 1=1 --,29
1653,Fix broken example code in Quickstart tutorial,The quickstart snippet for initializing the client client.connect() causes TypeError: missing 1 required positional argument 'api_key'.,documentation,P2-Medium,-1,CONTRIBUTOR,0,Fix broken example code in Quickstart tutorial,The quickstart snippet for initializing the client client.connect() causes TypeError: missing 1 required positional argument 'api_key'.,Fix broken example code in Quickstart tutorial The quickstart snippet for initializing the client client.connect() causes TypeError: missing 1 required positional argument 'api_key'.,23
1329,Question: UnicodeDecodeError when parsing multibyte UTF-8 input,The JSON parser crashes on emoji input with UnicodeDecodeError: 'utf-8' codec can't decode byte 0xed in position 12.,bug,P2-Medium,-1,FIRST_TIME_CONTRIBUTOR,3,Question: UnicodeDecodeError when parsing multibyte UTF-8 input,The JSON parser crashes on emoji input with UnicodeDecodeError: 'utf-8' codec can't decode byte 0xed in position 12.,Question: UnicodeDecodeError when parsing multibyte UTF-8 input The JSON parser crashes on emoji input with UnicodeDecodeError: 'utf-8' codec can't decode byte 0xed in position 12.,25
2305,[Bug Report] NullPointerException on user checkout,"When calling POST /api/v1/checkout with an empty cart item list, server throws NullPointerException at CheckoutService.java:142. Expected HTTP 400 Bad Request.",bug,P0-Critical,-1,CONTRIBUTOR,7,[Bug Report] NullPointerException on user checkout,"When calling POST /api/v1/checkout with an empty cart item list, server throws NullPointerException at CheckoutService.java:142. Expected HTTP 400 Bad Request.","[Bug Report] NullPointerException on user checkout When calling POST /api/v1/checkout with an empty cart item list, server throws NullPointerException at CheckoutService.java:142. Expected HTTP 400 Bad Request.",26
1335,Update API documentation for v2 authentication header,"The current Swagger docs show 'Authorization: Token <key>', but v2 requires 'Authorization: Bearer <jwt>'.",documentation,P2-Medium,-1,NONE,4,Update API documentation for v2 authentication header,"The current Swagger docs show 'Authorization: Token <key>', but v2 requires 'Authorization: Bearer <jwt>'.","Update API documentation for v2 authentication header The current Swagger docs show 'Authorization: Token <key>', but v2 requires 'Authorization: Bearer <jwt>'.",21
1408,API gateway p99 latency spikes above 1200ms,Downstream microservice connection timeouts lead to thread starvation in the upstream edge gateway.,performance,P1-High,-1,CONTRIBUTOR,3,API gateway p99 latency spikes above 1200ms,Downstream microservice connection timeouts lead to thread starvation in the upstream edge gateway.,API gateway p99 latency spikes above 1200ms Downstream microservice connection timeouts lead to thread starvation in the upstream edge gateway.,20
2148,Urgent: Broken hyperlink in settings footer,Clicking 'Terms of Service' in user settings redirects to 404 page.,bug,P3-Low,-1,CONTRIBUTOR,7,Urgent: Broken hyperlink in settings footer,Clicking 'Terms of Service' in user settings redirects to 404 page.,Urgent: Broken hyperlink in settings footer Clicking 'Terms of Service' in user settings redirects to 404 page.,17
2318,Add support for OAuth2 Google Login,Users need the ability to authenticate via Google OAuth2 with PKCE flow. Needs configuration for client ID and secret.,feature,P2-Medium,-1,FIRST_TIME_CONTRIBUTOR,0,Add support for OAuth2 Google Login,Users need the ability to authenticate via Google OAuth2 with PKCE flow. Needs configuration for client ID and secret.,Add support for OAuth2 Google Login Users need the ability to authenticate via Google OAuth2 with PKCE flow. Needs configuration for client ID and secret.,25
2161,Question: Deadlock in order fulfillment distributed lock,Redis distributed lock fails to release when worker process receives SIGTERM during checkout transaction.,bug,P0-Critical,-1,NONE,9,Question: Deadlock in order fulfillment distributed lock,Redis distributed lock fails to release when worker process receives SIGTERM during checkout transaction.,Question: Deadlock in order fulfillment distributed lock Redis distributed lock fails to release when worker process receives SIGTERM during checkout transaction.,21
1757,Urgent: Deadlock in order fulfillment distributed lock,Redis distributed lock fails to release when worker process receives SIGTERM during checkout transaction.,bug,P0-Critical,-1,MEMBER,15,Urgent: Deadlock in order fulfillment distributed lock,Redis distributed lock fails to release when worker process receives SIGTERM during checkout transaction.,Urgent: Deadlock in order fulfillment distributed lock Redis distributed lock fails to release when worker process receives SIGTERM during checkout transaction.,21
2425,API gateway p99 latency spikes above 1200ms,Downstream microservice connection timeouts lead to thread starvation in the upstream edge gateway.,performance,P1-High,-1,CONTRIBUTOR,7,API gateway p99 latency spikes above 1200ms,Downstream microservice connection timeouts lead to thread starvation in the upstream edge gateway.,API gateway p99 latency spikes above 1200ms Downstream microservice connection timeouts lead to thread starvation in the upstream edge gateway.,20
1599,[Prod] Broken hyperlink in settings footer,Clicking 'Terms of Service' in user settings redirects to 404 page.,bug,P3-Low,-1,FIRST_TIME_CONTRIBUTOR,7,[Prod] Broken hyperlink in settings footer,Clicking 'Terms of Service' in user settings redirects to 404 page.,[Prod] Broken hyperlink in settings footer Clicking 'Terms of Service' in user settings redirects to 404 page.,17
1354,Add architecture diagram to README,The repository needs an updated high-level diagram explaining the microservice event bus flow.,documentation,P3-Low,-1,NONE,2,Add architecture diagram to README,The repository needs an updated high-level diagram explaining the microservice event bus flow.,Add architecture diagram to README The repository needs an updated high-level diagram explaining the microservice event bus flow.,18
2145,[Bug Report] CSS overflow issue on mobile navigation drawer,"On iOS Safari viewport < 375px, the slide-over menu items clip outside the right screen border.",bug,P3-Low,-1,MEMBER,0,[Bug Report] CSS overflow issue on mobile navigation drawer,"On iOS Safari viewport < 375px, the slide-over menu items clip outside the right screen border.","[Bug Report] CSS overflow issue on mobile navigation drawer On iOS Safari viewport < 375px, the slide-over menu items clip outside the right screen border.",25
1861,Update API documentation for v2 authentication header,"The current Swagger docs show 'Authorization: Token <key>', but v2 requires 'Authorization: Bearer <jwt>'.",documentation,P2-Medium,-1,CONTRIBUTOR,1,Update API documentation for v2 authentication header,"The current Swagger docs show 'Authorization: Token <key>', but v2 requires 'Authorization: Bearer <jwt>'.","Update API documentation for v2 authentication header The current Swagger docs show 'Authorization: Token <key>', but v2 requires 'Authorization: Bearer <jwt>'.",21
1451,Add support for OAuth2 Google Login,Users need the ability to authenticate via Google OAuth2 with PKCE flow. Needs configuration for client ID and secret.,feature,P2-Medium,-1,FIRST_TIME_CONTRIBUTOR,2,Add support for OAuth2 Google Login,Users need the ability to authenticate via Google OAuth2 with PKCE flow. Needs configuration for client ID and secret.,Add support for OAuth2 Google Login Users need the ability to authenticate via Google OAuth2 with PKCE flow. Needs configuration for client ID and secret.,25
1264,Document Docker Compose local setup steps,Add troubleshooting section for port conflicts on Windows WSL2 when starting PostgreSQL container.,documentation,P3-Low,-1,NONE,1,Document Docker Compose local setup steps,Add troubleshooting section for port conflicts on Windows WSL2 when starting PostgreSQL container.,Document Docker Compose local setup steps Add troubleshooting section for port conflicts on Windows WSL2 when starting PostgreSQL container.,19
1775,Urgent: Checkbox state does not persist across tab switching,Form input resets when toggling between 'Account' and 'Billing' sub-tabs.,bug,P2-Medium,-1,NONE,6,Urgent: Checkbox state does not persist across tab switching,Form input resets when toggling between 'Account' and 'Billing' sub-tabs.,Urgent: Checkbox state does not persist across tab switching Form input resets when toggling between 'Account' and 'Billing' sub-tabs.,19
1849,NullPointerException on user checkout,"When calling POST /api/v1/checkout with an empty cart item list, server throws NullPointerException at CheckoutService.java:142. Expected HTTP 400 Bad Request.",bug,P0-Critical,-1,CONTRIBUTOR,25,NullPointerException on user checkout,"When calling POST /api/v1/checkout with an empty cart item list, server throws NullPointerException at CheckoutService.java:142. Expected HTTP 400 Bad Request.","NullPointerException on user checkout When calling POST /api/v1/checkout with an empty cart item list, server throws NullPointerException at CheckoutService.java:142. Expected HTTP 400 Bad Request.",24
2239,[Feature Request] NullPointerException on user checkout,"When calling POST /api/v1/checkout with an empty cart item list, server throws NullPointerException at CheckoutService.java:142. Expected HTTP 400 Bad Request.",bug,P0-Critical,-1,NONE,17,[Feature Request] NullPointerException on user checkout,"When calling POST /api/v1/checkout with an empty cart item list, server throws NullPointerException at CheckoutService.java:142. Expected HTTP 400 Bad Request.","[Feature Request] NullPointerException on user checkout When calling POST /api/v1/checkout with an empty cart item list, server throws NullPointerException at CheckoutService.java:142. Expected HTTP 400 Bad Request.",26
2177,Update API documentation for v2 authentication header,"The current Swagger docs show 'Authorization: Token <key>', but v2 requires 'Authorization: Bearer <jwt>'.",documentation,P2-Medium,-1,FIRST_TIME_CONTRIBUTOR,2,Update API documentation for v2 authentication header,"The current Swagger docs show 'Authorization: Token <key>', but v2 requires 'Authorization: Bearer <jwt>'.","Update API documentation for v2 authentication header The current Swagger docs show 'Authorization: Token <key>', but v2 requires 'Authorization: Bearer <jwt>'.",21
1500,Add webhook notifications for payment success,Developers need outbound HTTP webhooks triggered on invoice.paid events with signature verification header.,feature,P1-High,-1,CONTRIBUTOR,8,Add webhook notifications for payment success,Developers need outbound HTTP webhooks triggered on invoice.paid events with signature verification header.,Add webhook notifications for payment success Developers need outbound HTTP webhooks triggered on invoice.paid events with signature verification header.,19
1904,Dark mode theme preference toggle,Implement automatic dark mode switching based on CSS prefers-color-scheme media query.,feature,P3-Low,-1,MEMBER,0,Dark mode theme preference toggle,Implement automatic dark mode switching based on CSS prefers-color-scheme media query.,Dark mode theme preference toggle Implement automatic dark mode switching based on CSS prefers-color-scheme media query.,16
1522,Urgent: Broken hyperlink in settings footer,Clicking 'Terms of Service' in user settings redirects to 404 page.,bug,P3-Low,-1,NONE,4,Urgent: Broken hyperlink in settings footer,Clicking 'Terms of Service' in user settings redirects to 404 page.,Urgent: Broken hyperlink in settings footer Clicking 'Terms of Service' in user settings redirects to 404 page.,17
2331,Urgent: Database connection pool exhausted under high concurrency,"HikariCP pool drops active connections after 500 concurrent requests. Error: Connection is not available, request timed out after 30000ms.",bug,P1-High,-1,FIRST_TIME_CONTRIBUTOR,4,Urgent: Database connection pool exhausted under high concurrency,"HikariCP pool drops active connections after 500 concurrent requests. Error: Connection is not available, request timed out after 30000ms.","Urgent: Database connection pool exhausted under high concurrency HikariCP pool drops active connections after 500 concurrent requests. Error: Connection is not available, request timed out after 30000ms.",27
2477,Urgent: Memory leak in background token refresh worker,Process RSS memory grows continuously by ~50MB/hour. Profiling indicates unclosed TCP sessions in AuthService.,bug,P1-High,-1,NONE,1,Urgent: Memory leak in background token refresh worker,Process RSS memory grows continuously by ~50MB/hour. Profiling indicates unclosed TCP sessions in AuthService.,Urgent: Memory leak in background token refresh worker Process RSS memory grows continuously by ~50MB/hour. Profiling indicates unclosed TCP sessions in AuthService.,22
1793,Implement bulk item deletion in admin console,Allow administrators to select multiple user records and execute soft-delete in a single batch operation.,feature,P2-Medium,-1,MEMBER,3,Implement bulk item deletion in admin console,Allow administrators to select multiple user records and execute soft-delete in a single batch operation.,Implement bulk item deletion in admin console Allow administrators to select multiple user records and execute soft-delete in a single batch operation.,22
2319,Question: Database connection pool exhausted under high concurrency,"HikariCP pool drops active connections after 500 concurrent requests. Error: Connection is not available, request timed out after 30000ms.",bug,P1-High,-1,MEMBER,7,Question: Database connection pool exhausted under high concurrency,"HikariCP pool drops active connections after 500 concurrent requests. Error: Connection is not available, request timed out after 30000ms.","Question: Database connection pool exhausted under high concurrency HikariCP pool drops active connections after 500 concurrent requests. Error: Connection is not available, request timed out after 30000ms.",27
1355,Question: UnicodeDecodeError when parsing multibyte UTF-8 input,The JSON parser crashes on emoji input with UnicodeDecodeError: 'utf-8' codec can't decode byte 0xed in position 12.,bug,P2-Medium,-1,FIRST_TIME_CONTRIBUTOR,2,Question: UnicodeDecodeError when parsing multibyte UTF-8 input,The JSON parser crashes on emoji input with UnicodeDecodeError: 'utf-8' codec can't decode byte 0xed in position 12.,Question: UnicodeDecodeError when parsing multibyte UTF-8 input The JSON parser crashes on emoji input with UnicodeDecodeError: 'utf-8' codec can't decode byte 0xed in position 12.,25
2419,Support CSV export for monthly billing reports,Accounting teams require monthly transactions exported as standard RFC 4180 CSV files with tax breakdown.,feature,P2-Medium,-1,MEMBER,2,Support CSV export for monthly billing reports,Accounting teams require monthly transactions exported as standard RFC 4180 CSV files with tax breakdown.,Support CSV export for monthly billing reports Accounting teams require monthly transactions exported as standard RFC 4180 CSV files with tax breakdown.,22
1025,API gateway p99 latency spikes above 1200ms,Downstream microservice connection timeouts lead to thread starvation in the upstream edge gateway.,performance,P1-High,-1,MEMBER,2,API gateway p99 latency spikes above 1200ms,Downstream microservice connection timeouts lead to thread starvation in the upstream edge gateway.,API gateway p99 latency spikes above 1200ms Downstream microservice connection timeouts lead to thread starvation in the upstream edge gateway.,20
1158,[Prod] CSS overflow issue on mobile navigation drawer,"On iOS Safari viewport < 375px, the slide-over menu items clip outside the right screen border.",bug,P3-Low,-1,FIRST_TIME_CONTRIBUTOR,3,[Prod] CSS overflow issue on mobile navigation drawer,"On iOS Safari viewport < 375px, the slide-over menu items clip outside the right screen border.","[Prod] CSS overflow issue on mobile navigation drawer On iOS Safari viewport < 375px, the slide-over menu items clip outside the right screen border.",24
1774,Dark mode theme preference toggle,Implement automatic dark mode switching based on CSS prefers-color-scheme media query.,feature,P3-Low,-1,MEMBER,3,Dark mode theme preference toggle,Implement automatic dark mode switching based on CSS prefers-color-scheme media query.,Dark mode theme preference toggle Implement automatic dark mode switching based on CSS prefers-color-scheme media query.,16
2115,Optimize Docker image layer caching to speed up CI,Re-installing heavy Python packages on every single commit causes CI build times to exceed 18 minutes.,performance,P2-Medium,-1,MEMBER,8,Optimize Docker image layer caching to speed up CI,Re-installing heavy Python packages on every single commit causes CI build times to exceed 18 minutes.,Optimize Docker image layer caching to speed up CI Re-installing heavy Python packages on every single commit causes CI build times to exceed 18 minutes.,25
1350,Support CSV export for monthly billing reports,Accounting teams require monthly transactions exported as standard RFC 4180 CSV files with tax breakdown.,feature,P2-Medium,-1,MEMBER,1,Support CSV export for monthly billing reports,Accounting teams require monthly transactions exported as standard RFC 4180 CSV files with tax breakdown.,Support CSV export for monthly billing reports Accounting teams require monthly transactions exported as standard RFC 4180 CSV files with tax breakdown.,22
1883,Add architecture diagram to README,The repository needs an updated high-level diagram explaining the microservice event bus flow.,documentation,P3-Low,-1,NONE,3,Add architecture diagram to README,The repository needs an updated high-level diagram explaining the microservice event bus flow.,Add architecture diagram to README The repository needs an updated high-level diagram explaining the microservice event bus flow.,18
1930,Memory leak in background token refresh worker,Process RSS memory grows continuously by ~50MB/hour. Profiling indicates unclosed TCP sessions in AuthService.,bug,P1-High,-1,NONE,4,Memory leak in background token refresh worker,Process RSS memory grows continuously by ~50MB/hour. Profiling indicates unclosed TCP sessions in AuthService.,Memory leak in background token refresh worker Process RSS memory grows continuously by ~50MB/hour. Profiling indicates unclosed TCP sessions in AuthService.,21
1897,Support CSV export for monthly billing reports,Accounting teams require monthly transactions exported as standard RFC 4180 CSV files with tax breakdown.,feature,P2-Medium,-1,NONE,8,Support CSV export for monthly billing reports,Accounting teams require monthly transactions exported as standard RFC 4180 CSV files with tax breakdown.,Support CSV export for monthly billing reports Accounting teams require monthly transactions exported as standard RFC 4180 CSV files with tax breakdown.,22
1436,Dark mode theme preference toggle,Implement automatic dark mode switching based on CSS prefers-color-scheme media query.,feature,P3-Low,-1,CONTRIBUTOR,7,Dark mode theme preference toggle,Implement automatic dark mode switching based on CSS prefers-color-scheme media query.,Dark mode theme preference toggle Implement automatic dark mode switching based on CSS prefers-color-scheme media query.,16
1889,Optimize Docker image layer caching to speed up CI,Re-installing heavy Python packages on every single commit causes CI build times to exceed 18 minutes.,performance,P2-Medium,-1,CONTRIBUTOR,8,Optimize Docker image layer caching to speed up CI,Re-installing heavy Python packages on every single commit causes CI build times to exceed 18 minutes.,Optimize Docker image layer caching to speed up CI Re-installing heavy Python packages on every single commit causes CI build times to exceed 18 minutes.,25
2284,Missing CSRF token validation on password change endpoint,POST /api/v1/user/password-reset accepts cross-origin state-changing requests without checking X-CSRF-Token.,security,P0-Critical,-1,FIRST_TIME_CONTRIBUTOR,9,Missing CSRF token validation on password change endpoint,POST /api/v1/user/password-reset accepts cross-origin state-changing requests without checking X-CSRF-Token.,Missing CSRF token validation on password change endpoint POST /api/v1/user/password-reset accepts cross-origin state-changing requests without checking X-CSRF-Token.,17
1992,[Prod] NullPointerException on user checkout,"When calling POST /api/v1/checkout with an empty cart item list, server throws NullPointerException at CheckoutService.java:142. Expected HTTP 400 Bad Request.",bug,P0-Critical,-1,MEMBER,7,[Prod] NullPointerException on user checkout,"When calling POST /api/v1/checkout with an empty cart item list, server throws NullPointerException at CheckoutService.java:142. Expected HTTP 400 Bad Request.","[Prod] NullPointerException on user checkout When calling POST /api/v1/checkout with an empty cart item list, server throws NullPointerException at CheckoutService.java:142. Expected HTTP 400 Bad Request.",25
1042,[Feature Request] Insecure direct object reference (IDOR) on document download,Authenticated users can access arbitrary tenant invoices by altering the numeric invoice_id in the URL.,security,P0-Critical,-1,FIRST_TIME_CONTRIBUTOR,21,[Feature Request] Insecure direct object reference (IDOR) on document download,Authenticated users can access arbitrary tenant invoices by altering the numeric invoice_id in the URL.,[Feature Request] Insecure direct object reference (IDOR) on document download Authenticated users can access arbitrary tenant invoices by altering the numeric invoice_id in the URL.,25
1392,[Bug Report] Memory leak in background token refresh worker,Process RSS memory grows continuously by ~50MB/hour. Profiling indicates unclosed TCP sessions in AuthService.,bug,P1-High,-1,MEMBER,8,[Bug Report] Memory leak in background token refresh worker,Process RSS memory grows continuously by ~50MB/hour. Profiling indicates unclosed TCP sessions in AuthService.,[Bug Report] Memory leak in background token refresh worker Process RSS memory grows continuously by ~50MB/hour. Profiling indicates unclosed TCP sessions in AuthService.,23
1644,[Prod] Insecure direct object reference (IDOR) on document download,Authenticated users can access arbitrary tenant invoices by altering the numeric invoice_id in the URL.,security,P0-Critical,-1,FIRST_TIME_CONTRIBUTOR,17,[Prod] Insecure direct object reference (IDOR) on document download,Authenticated users can access arbitrary tenant invoices by altering the numeric invoice_id in the URL.,[Prod] Insecure direct object reference (IDOR) on document download Authenticated users can access arbitrary tenant invoices by altering the numeric invoice_id in the URL.,24
2131,[Bug Report] NullPointerException on user checkout,"When calling POST /api/v1/checkout with an empty cart item list, server throws NullPointerException at CheckoutService.java:142. Expected HTTP 400 Bad Request.",bug,P0-Critical,-1,CONTRIBUTOR,22,[Bug Report] NullPointerException on user checkout,"When calling POST /api/v1/checkout with an empty cart item list, server throws NullPointerException at CheckoutService.java:142. Expected HTTP 400 Bad Request.","[Bug Report] NullPointerException on user checkout When calling POST /api/v1/checkout with an empty cart item list, server throws NullPointerException at CheckoutService.java:142. Expected HTTP 400 Bad Request.",26
1380,CSS overflow issue on mobile navigation drawer,"On iOS Safari viewport < 375px, the slide-over menu items clip outside the right screen border.",bug,P3-Low,-1,CONTRIBUTOR,7,CSS overflow issue on mobile navigation drawer,"On iOS Safari viewport < 375px, the slide-over menu items clip outside the right screen border.","CSS overflow issue on mobile navigation drawer On iOS Safari viewport < 375px, the slide-over menu items clip outside the right screen border.",23
1066,[Bug Report] UnicodeDecodeError when parsing multibyte UTF-8 input,The JSON parser crashes on emoji input with UnicodeDecodeError: 'utf-8' codec can't decode byte 0xed in position 12.,bug,P2-Medium,-1,MEMBER,3,[Bug Report] UnicodeDecodeError when parsing multibyte UTF-8 input,The JSON parser crashes on emoji input with UnicodeDecodeError: 'utf-8' codec can't decode byte 0xed in position 12.,[Bug Report] UnicodeDecodeError when parsing multibyte UTF-8 input The JSON parser crashes on emoji input with UnicodeDecodeError: 'utf-8' codec can't decode byte 0xed in position 12.,26
1707,Fix broken example code in Quickstart tutorial,The quickstart snippet for initializing the client client.connect() causes TypeError: missing 1 required positional argument 'api_key'.,documentation,P2-Medium,-1,NONE,2,Fix broken example code in Quickstart tutorial,The quickstart snippet for initializing the client client.connect() causes TypeError: missing 1 required positional argument 'api_key'.,Fix broken example code in Quickstart tutorial The quickstart snippet for initializing the client client.connect() causes TypeError: missing 1 required positional argument 'api_key'.,23
1291,[Prod] Memory leak in background token refresh worker,Process RSS memory grows continuously by ~50MB/hour. Profiling indicates unclosed TCP sessions in AuthService.,bug,P1-High,-1,MEMBER,4,[Prod] Memory leak in background token refresh worker,Process RSS memory grows continuously by ~50MB/hour. Profiling indicates unclosed TCP sessions in AuthService.,[Prod] Memory leak in background token refresh worker Process RSS memory grows continuously by ~50MB/hour. Profiling indicates unclosed TCP sessions in AuthService.,22
1334,[Bug Report] Checkbox state does not persist across tab switching,Form input resets when toggling between 'Account' and 'Billing' sub-tabs.,bug,P2-Medium,-1,NONE,8,[Bug Report] Checkbox state does not persist across tab switching,Form input resets when toggling between 'Account' and 'Billing' sub-tabs.,[Bug Report] Checkbox state does not persist across tab switching Form input resets when toggling between 'Account' and 'Billing' sub-tabs.,20
1835,Optimize Docker image layer caching to speed up CI,Re-installing heavy Python packages on every single commit causes CI build times to exceed 18 minutes.,performance,P2-Medium,-1,FIRST_TIME_CONTRIBUTOR,5,Optimize Docker image layer caching to speed up CI,Re-installing heavy Python packages on every single commit causes CI build times to exceed 18 minutes.,Optimize Docker image layer caching to speed up CI Re-installing heavy Python packages on every single commit causes CI build times to exceed 18 minutes.,25
2427,Question: Insecure direct object reference (IDOR) on document download,Authenticated users can access arbitrary tenant invoices by altering the numeric invoice_id in the URL.,security,P0-Critical,-1,MEMBER,27,Question: Insecure direct object reference (IDOR) on document download,Authenticated users can access arbitrary tenant invoices by altering the numeric invoice_id in the URL.,Question: Insecure direct object reference (IDOR) on document download Authenticated users can access arbitrary tenant invoices by altering the numeric invoice_id in the URL.,24
2449,Fix broken example code in Quickstart tutorial,The quickstart snippet for initializing the client client.connect() causes TypeError: missing 1 required positional argument 'api_key'.,documentation,P2-Medium,-1,MEMBER,4,Fix broken example code in Quickstart tutorial,The quickstart snippet for initializing the client client.connect() causes TypeError: missing 1 required positional argument 'api_key'.,Fix broken example code in Quickstart tutorial The quickstart snippet for initializing the client client.connect() causes TypeError: missing 1 required positional argument 'api_key'.,23
1956,Question: Database connection pool exhausted under high concurrency,"HikariCP pool drops active connections after 500 concurrent requests. Error: Connection is not available, request timed out after 30000ms.",bug,P1-High,-1,FIRST_TIME_CONTRIBUTOR,3,Question: Database connection pool exhausted under high concurrency,"HikariCP pool drops active connections after 500 concurrent requests. Error: Connection is not available, request timed out after 30000ms.","Question: Database connection pool exhausted under high concurrency HikariCP pool drops active connections after 500 concurrent requests. Error: Connection is not available, request timed out after 30000ms.",27
1687,Update API documentation for v2 authentication header,"The current Swagger docs show 'Authorization: Token <key>', but v2 requires 'Authorization: Bearer <jwt>'.",documentation,P2-Medium,-1,MEMBER,3,Update API documentation for v2 authentication header,"The current Swagger docs show 'Authorization: Token <key>', but v2 requires 'Authorization: Bearer <jwt>'.","Update API documentation for v2 authentication header The current Swagger docs show 'Authorization: Token <key>', but v2 requires 'Authorization: Bearer <jwt>'.",21
1672,Deadlock in order fulfillment distributed lock,Redis distributed lock fails to release when worker process receives SIGTERM during checkout transaction.,bug,P0-Critical,-1,MEMBER,12,Deadlock in order fulfillment distributed lock,Redis distributed lock fails to release when worker process receives SIGTERM during checkout transaction.,Deadlock in order fulfillment distributed lock Redis distributed lock fails to release when worker process receives SIGTERM during checkout transaction.,20
1387,Question: Deadlock in order fulfillment distributed lock,Redis distributed lock fails to release when worker process receives SIGTERM during checkout transaction.,bug,P0-Critical,-1,FIRST_TIME_CONTRIBUTOR,28,Question: Deadlock in order fulfillment distributed lock,Redis distributed lock fails to release when worker process receives SIGTERM during checkout transaction.,Question: Deadlock in order fulfillment distributed lock Redis distributed lock fails to release when worker process receives SIGTERM during checkout transaction.,21
1476,Dark mode theme preference toggle,Implement automatic dark mode switching based on CSS prefers-color-scheme media query.,feature,P3-Low,-1,FIRST_TIME_CONTRIBUTOR,0,Dark mode theme preference toggle,Implement automatic dark mode switching based on CSS prefers-color-scheme media query.,Dark mode theme preference toggle Implement automatic dark mode switching based on CSS prefers-color-scheme media query.,16
1809,Add webhook notifications for payment success,Developers need outbound HTTP webhooks triggered on invoice.paid events with signature verification header.,feature,P1-High,-1,FIRST_TIME_CONTRIBUTOR,6,Add webhook notifications for payment success,Developers need outbound HTTP webhooks triggered on invoice.paid events with signature verification header.,Add webhook notifications for payment success Developers need outbound HTTP webhooks triggered on invoice.paid events with signature verification header.,19
2019,[Prod] Broken hyperlink in settings footer,Clicking 'Terms of Service' in user settings redirects to 404 page.,bug,P3-Low,-1,MEMBER,8,[Prod] Broken hyperlink in settings footer,Clicking 'Terms of Service' in user settings redirects to 404 page.,[Prod] Broken hyperlink in settings footer Clicking 'Terms of Service' in user settings redirects to 404 page.,17
1544,Add architecture diagram to README,The repository needs an updated high-level diagram explaining the microservice event bus flow.,documentation,P3-Low,-1,NONE,5,Add architecture diagram to README,The repository needs an updated high-level diagram explaining the microservice event bus flow.,Add architecture diagram to README The repository needs an updated high-level diagram explaining the microservice event bus flow.,18
2451,Memory leak in background token refresh worker,Process RSS memory grows continuously by ~50MB/hour. Profiling indicates unclosed TCP sessions in AuthService.,bug,P1-High,-1,MEMBER,1,Memory leak in background token refresh worker,Process RSS memory grows continuously by ~50MB/hour. Profiling indicates unclosed TCP sessions in AuthService.,Memory leak in background token refresh worker Process RSS memory grows continuously by ~50MB/hour. Profiling indicates unclosed TCP sessions in AuthService.,21
1799,[Feature Request] Broken hyperlink in settings footer,Clicking 'Terms of Service' in user settings redirects to 404 page.,bug,P3-Low,-1,MEMBER,5,[Feature Request] Broken hyperlink in settings footer,Clicking 'Terms of Service' in user settings redirects to 404 page.,[Feature Request] Broken hyperlink in settings footer Clicking 'Terms of Service' in user settings redirects to 404 page.,18
1269,[Feature Request] Memory leak in background token refresh worker,Process RSS memory grows continuously by ~50MB/hour. Profiling indicates unclosed TCP sessions in AuthService.,bug,P1-High,-1,FIRST_TIME_CONTRIBUTOR,5,[Feature Request] Memory leak in background token refresh worker,Process RSS memory grows continuously by ~50MB/hour. Profiling indicates unclosed TCP sessions in AuthService.,[Feature Request] Memory leak in background token refresh worker Process RSS memory grows continuously by ~50MB/hour. Profiling indicates unclosed TCP sessions in AuthService.,23
2421,[Bug Report] NullPointerException on user checkout,"When calling POST /api/v1/checkout with an empty cart item list, server throws NullPointerException at CheckoutService.java:142. Expected HTTP 400 Bad Request.",bug,P0-Critical,-1,CONTRIBUTOR,23,[Bug Report] NullPointerException on user checkout,"When calling POST /api/v1/checkout with an empty cart item list, server throws NullPointerException at CheckoutService.java:142. Expected HTTP 400 Bad Request.","[Bug Report] NullPointerException on user checkout When calling POST /api/v1/checkout with an empty cart item list, server throws NullPointerException at CheckoutService.java:142. Expected HTTP 400 Bad Request.",26
1680,[Prod] CSS overflow issue on mobile navigation drawer,"On iOS Safari viewport < 375px, the slide-over menu items clip outside the right screen border.",bug,P3-Low,-1,MEMBER,4,[Prod] CSS overflow issue on mobile navigation drawer,"On iOS Safari viewport < 375px, the slide-over menu items clip outside the right screen border.","[Prod] CSS overflow issue on mobile navigation drawer On iOS Safari viewport < 375px, the slide-over menu items clip outside the right screen border.",24
1999,Urgent: Database connection pool exhausted under high concurrency,"HikariCP pool drops active connections after 500 concurrent requests. Error: Connection is not available, request timed out after 30000ms.",bug,P1-High,-1,MEMBER,4,Urgent: Database connection pool exhausted under high concurrency,"HikariCP pool drops active connections after 500 concurrent requests. Error: Connection is not available, request timed out after 30000ms.","Urgent: Database connection pool exhausted under high concurrency HikariCP pool drops active connections after 500 concurrent requests. Error: Connection is not available, request timed out after 30000ms.",27
1819,[Feature Request] NullPointerException on user checkout,"When calling POST /api/v1/checkout with an empty cart item list, server throws NullPointerException at CheckoutService.java:142. Expected HTTP 400 Bad Request.",bug,P0-Critical,-1,MEMBER,25,[Feature Request] NullPointerException on user checkout,"When calling POST /api/v1/checkout with an empty cart item list, server throws NullPointerException at CheckoutService.java:142. Expected HTTP 400 Bad Request.","[Feature Request] NullPointerException on user checkout When calling POST /api/v1/checkout with an empty cart item list, server throws NullPointerException at CheckoutService.java:142. Expected HTTP 400 Bad Request.",26
1537,Question: CSS overflow issue on mobile navigation drawer,"On iOS Safari viewport < 375px, the slide-over menu items clip outside the right screen border.",bug,P3-Low,-1,MEMBER,1,Question: CSS overflow issue on mobile navigation drawer,"On iOS Safari viewport < 375px, the slide-over menu items clip outside the right screen border.","Question: CSS overflow issue on mobile navigation drawer On iOS Safari viewport < 375px, the slide-over menu items clip outside the right screen border.",24
1174,Implement bulk item deletion in admin console,Allow administrators to select multiple user records and execute soft-delete in a single batch operation.,feature,P2-Medium,-1,MEMBER,7,Implement bulk item deletion in admin console,Allow administrators to select multiple user records and execute soft-delete in a single batch operation.,Implement bulk item deletion in admin console Allow administrators to select multiple user records and execute soft-delete in a single batch operation.,22
1619,[Prod] Deadlock in order fulfillment distributed lock,Redis distributed lock fails to release when worker process receives SIGTERM during checkout transaction.,bug,P0-Critical,-1,MEMBER,20,[Prod] Deadlock in order fulfillment distributed lock,Redis distributed lock fails to release when worker process receives SIGTERM during checkout transaction.,[Prod] Deadlock in order fulfillment distributed lock Redis distributed lock fails to release when worker process receives SIGTERM during checkout transaction.,21
1609,Implement bulk item deletion in admin console,Allow administrators to select multiple user records and execute soft-delete in a single batch operation.,feature,P2-Medium,-1,CONTRIBUTOR,8,Implement bulk item deletion in admin console,Allow administrators to select multiple user records and execute soft-delete in a single batch operation.,Implement bulk item deletion in admin console Allow administrators to select multiple user records and execute soft-delete in a single batch operation.,22
2369,NullPointerException on user checkout,"When calling POST /api/v1/checkout with an empty cart item list, server throws NullPointerException at CheckoutService.java:142. Expected HTTP 400 Bad Request.",bug,P0-Critical,-1,MEMBER,25,NullPointerException on user checkout,"When calling POST /api/v1/checkout with an empty cart item list, server throws NullPointerException at CheckoutService.java:142. Expected HTTP 400 Bad Request.","NullPointerException on user checkout When calling POST /api/v1/checkout with an empty cart item list, server throws NullPointerException at CheckoutService.java:142. Expected HTTP 400 Bad Request.",24
1012,[Prod] CSS overflow issue on mobile navigation drawer,"On iOS Safari viewport < 375px, the slide-over menu items clip outside the right screen border.",bug,P3-Low,-1,NONE,5,[Prod] CSS overflow issue on mobile navigation drawer,"On iOS Safari viewport < 375px, the slide-over menu items clip outside the right screen border.","[Prod] CSS overflow issue on mobile navigation drawer On iOS Safari viewport < 375px, the slide-over menu items clip outside the right screen border.",24
2206,Database connection pool exhausted under high concurrency,"HikariCP pool drops active connections after 500 concurrent requests. Error: Connection is not available, request timed out after 30000ms.",bug,P1-High,-1,FIRST_TIME_CONTRIBUTOR,1,Database connection pool exhausted under high concurrency,"HikariCP pool drops active connections after 500 concurrent requests. Error: Connection is not available, request timed out after 30000ms.","Database connection pool exhausted under high concurrency HikariCP pool drops active connections after 500 concurrent requests. Error: Connection is not available, request timed out after 30000ms.",26
2445,Fix broken example code in Quickstart tutorial,The quickstart snippet for initializing the client client.connect() causes TypeError: missing 1 required positional argument 'api_key'.,documentation,P2-Medium,-1,CONTRIBUTOR,3,Fix broken example code in Quickstart tutorial,The quickstart snippet for initializing the client client.connect() causes TypeError: missing 1 required positional argument 'api_key'.,Fix broken example code in Quickstart tutorial The quickstart snippet for initializing the client client.connect() causes TypeError: missing 1 required positional argument 'api_key'.,23
1282,Urgent: CSS overflow issue on mobile navigation drawer,"On iOS Safari viewport < 375px, the slide-over menu items clip outside the right screen border.",bug,P3-Low,-1,NONE,6,Urgent: CSS overflow issue on mobile navigation drawer,"On iOS Safari viewport < 375px, the slide-over menu items clip outside the right screen border.","Urgent: CSS overflow issue on mobile navigation drawer On iOS Safari viewport < 375px, the slide-over menu items clip outside the right screen border.",24
1789,[Bug Report] Insecure direct object reference (IDOR) on document download,Authenticated users can access arbitrary tenant invoices by altering the numeric invoice_id in the URL.,security,P0-Critical,-1,MEMBER,13,[Bug Report] Insecure direct object reference (IDOR) on document download,Authenticated users can access arbitrary tenant invoices by altering the numeric invoice_id in the URL.,[Bug Report] Insecure direct object reference (IDOR) on document download Authenticated users can access arbitrary tenant invoices by altering the numeric invoice_id in the URL.,25
1996,[Prod] Broken hyperlink in settings footer,Clicking 'Terms of Service' in user settings redirects to 404 page.,bug,P3-Low,-1,FIRST_TIME_CONTRIBUTOR,3,[Prod] Broken hyperlink in settings footer,Clicking 'Terms of Service' in user settings redirects to 404 page.,[Prod] Broken hyperlink in settings footer Clicking 'Terms of Service' in user settings redirects to 404 page.,17
2360,CSS overflow issue on mobile navigation drawer,"On iOS Safari viewport < 375px, the slide-over menu items clip outside the right screen border.",bug,P3-Low,-1,FIRST_TIME_CONTRIBUTOR,4,CSS overflow issue on mobile navigation drawer,"On iOS Safari viewport < 375px, the slide-over menu items clip outside the right screen border.","CSS overflow issue on mobile navigation drawer On iOS Safari viewport < 375px, the slide-over menu items clip outside the right screen border.",23
2251,Document Docker Compose local setup steps,Add troubleshooting section for port conflicts on Windows WSL2 when starting PostgreSQL container.,documentation,P3-Low,-1,MEMBER,5,Document Docker Compose local setup steps,Add troubleshooting section for port conflicts on Windows WSL2 when starting PostgreSQL container.,Document Docker Compose local setup steps Add troubleshooting section for port conflicts on Windows WSL2 when starting PostgreSQL container.,19
1759,[Prod] CSS overflow issue on mobile navigation drawer,"On iOS Safari viewport < 375px, the slide-over menu items clip outside the right screen border.",bug,P3-Low,-1,NONE,1,[Prod] CSS overflow issue on mobile navigation drawer,"On iOS Safari viewport < 375px, the slide-over menu items clip outside the right screen border.","[Prod] CSS overflow issue on mobile navigation drawer On iOS Safari viewport < 375px, the slide-over menu items clip outside the right screen border.",24
1341,Fix broken example code in Quickstart tutorial,The quickstart snippet for initializing the client client.connect() causes TypeError: missing 1 required positional argument 'api_key'.,documentation,P2-Medium,-1,MEMBER,0,Fix broken example code in Quickstart tutorial,The quickstart snippet for initializing the client client.connect() causes TypeError: missing 1 required positional argument 'api_key'.,Fix broken example code in Quickstart tutorial The quickstart snippet for initializing the client client.connect() causes TypeError: missing 1 required positional argument 'api_key'.,23
1205,Support CSV export for monthly billing reports,Accounting teams require monthly transactions exported as standard RFC 4180 CSV files with tax breakdown.,feature,P2-Medium,-1,NONE,6,Support CSV export for monthly billing reports,Accounting teams require monthly transactions exported as standard RFC 4180 CSV files with tax breakdown.,Support CSV export for monthly billing reports Accounting teams require monthly transactions exported as standard RFC 4180 CSV files with tax breakdown.,22
1814,[Bug Report] NullPointerException on user checkout,"When calling POST /api/v1/checkout with an empty cart item list, server throws NullPointerException at CheckoutService.java:142. Expected HTTP 400 Bad Request.",bug,P0-Critical,-1,FIRST_TIME_CONTRIBUTOR,14,[Bug Report] NullPointerException on user checkout,"When calling POST /api/v1/checkout with an empty cart item list, server throws NullPointerException at CheckoutService.java:142. Expected HTTP 400 Bad Request.","[Bug Report] NullPointerException on user checkout When calling POST /api/v1/checkout with an empty cart item list, server throws NullPointerException at CheckoutService.java:142. Expected HTTP 400 Bad Request.",26
2168,Add architecture diagram to README,The repository needs an updated high-level diagram explaining the microservice event bus flow.,documentation,P3-Low,-1,FIRST_TIME_CONTRIBUTOR,6,Add architecture diagram to README,The repository needs an updated high-level diagram explaining the microservice event bus flow.,Add architecture diagram to README The repository needs an updated high-level diagram explaining the microservice event bus flow.,18
1892,[Bug Report] Deadlock in order fulfillment distributed lock,Redis distributed lock fails to release when worker process receives SIGTERM during checkout transaction.,bug,P0-Critical,-1,MEMBER,22,[Bug Report] Deadlock in order fulfillment distributed lock,Redis distributed lock fails to release when worker process receives SIGTERM during checkout transaction.,[Bug Report] Deadlock in order fulfillment distributed lock Redis distributed lock fails to release when worker process receives SIGTERM during checkout transaction.,22
2184,Urgent: SQL Injection vulnerability in search filter query,The 'filter' parameter in /api/v1/search is concatenated directly into the SQL string without parameterized binding. Exploitable via ' OR 1=1 --,security,P0-Critical,-1,NONE,17,Urgent: SQL Injection vulnerability in search filter query,The 'filter' parameter in /api/v1/search is concatenated directly into the SQL string without parameterized binding. Exploitable via ' OR 1=1 --,Urgent: SQL Injection vulnerability in search filter query The 'filter' parameter in /api/v1/search is concatenated directly into the SQL string without parameterized binding. Exploitable via ' OR 1=1 --,29
1377,Document Docker Compose local setup steps,Add troubleshooting section for port conflicts on Windows WSL2 when starting PostgreSQL container.,documentation,P3-Low,-1,FIRST_TIME_CONTRIBUTOR,8,Document Docker Compose local setup steps,Add troubleshooting section for port conflicts on Windows WSL2 when starting PostgreSQL container.,Document Docker Compose local setup steps Add troubleshooting section for port conflicts on Windows WSL2 when starting PostgreSQL container.,19
1270,[Bug Report] Database connection pool exhausted under high concurrency,"HikariCP pool drops active connections after 500 concurrent requests. Error: Connection is not available, request timed out after 30000ms.",bug,P1-High,-1,MEMBER,6,[Bug Report] Database connection pool exhausted under high concurrency,"HikariCP pool drops active connections after 500 concurrent requests. Error: Connection is not available, request timed out after 30000ms.","[Bug Report] Database connection pool exhausted under high concurrency HikariCP pool drops active connections after 500 concurrent requests. Error: Connection is not available, request timed out after 30000ms.",28
2481,[Feature Request] CSS overflow issue on mobile navigation drawer,"On iOS Safari viewport < 375px, the slide-over menu items clip outside the right screen border.",bug,P3-Low,-1,CONTRIBUTOR,1,[Feature Request] CSS overflow issue on mobile navigation drawer,"On iOS Safari viewport < 375px, the slide-over menu items clip outside the right screen border.","[Feature Request] CSS overflow issue on mobile navigation drawer On iOS Safari viewport < 375px, the slide-over menu items clip outside the right screen border.",25
2068,Fix broken example code in Quickstart tutorial,The quickstart snippet for initializing the client client.connect() causes TypeError: missing 1 required positional argument 'api_key'.,documentation,P2-Medium,-1,CONTRIBUTOR,1,Fix broken example code in Quickstart tutorial,The quickstart snippet for initializing the client client.connect() causes TypeError: missing 1 required positional argument 'api_key'.,Fix broken example code in Quickstart tutorial The quickstart snippet for initializing the client client.connect() causes TypeError: missing 1 required positional argument 'api_key'.,23
1426,Add architecture diagram to README,The repository needs an updated high-level diagram explaining the microservice event bus flow.,documentation,P3-Low,-1,NONE,7,Add architecture diagram to README,The repository needs an updated high-level diagram explaining the microservice event bus flow.,Add architecture diagram to README The repository needs an updated high-level diagram explaining the microservice event bus flow.,18
1675,[Feature Request] Memory leak in background token refresh worker,Process RSS memory grows continuously by ~50MB/hour. Profiling indicates unclosed TCP sessions in AuthService.,bug,P1-High,-1,NONE,7,[Feature Request] Memory leak in background token refresh worker,Process RSS memory grows continuously by ~50MB/hour. Profiling indicates unclosed TCP sessions in AuthService.,[Feature Request] Memory leak in background token refresh worker Process RSS memory grows continuously by ~50MB/hour. Profiling indicates unclosed TCP sessions in AuthService.,23
1491,Urgent: Memory leak in background token refresh worker,Process RSS memory grows continuously by ~50MB/hour. Profiling indicates unclosed TCP sessions in AuthService.,bug,P1-High,-1,NONE,3,Urgent: Memory leak in background token refresh worker,Process RSS memory grows continuously by ~50MB/hour. Profiling indicates unclosed TCP sessions in AuthService.,Urgent: Memory leak in background token refresh worker Process RSS memory grows continuously by ~50MB/hour. Profiling indicates unclosed TCP sessions in AuthService.,22
1976,Update API documentation for v2 authentication header,"The current Swagger docs show 'Authorization: Token <key>', but v2 requires 'Authorization: Bearer <jwt>'.",documentation,P2-Medium,-1,NONE,8,Update API documentation for v2 authentication header,"The current Swagger docs show 'Authorization: Token <key>', but v2 requires 'Authorization: Bearer <jwt>'.","Update API documentation for v2 authentication header The current Swagger docs show 'Authorization: Token <key>', but v2 requires 'Authorization: Bearer <jwt>'.",21
1228,API gateway p99 latency spikes above 1200ms,Downstream microservice connection timeouts lead to thread starvation in the upstream edge gateway.,performance,P1-High,-1,CONTRIBUTOR,4,API gateway p99 latency spikes above 1200ms,Downstream microservice connection timeouts lead to thread starvation in the upstream edge gateway.,API gateway p99 latency spikes above 1200ms Downstream microservice connection timeouts lead to thread starvation in the upstream edge gateway.,20
1007,Activity feed latency is 4000ms+,Users with large activity histories experience extreme delays loading feed due to unindexed query.,performance,P1-High,103,NONE,7,Activity feed latency is 4000ms+,Users with large activity histories experience extreme delays loading feed due to unindexed query.,Activity feed latency is 4000ms+ Users with large activity histories experience extreme delays loading feed due to unindexed query.,19
1554,Add support for OAuth2 Google Login,Users need the ability to authenticate via Google OAuth2 with PKCE flow. Needs configuration for client ID and secret.,feature,P2-Medium,-1,MEMBER,5,Add support for OAuth2 Google Login,Users need the ability to authenticate via Google OAuth2 with PKCE flow. Needs configuration for client ID and secret.,Add support for OAuth2 Google Login Users need the ability to authenticate via Google OAuth2 with PKCE flow. Needs configuration for client ID and secret.,25
2329,Add support for OAuth2 Google Login,Users need the ability to authenticate via Google OAuth2 with PKCE flow. Needs configuration for client ID and secret.,feature,P2-Medium,-1,FIRST_TIME_CONTRIBUTOR,2,Add support for OAuth2 Google Login,Users need the ability to authenticate via Google OAuth2 with PKCE flow. Needs configuration for client ID and secret.,Add support for OAuth2 Google Login Users need the ability to authenticate via Google OAuth2 with PKCE flow. Needs configuration for client ID and secret.,25
1661,[Bug Report] CSS overflow issue on mobile navigation drawer,"On iOS Safari viewport < 375px, the slide-over menu items clip outside the right screen border.",bug,P3-Low,-1,MEMBER,2,[Bug Report] CSS overflow issue on mobile navigation drawer,"On iOS Safari viewport < 375px, the slide-over menu items clip outside the right screen border.","[Bug Report] CSS overflow issue on mobile navigation drawer On iOS Safari viewport < 375px, the slide-over menu items clip outside the right screen border.",25
1693,Urgent: Database connection pool exhausted under high concurrency,"HikariCP pool drops active connections after 500 concurrent requests. Error: Connection is not available, request timed out after 30000ms.",bug,P1-High,-1,NONE,4,Urgent: Database connection pool exhausted under high concurrency,"HikariCP pool drops active connections after 500 concurrent requests. Error: Connection is not available, request timed out after 30000ms.","Urgent: Database connection pool exhausted under high concurrency HikariCP pool drops active connections after 500 concurrent requests. Error: Connection is not available, request timed out after 30000ms.",27
1095,[Feature Request] Database connection pool exhausted under high concurrency,"HikariCP pool drops active connections after 500 concurrent requests. Error: Connection is not available, request timed out after 30000ms.",bug,P1-High,-1,MEMBER,3,[Feature Request] Database connection pool exhausted under high concurrency,"HikariCP pool drops active connections after 500 concurrent requests. Error: Connection is not available, request timed out after 30000ms.","[Feature Request] Database connection pool exhausted under high concurrency HikariCP pool drops active connections after 500 concurrent requests. Error: Connection is not available, request timed out after 30000ms.",28
2193,Add webhook notifications for payment success,Developers need outbound HTTP webhooks triggered on invoice.paid events with signature verification header.,feature,P1-High,-1,CONTRIBUTOR,8,Add webhook notifications for payment success,Developers need outbound HTTP webhooks triggered on invoice.paid events with signature verification header.,Add webhook notifications for payment success Developers need outbound HTTP webhooks triggered on invoice.paid events with signature verification header.,19
1257,Urgent: Memory leak in background token refresh worker,Process RSS memory grows continuously by ~50MB/hour. Profiling indicates unclosed TCP sessions in AuthService.,bug,P1-High,-1,NONE,5,Urgent: Memory leak in background token refresh worker,Process RSS memory grows continuously by ~50MB/hour. Profiling indicates unclosed TCP sessions in AuthService.,Urgent: Memory leak in background token refresh worker Process RSS memory grows continuously by ~50MB/hour. Profiling indicates unclosed TCP sessions in AuthService.,22
1808,Update API documentation for v2 authentication header,"The current Swagger docs show 'Authorization: Token <key>', but v2 requires 'Authorization: Bearer <jwt>'.",documentation,P2-Medium,-1,FIRST_TIME_CONTRIBUTOR,2,Update API documentation for v2 authentication header,"The current Swagger docs show 'Authorization: Token <key>', but v2 requires 'Authorization: Bearer <jwt>'.","Update API documentation for v2 authentication header The current Swagger docs show 'Authorization: Token <key>', but v2 requires 'Authorization: Bearer <jwt>'.",21
2256,[Bug Report] Broken hyperlink in settings footer,Clicking 'Terms of Service' in user settings redirects to 404 page.,bug,P3-Low,-1,CONTRIBUTOR,6,[Bug Report] Broken hyperlink in settings footer,Clicking 'Terms of Service' in user settings redirects to 404 page.,[Bug Report] Broken hyperlink in settings footer Clicking 'Terms of Service' in user settings redirects to 404 page.,18
1407,Database connection pool exhausted under high concurrency,"HikariCP pool drops active connections after 500 concurrent requests. Error: Connection is not available, request timed out after 30000ms.",bug,P1-High,-1,FIRST_TIME_CONTRIBUTOR,4,Database connection pool exhausted under high concurrency,"HikariCP pool drops active connections after 500 concurrent requests. Error: Connection is not available, request timed out after 30000ms.","Database connection pool exhausted under high concurrency HikariCP pool drops active connections after 500 concurrent requests. Error: Connection is not available, request timed out after 30000ms.",26
2224,Document Docker Compose local setup steps,Add troubleshooting section for port conflicts on Windows WSL2 when starting PostgreSQL container.,documentation,P3-Low,-1,NONE,7,Document Docker Compose local setup steps,Add troubleshooting section for port conflicts on Windows WSL2 when starting PostgreSQL container.,Document Docker Compose local setup steps Add troubleshooting section for port conflicts on Windows WSL2 when starting PostgreSQL container.,19
1781,Implement bulk item deletion in admin console,Allow administrators to select multiple user records and execute soft-delete in a single batch operation.,feature,P2-Medium,-1,NONE,0,Implement bulk item deletion in admin console,Allow administrators to select multiple user records and execute soft-delete in a single batch operation.,Implement bulk item deletion in admin console Allow administrators to select multiple user records and execute soft-delete in a single batch operation.,22
1540,[Feature Request] Broken hyperlink in settings footer,Clicking 'Terms of Service' in user settings redirects to 404 page.,bug,P3-Low,-1,CONTRIBUTOR,7,[Feature Request] Broken hyperlink in settings footer,Clicking 'Terms of Service' in user settings redirects to 404 page.,[Feature Request] Broken hyperlink in settings footer Clicking 'Terms of Service' in user settings redirects to 404 page.,18
1026,Question: Broken hyperlink in settings footer,Clicking 'Terms of Service' in user settings redirects to 404 page.,bug,P3-Low,-1,FIRST_TIME_CONTRIBUTOR,6,Question: Broken hyperlink in settings footer,Clicking 'Terms of Service' in user settings redirects to 404 page.,Question: Broken hyperlink in settings footer Clicking 'Terms of Service' in user settings redirects to 404 page.,17
1943,[Prod] Broken hyperlink in settings footer,Clicking 'Terms of Service' in user settings redirects to 404 page.,bug,P3-Low,-1,NONE,7,[Prod] Broken hyperlink in settings footer,Clicking 'Terms of Service' in user settings redirects to 404 page.,[Prod] Broken hyperlink in settings footer Clicking 'Terms of Service' in user settings redirects to 404 page.,17
1100,Support CSV export for monthly billing reports,Accounting teams require monthly transactions exported as standard RFC 4180 CSV files with tax breakdown.,feature,P2-Medium,-1,FIRST_TIME_CONTRIBUTOR,6,Support CSV export for monthly billing reports,Accounting teams require monthly transactions exported as standard RFC 4180 CSV files with tax breakdown.,Support CSV export for monthly billing reports Accounting teams require monthly transactions exported as standard RFC 4180 CSV files with tax breakdown.,22
1786,Add support for OAuth2 Google Login,Users need the ability to authenticate via Google OAuth2 with PKCE flow. Needs configuration for client ID and secret.,feature,P2-Medium,-1,MEMBER,8,Add support for OAuth2 Google Login,Users need the ability to authenticate via Google OAuth2 with PKCE flow. Needs configuration for client ID and secret.,Add support for OAuth2 Google Login Users need the ability to authenticate via Google OAuth2 with PKCE flow. Needs configuration for client ID and secret.,25
1666,Add architecture diagram to README,The repository needs an updated high-level diagram explaining the microservice event bus flow.,documentation,P3-Low,-1,NONE,1,Add architecture diagram to README,The repository needs an updated high-level diagram explaining the microservice event bus flow.,Add architecture diagram to README The repository needs an updated high-level diagram explaining the microservice event bus flow.,18
1346,Question: Deadlock in order fulfillment distributed lock,Redis distributed lock fails to release when worker process receives SIGTERM during checkout transaction.,bug,P0-Critical,-1,FIRST_TIME_CONTRIBUTOR,30,Question: Deadlock in order fulfillment distributed lock,Redis distributed lock fails to release when worker process receives SIGTERM during checkout transaction.,Question: Deadlock in order fulfillment distributed lock Redis distributed lock fails to release when worker process receives SIGTERM during checkout transaction.,21
2094,High CPU utilization in regex router matching,Regex matching in URL routing consumes 85% CPU during high request spikes due to catastrophic backtracking in greedy pattern.,performance,P1-High,-1,CONTRIBUTOR,1,High CPU utilization in regex router matching,Regex matching in URL routing consumes 85% CPU during high request spikes due to catastrophic backtracking in greedy pattern.,High CPU utilization in regex router matching Regex matching in URL routing consumes 85% CPU during high request spikes due to catastrophic backtracking in greedy pattern.,26
2090,Dark mode theme preference toggle,Implement automatic dark mode switching based on CSS prefers-color-scheme media query.,feature,P3-Low,-1,MEMBER,2,Dark mode theme preference toggle,Implement automatic dark mode switching based on CSS prefers-color-scheme media query.,Dark mode theme preference toggle Implement automatic dark mode switching based on CSS prefers-color-scheme media query.,16
1104,Implement bulk item deletion in admin console,Allow administrators to select multiple user records and execute soft-delete in a single batch operation.,feature,P2-Medium,-1,CONTRIBUTOR,7,Implement bulk item deletion in admin console,Allow administrators to select multiple user records and execute soft-delete in a single batch operation.,Implement bulk item deletion in admin console Allow administrators to select multiple user records and execute soft-delete in a single batch operation.,22
1608,Fix broken example code in Quickstart tutorial,The quickstart snippet for initializing the client client.connect() causes TypeError: missing 1 required positional argument 'api_key'.,documentation,P2-Medium,-1,MEMBER,0,Fix broken example code in Quickstart tutorial,The quickstart snippet for initializing the client client.connect() causes TypeError: missing 1 required positional argument 'api_key'.,Fix broken example code in Quickstart tutorial The quickstart snippet for initializing the client client.connect() causes TypeError: missing 1 required positional argument 'api_key'.,23
1074,High CPU utilization in regex router matching,Regex matching in URL routing consumes 85% CPU during high request spikes due to catastrophic backtracking in greedy pattern.,performance,P1-High,-1,NONE,4,High CPU utilization in regex router matching,Regex matching in URL routing consumes 85% CPU during high request spikes due to catastrophic backtracking in greedy pattern.,High CPU utilization in regex router matching Regex matching in URL routing consumes 85% CPU during high request spikes due to catastrophic backtracking in greedy pattern.,26
1113,Add architecture diagram to README,The repository needs an updated high-level diagram explaining the microservice event bus flow.,documentation,P3-Low,-1,FIRST_TIME_CONTRIBUTOR,7,Add architecture diagram to README,The repository needs an updated high-level diagram explaining the microservice event bus flow.,Add architecture diagram to README The repository needs an updated high-level diagram explaining the microservice event bus flow.,18
1369,Question: NullPointerException on user checkout,"When calling POST /api/v1/checkout with an empty cart item list, server throws NullPointerException at CheckoutService.java:142. Expected HTTP 400 Bad Request.",bug,P0-Critical,-1,FIRST_TIME_CONTRIBUTOR,16,Question: NullPointerException on user checkout,"When calling POST /api/v1/checkout with an empty cart item list, server throws NullPointerException at CheckoutService.java:142. Expected HTTP 400 Bad Request.","Question: NullPointerException on user checkout When calling POST /api/v1/checkout with an empty cart item list, server throws NullPointerException at CheckoutService.java:142. Expected HTTP 400 Bad Request.",25
1736,Question: Checkbox state does not persist across tab switching,Form input resets when toggling between 'Account' and 'Billing' sub-tabs.,bug,P2-Medium,-1,FIRST_TIME_CONTRIBUTOR,0,Question: Checkbox state does not persist across tab switching,Form input resets when toggling between 'Account' and 'Billing' sub-tabs.,Question: Checkbox state does not persist across tab switching Form input resets when toggling between 'Account' and 'Billing' sub-tabs.,19
1656,Fix broken example code in Quickstart tutorial,The quickstart snippet for initializing the client client.connect() causes TypeError: missing 1 required positional argument 'api_key'.,documentation,P2-Medium,-1,MEMBER,7,Fix broken example code in Quickstart tutorial,The quickstart snippet for initializing the client client.connect() causes TypeError: missing 1 required positional argument 'api_key'.,Fix broken example code in Quickstart tutorial The quickstart snippet for initializing the client client.connect() causes TypeError: missing 1 required positional argument 'api_key'.,23
2109,SQL Injection vulnerability in search filter query,The 'filter' parameter in /api/v1/search is concatenated directly into the SQL string without parameterized binding. Exploitable via ' OR 1=1 --,security,P0-Critical,-1,CONTRIBUTOR,28,SQL Injection vulnerability in search filter query,The 'filter' parameter in /api/v1/search is concatenated directly into the SQL string without parameterized binding. Exploitable via ' OR 1=1 --,SQL Injection vulnerability in search filter query The 'filter' parameter in /api/v1/search is concatenated directly into the SQL string without parameterized binding. Exploitable via ' OR 1=1 --,28
1894,Fix broken example code in Quickstart tutorial,The quickstart snippet for initializing the client client.connect() causes TypeError: missing 1 required positional argument 'api_key'.,documentation,P2-Medium,-1,CONTRIBUTOR,0,Fix broken example code in Quickstart tutorial,The quickstart snippet for initializing the client client.connect() causes TypeError: missing 1 required positional argument 'api_key'.,Fix broken example code in Quickstart tutorial The quickstart snippet for initializing the client client.connect() causes TypeError: missing 1 required positional argument 'api_key'.,23
1735,High CPU utilization in regex router matching,Regex matching in URL routing consumes 85% CPU during high request spikes due to catastrophic backtracking in greedy pattern.,performance,P1-High,-1,NONE,1,High CPU utilization in regex router matching,Regex matching in URL routing consumes 85% CPU during high request spikes due to catastrophic backtracking in greedy pattern.,High CPU utilization in regex router matching Regex matching in URL routing consumes 85% CPU during high request spikes due to catastrophic backtracking in greedy pattern.,26
1764,Question: UnicodeDecodeError when parsing multibyte UTF-8 input,The JSON parser crashes on emoji input with UnicodeDecodeError: 'utf-8' codec can't decode byte 0xed in position 12.,bug,P2-Medium,-1,NONE,3,Question: UnicodeDecodeError when parsing multibyte UTF-8 input,The JSON parser crashes on emoji input with UnicodeDecodeError: 'utf-8' codec can't decode byte 0xed in position 12.,Question: UnicodeDecodeError when parsing multibyte UTF-8 input The JSON parser crashes on emoji input with UnicodeDecodeError: 'utf-8' codec can't decode byte 0xed in position 12.,25
2146,Add support for OAuth2 Google Login,Users need the ability to authenticate via Google OAuth2 with PKCE flow. Needs configuration for client ID and secret.,feature,P2-Medium,-1,FIRST_TIME_CONTRIBUTOR,4,Add support for OAuth2 Google Login,Users need the ability to authenticate via Google OAuth2 with PKCE flow. Needs configuration for client ID and secret.,Add support for OAuth2 Google Login Users need the ability to authenticate via Google OAuth2 with PKCE flow. Needs configuration for client ID and secret.,25
1484,Update API documentation for v2 authentication header,"The current Swagger docs show 'Authorization: Token <key>', but v2 requires 'Authorization: Bearer <jwt>'.",documentation,P2-Medium,-1,FIRST_TIME_CONTRIBUTOR,4,Update API documentation for v2 authentication header,"The current Swagger docs show 'Authorization: Token <key>', but v2 requires 'Authorization: Bearer <jwt>'.","Update API documentation for v2 authentication header The current Swagger docs show 'Authorization: Token <key>', but v2 requires 'Authorization: Bearer <jwt>'.",21
2117,Implement bulk item deletion in admin console,Allow administrators to select multiple user records and execute soft-delete in a single batch operation.,feature,P2-Medium,-1,CONTRIBUTOR,8,Implement bulk item deletion in admin console,Allow administrators to select multiple user records and execute soft-delete in a single batch operation.,Implement bulk item deletion in admin console Allow administrators to select multiple user records and execute soft-delete in a single batch operation.,22
2154,API gateway p99 latency spikes above 1200ms,Downstream microservice connection timeouts lead to thread starvation in the upstream edge gateway.,performance,P1-High,-1,NONE,8,API gateway p99 latency spikes above 1200ms,Downstream microservice connection timeouts lead to thread starvation in the upstream edge gateway.,API gateway p99 latency spikes above 1200ms Downstream microservice connection timeouts lead to thread starvation in the upstream edge gateway.,20
1041,Question: Missing CSRF token validation on password change endpoint,POST /api/v1/user/password-reset accepts cross-origin state-changing requests without checking X-CSRF-Token.,security,P0-Critical,-1,FIRST_TIME_CONTRIBUTOR,14,Question: Missing CSRF token validation on password change endpoint,POST /api/v1/user/password-reset accepts cross-origin state-changing requests without checking X-CSRF-Token.,Question: Missing CSRF token validation on password change endpoint POST /api/v1/user/password-reset accepts cross-origin state-changing requests without checking X-CSRF-Token.,18
2431,Support CSV export for monthly billing reports,Accounting teams require monthly transactions exported as standard RFC 4180 CSV files with tax breakdown.,feature,P2-Medium,-1,MEMBER,7,Support CSV export for monthly billing reports,Accounting teams require monthly transactions exported as standard RFC 4180 CSV files with tax breakdown.,Support CSV export for monthly billing reports Accounting teams require monthly transactions exported as standard RFC 4180 CSV files with tax breakdown.,22
1293,Urgent: Deadlock in order fulfillment distributed lock,Redis distributed lock fails to release when worker process receives SIGTERM during checkout transaction.,bug,P0-Critical,-1,CONTRIBUTOR,27,Urgent: Deadlock in order fulfillment distributed lock,Redis distributed lock fails to release when worker process receives SIGTERM during checkout transaction.,Urgent: Deadlock in order fulfillment distributed lock Redis distributed lock fails to release when worker process receives SIGTERM during checkout transaction.,21
1755,[Prod] Deadlock in order fulfillment distributed lock,Redis distributed lock fails to release when worker process receives SIGTERM during checkout transaction.,bug,P0-Critical,-1,CONTRIBUTOR,25,[Prod] Deadlock in order fulfillment distributed lock,Redis distributed lock fails to release when worker process receives SIGTERM during checkout transaction.,[Prod] Deadlock in order fulfillment distributed lock Redis distributed lock fails to release when worker process receives SIGTERM during checkout transaction.,21
2373,Question: Memory leak in background token refresh worker,Process RSS memory grows continuously by ~50MB/hour. Profiling indicates unclosed TCP sessions in AuthService.,bug,P1-High,-1,MEMBER,7,Question: Memory leak in background token refresh worker,Process RSS memory grows continuously by ~50MB/hour. Profiling indicates unclosed TCP sessions in AuthService.,Question: Memory leak in background token refresh worker Process RSS memory grows continuously by ~50MB/hour. Profiling indicates unclosed TCP sessions in AuthService.,22
1137,Fix broken example code in Quickstart tutorial,The quickstart snippet for initializing the client client.connect() causes TypeError: missing 1 required positional argument 'api_key'.,documentation,P2-Medium,-1,NONE,4,Fix broken example code in Quickstart tutorial,The quickstart snippet for initializing the client client.connect() causes TypeError: missing 1 required positional argument 'api_key'.,Fix broken example code in Quickstart tutorial The quickstart snippet for initializing the client client.connect() causes TypeError: missing 1 required positional argument 'api_key'.,23
1280,Update API documentation for v2 authentication header,"The current Swagger docs show 'Authorization: Token <key>', but v2 requires 'Authorization: Bearer <jwt>'.",documentation,P2-Medium,-1,NONE,4,Update API documentation for v2 authentication header,"The current Swagger docs show 'Authorization: Token <key>', but v2 requires 'Authorization: Bearer <jwt>'.","Update API documentation for v2 authentication header The current Swagger docs show 'Authorization: Token <key>', but v2 requires 'Authorization: Bearer <jwt>'.",21
1458,Fix broken example code in Quickstart tutorial,The quickstart snippet for initializing the client client.connect() causes TypeError: missing 1 required positional argument 'api_key'.,documentation,P2-Medium,-1,FIRST_TIME_CONTRIBUTOR,2,Fix broken example code in Quickstart tutorial,The quickstart snippet for initializing the client client.connect() causes TypeError: missing 1 required positional argument 'api_key'.,Fix broken example code in Quickstart tutorial The quickstart snippet for initializing the client client.connect() causes TypeError: missing 1 required positional argument 'api_key'.,23
1579,Update API documentation for v2 authentication header,"The current Swagger docs show 'Authorization: Token <key>', but v2 requires 'Authorization: Bearer <jwt>'.",documentation,P2-Medium,-1,CONTRIBUTOR,2,Update API documentation for v2 authentication header,"The current Swagger docs show 'Authorization: Token <key>', but v2 requires 'Authorization: Bearer <jwt>'.","Update API documentation for v2 authentication header The current Swagger docs show 'Authorization: Token <key>', but v2 requires 'Authorization: Bearer <jwt>'.",21
1570,Add support for OAuth2 Google Login,Users need the ability to authenticate via Google OAuth2 with PKCE flow. Needs configuration for client ID and secret.,feature,P2-Medium,-1,MEMBER,6,Add support for OAuth2 Google Login,Users need the ability to authenticate via Google OAuth2 with PKCE flow. Needs configuration for client ID and secret.,Add support for OAuth2 Google Login Users need the ability to authenticate via Google OAuth2 with PKCE flow. Needs configuration for client ID and secret.,25
1463,Question: UnicodeDecodeError when parsing multibyte UTF-8 input,The JSON parser crashes on emoji input with UnicodeDecodeError: 'utf-8' codec can't decode byte 0xed in position 12.,bug,P2-Medium,-1,NONE,3,Question: UnicodeDecodeError when parsing multibyte UTF-8 input,The JSON parser crashes on emoji input with UnicodeDecodeError: 'utf-8' codec can't decode byte 0xed in position 12.,Question: UnicodeDecodeError when parsing multibyte UTF-8 input The JSON parser crashes on emoji input with UnicodeDecodeError: 'utf-8' codec can't decode byte 0xed in position 12.,25
1776,Support CSV export for monthly billing reports,Accounting teams require monthly transactions exported as standard RFC 4180 CSV files with tax breakdown.,feature,P2-Medium,-1,FIRST_TIME_CONTRIBUTOR,5,Support CSV export for monthly billing reports,Accounting teams require monthly transactions exported as standard RFC 4180 CSV files with tax breakdown.,Support CSV export for monthly billing reports Accounting teams require monthly transactions exported as standard RFC 4180 CSV files with tax breakdown.,22
1224,Add webhook notifications for payment success,Developers need outbound HTTP webhooks triggered on invoice.paid events with signature verification header.,feature,P1-High,-1,CONTRIBUTOR,4,Add webhook notifications for payment success,Developers need outbound HTTP webhooks triggered on invoice.paid events with signature verification header.,Add webhook notifications for payment success Developers need outbound HTTP webhooks triggered on invoice.paid events with signature verification header.,19
2459,Dark mode theme preference toggle,Implement automatic dark mode switching based on CSS prefers-color-scheme media query.,feature,P3-Low,-1,MEMBER,4,Dark mode theme preference toggle,Implement automatic dark mode switching based on CSS prefers-color-scheme media query.,Dark mode theme preference toggle Implement automatic dark mode switching based on CSS prefers-color-scheme media query.,16
2263,Urgent: Memory leak in background token refresh worker,Process RSS memory grows continuously by ~50MB/hour. Profiling indicates unclosed TCP sessions in AuthService.,bug,P1-High,-1,FIRST_TIME_CONTRIBUTOR,2,Urgent: Memory leak in background token refresh worker,Process RSS memory grows continuously by ~50MB/hour. Profiling indicates unclosed TCP sessions in AuthService.,Urgent: Memory leak in background token refresh worker Process RSS memory grows continuously by ~50MB/hour. Profiling indicates unclosed TCP sessions in AuthService.,22
1244,[Feature Request] CSS overflow issue on mobile navigation drawer,"On iOS Safari viewport < 375px, the slide-over menu items clip outside the right screen border.",bug,P3-Low,-1,MEMBER,7,[Feature Request] CSS overflow issue on mobile navigation drawer,"On iOS Safari viewport < 375px, the slide-over menu items clip outside the right screen border.","[Feature Request] CSS overflow issue on mobile navigation drawer On iOS Safari viewport < 375px, the slide-over menu items clip outside the right screen border.",25
1260,Update API documentation for v2 authentication header,"The current Swagger docs show 'Authorization: Token <key>', but v2 requires 'Authorization: Bearer <jwt>'.",documentation,P2-Medium,-1,CONTRIBUTOR,7,Update API documentation for v2 authentication header,"The current Swagger docs show 'Authorization: Token <key>', but v2 requires 'Authorization: Bearer <jwt>'.","Update API documentation for v2 authentication header The current Swagger docs show 'Authorization: Token <key>', but v2 requires 'Authorization: Bearer <jwt>'.",21
1072,Urgent: Checkbox state does not persist across tab switching,Form input resets when toggling between 'Account' and 'Billing' sub-tabs.,bug,P2-Medium,-1,NONE,4,Urgent: Checkbox state does not persist across tab switching,Form input resets when toggling between 'Account' and 'Billing' sub-tabs.,Urgent: Checkbox state does not persist across tab switching Form input resets when toggling between 'Account' and 'Billing' sub-tabs.,19
2249,Question: Checkbox state does not persist across tab switching,Form input resets when toggling between 'Account' and 'Billing' sub-tabs.,bug,P2-Medium,-1,NONE,0,Question: Checkbox state does not persist across tab switching,Form input resets when toggling between 'Account' and 'Billing' sub-tabs.,Question: Checkbox state does not persist across tab switching Form input resets when toggling between 'Account' and 'Billing' sub-tabs.,19
2409,[Bug Report] CSS overflow issue on mobile navigation drawer,"On iOS Safari viewport < 375px, the slide-over menu items clip outside the right screen border.",bug,P3-Low,-1,NONE,1,[Bug Report] CSS overflow issue on mobile navigation drawer,"On iOS Safari viewport < 375px, the slide-over menu items clip outside the right screen border.","[Bug Report] CSS overflow issue on mobile navigation drawer On iOS Safari viewport < 375px, the slide-over menu items clip outside the right screen border.",25
1467,[Feature Request] UnicodeDecodeError when parsing multibyte UTF-8 input,The JSON parser crashes on emoji input with UnicodeDecodeError: 'utf-8' codec can't decode byte 0xed in position 12.,bug,P2-Medium,-1,FIRST_TIME_CONTRIBUTOR,8,[Feature Request] UnicodeDecodeError when parsing multibyte UTF-8 input,The JSON parser crashes on emoji input with UnicodeDecodeError: 'utf-8' codec can't decode byte 0xed in position 12.,[Feature Request] UnicodeDecodeError when parsing multibyte UTF-8 input The JSON parser crashes on emoji input with UnicodeDecodeError: 'utf-8' codec can't decode byte 0xed in position 12.,26
1090,[Feature Request] Memory leak in background token refresh worker,Process RSS memory grows continuously by ~50MB/hour. Profiling indicates unclosed TCP sessions in AuthService.,bug,P1-High,-1,MEMBER,5,[Feature Request] Memory leak in background token refresh worker,Process RSS memory grows continuously by ~50MB/hour. Profiling indicates unclosed TCP sessions in AuthService.,[Feature Request] Memory leak in background token refresh worker Process RSS memory grows continuously by ~50MB/hour. Profiling indicates unclosed TCP sessions in AuthService.,23
2227,Slow SQL query on user activity feed endpoint,SELECT * FROM activities WHERE user_id = ? ORDER BY timestamp DESC takes 4.2 seconds on accounts with >50k events. Missing composite index.,performance,P1-High,-1,MEMBER,8,Slow SQL query on user activity feed endpoint,SELECT * FROM activities WHERE user_id = ? ORDER BY timestamp DESC takes 4.2 seconds on accounts with >50k events. Missing composite index.,Slow SQL query on user activity feed endpoint SELECT * FROM activities WHERE user_id = ? ORDER BY timestamp DESC takes 4.2 seconds on accounts with >50k events. Missing composite index.,31
1432,Add webhook notifications for payment success,Developers need outbound HTTP webhooks triggered on invoice.paid events with signature verification header.,feature,P1-High,-1,FIRST_TIME_CONTRIBUTOR,8,Add webhook notifications for payment success,Developers need outbound HTTP webhooks triggered on invoice.paid events with signature verification header.,Add webhook notifications for payment success Developers need outbound HTTP webhooks triggered on invoice.paid events with signature verification header.,19
2303,Fix broken example code in Quickstart tutorial,The quickstart snippet for initializing the client client.connect() causes TypeError: missing 1 required positional argument 'api_key'.,documentation,P2-Medium,-1,FIRST_TIME_CONTRIBUTOR,2,Fix broken example code in Quickstart tutorial,The quickstart snippet for initializing the client client.connect() causes TypeError: missing 1 required positional argument 'api_key'.,Fix broken example code in Quickstart tutorial The quickstart snippet for initializing the client client.connect() causes TypeError: missing 1 required positional argument 'api_key'.,23
2078,Dark mode theme preference toggle,Implement automatic dark mode switching based on CSS prefers-color-scheme media query.,feature,P3-Low,-1,CONTRIBUTOR,5,Dark mode theme preference toggle,Implement automatic dark mode switching based on CSS prefers-color-scheme media query.,Dark mode theme preference toggle Implement automatic dark mode switching based on CSS prefers-color-scheme media query.,16
1198,[Feature Request] Checkbox state does not persist across tab switching,Form input resets when toggling between 'Account' and 'Billing' sub-tabs.,bug,P2-Medium,-1,FIRST_TIME_CONTRIBUTOR,3,[Feature Request] Checkbox state does not persist across tab switching,Form input resets when toggling between 'Account' and 'Billing' sub-tabs.,[Feature Request] Checkbox state does not persist across tab switching Form input resets when toggling between 'Account' and 'Billing' sub-tabs.,20
2035,[Feature Request] Broken hyperlink in settings footer,Clicking 'Terms of Service' in user settings redirects to 404 page.,bug,P3-Low,-1,CONTRIBUTOR,2,[Feature Request] Broken hyperlink in settings footer,Clicking 'Terms of Service' in user settings redirects to 404 page.,[Feature Request] Broken hyperlink in settings footer Clicking 'Terms of Service' in user settings redirects to 404 page.,18
1032,Add architecture diagram to README,The repository needs an updated high-level diagram explaining the microservice event bus flow.,documentation,P3-Low,-1,MEMBER,1,Add architecture diagram to README,The repository needs an updated high-level diagram explaining the microservice event bus flow.,Add architecture diagram to README The repository needs an updated high-level diagram explaining the microservice event bus flow.,18
1075,High CPU utilization in regex router matching,Regex matching in URL routing consumes 85% CPU during high request spikes due to catastrophic backtracking in greedy pattern.,performance,P1-High,-1,MEMBER,4,High CPU utilization in regex router matching,Regex matching in URL routing consumes 85% CPU during high request spikes due to catastrophic backtracking in greedy pattern.,High CPU utilization in regex router matching Regex matching in URL routing consumes 85% CPU during high request spikes due to catastrophic backtracking in greedy pattern.,26
1481,[Feature Request] CORS policy allows wildcard origin with credentials,"Access-Control-Allow-Origin is set to '*' while Access-Control-Allow-Credentials is true, violating CORS specification.",security,P1-High,-1,FIRST_TIME_CONTRIBUTOR,6,[Feature Request] CORS policy allows wildcard origin with credentials,"Access-Control-Allow-Origin is set to '*' while Access-Control-Allow-Credentials is true, violating CORS specification.","[Feature Request] CORS policy allows wildcard origin with credentials Access-Control-Allow-Origin is set to '*' while Access-Control-Allow-Credentials is true, violating CORS specification.",21
2180,Add webhook notifications for payment success,Developers need outbound HTTP webhooks triggered on invoice.paid events with signature verification header.,feature,P1-High,-1,FIRST_TIME_CONTRIBUTOR,5,Add webhook notifications for payment success,Developers need outbound HTTP webhooks triggered on invoice.paid events with signature verification header.,Add webhook notifications for payment success Developers need outbound HTTP webhooks triggered on invoice.paid events with signature verification header.,19
1621,Add webhook notifications for payment success,Developers need outbound HTTP webhooks triggered on invoice.paid events with signature verification header.,feature,P1-High,-1,NONE,5,Add webhook notifications for payment success,Developers need outbound HTTP webhooks triggered on invoice.paid events with signature verification header.,Add webhook notifications for payment success Developers need outbound HTTP webhooks triggered on invoice.paid events with signature verification header.,19
2486,Checkbox state does not persist across tab switching,Form input resets when toggling between 'Account' and 'Billing' sub-tabs.,bug,P2-Medium,-1,MEMBER,6,Checkbox state does not persist across tab switching,Form input resets when toggling between 'Account' and 'Billing' sub-tabs.,Checkbox state does not persist across tab switching Form input resets when toggling between 'Account' and 'Billing' sub-tabs.,18
2052,API gateway p99 latency spikes above 1200ms,Downstream microservice connection timeouts lead to thread starvation in the upstream edge gateway.,performance,P1-High,-1,CONTRIBUTOR,8,API gateway p99 latency spikes above 1200ms,Downstream microservice connection timeouts lead to thread starvation in the upstream edge gateway.,API gateway p99 latency spikes above 1200ms Downstream microservice connection timeouts lead to thread starvation in the upstream edge gateway.,20
1751,Support CSV export for monthly billing reports,Accounting teams require monthly transactions exported as standard RFC 4180 CSV files with tax breakdown.,feature,P2-Medium,-1,MEMBER,7,Support CSV export for monthly billing reports,Accounting teams require monthly transactions exported as standard RFC 4180 CSV files with tax breakdown.,Support CSV export for monthly billing reports Accounting teams require monthly transactions exported as standard RFC 4180 CSV files with tax breakdown.,22
1794,Fix broken example code in Quickstart tutorial,The quickstart snippet for initializing the client client.connect() causes TypeError: missing 1 required positional argument 'api_key'.,documentation,P2-Medium,-1,FIRST_TIME_CONTRIBUTOR,8,Fix broken example code in Quickstart tutorial,The quickstart snippet for initializing the client client.connect() causes TypeError: missing 1 required positional argument 'api_key'.,Fix broken example code in Quickstart tutorial The quickstart snippet for initializing the client client.connect() causes TypeError: missing 1 required positional argument 'api_key'.,23
1496,Question: UnicodeDecodeError when parsing multibyte UTF-8 input,The JSON parser crashes on emoji input with UnicodeDecodeError: 'utf-8' codec can't decode byte 0xed in position 12.,bug,P2-Medium,-1,MEMBER,6,Question: UnicodeDecodeError when parsing multibyte UTF-8 input,The JSON parser crashes on emoji input with UnicodeDecodeError: 'utf-8' codec can't decode byte 0xed in position 12.,Question: UnicodeDecodeError when parsing multibyte UTF-8 input The JSON parser crashes on emoji input with UnicodeDecodeError: 'utf-8' codec can't decode byte 0xed in position 12.,25
1443,Optimize Docker image layer caching to speed up CI,Re-installing heavy Python packages on every single commit causes CI build times to exceed 18 minutes.,performance,P2-Medium,-1,CONTRIBUTOR,7,Optimize Docker image layer caching to speed up CI,Re-installing heavy Python packages on every single commit causes CI build times to exceed 18 minutes.,Optimize Docker image layer caching to speed up CI Re-installing heavy Python packages on every single commit causes CI build times to exceed 18 minutes.,25
1792,[Feature Request] Deadlock in order fulfillment distributed lock,Redis distributed lock fails to release when worker process receives SIGTERM during checkout transaction.,bug,P0-Critical,-1,NONE,17,[Feature Request] Deadlock in order fulfillment distributed lock,Redis distributed lock fails to release when worker process receives SIGTERM during checkout transaction.,[Feature Request] Deadlock in order fulfillment distributed lock Redis distributed lock fails to release when worker process receives SIGTERM during checkout transaction.,22
2257,Dark mode theme preference toggle,Implement automatic dark mode switching based on CSS prefers-color-scheme media query.,feature,P3-Low,-1,FIRST_TIME_CONTRIBUTOR,5,Dark mode theme preference toggle,Implement automatic dark mode switching based on CSS prefers-color-scheme media query.,Dark mode theme preference toggle Implement automatic dark mode switching based on CSS prefers-color-scheme media query.,16
2106,[Bug Report] Deadlock in order fulfillment distributed lock,Redis distributed lock fails to release when worker process receives SIGTERM during checkout transaction.,bug,P0-Critical,-1,NONE,30,[Bug Report] Deadlock in order fulfillment distributed lock,Redis distributed lock fails to release when worker process receives SIGTERM during checkout transaction.,[Bug Report] Deadlock in order fulfillment distributed lock Redis distributed lock fails to release when worker process receives SIGTERM during checkout transaction.,22
1048,Document Docker Compose local setup steps,Add troubleshooting section for port conflicts on Windows WSL2 when starting PostgreSQL container.,documentation,P3-Low,-1,FIRST_TIME_CONTRIBUTOR,3,Document Docker Compose local setup steps,Add troubleshooting section for port conflicts on Windows WSL2 when starting PostgreSQL container.,Document Docker Compose local setup steps Add troubleshooting section for port conflicts on Windows WSL2 when starting PostgreSQL container.,19
1364,Add webhook notifications for payment success,Developers need outbound HTTP webhooks triggered on invoice.paid events with signature verification header.,feature,P1-High,-1,MEMBER,5,Add webhook notifications for payment success,Developers need outbound HTTP webhooks triggered on invoice.paid events with signature verification header.,Add webhook notifications for payment success Developers need outbound HTTP webhooks triggered on invoice.paid events with signature verification header.,19
1624,Optimize Docker image layer caching to speed up CI,Re-installing heavy Python packages on every single commit causes CI build times to exceed 18 minutes.,performance,P2-Medium,-1,MEMBER,2,Optimize Docker image layer caching to speed up CI,Re-installing heavy Python packages on every single commit causes CI build times to exceed 18 minutes.,Optimize Docker image layer caching to speed up CI Re-installing heavy Python packages on every single commit causes CI build times to exceed 18 minutes.,25
1800,[Feature Request] Broken hyperlink in settings footer,Clicking 'Terms of Service' in user settings redirects to 404 page.,bug,P3-Low,-1,FIRST_TIME_CONTRIBUTOR,1,[Feature Request] Broken hyperlink in settings footer,Clicking 'Terms of Service' in user settings redirects to 404 page.,[Feature Request] Broken hyperlink in settings footer Clicking 'Terms of Service' in user settings redirects to 404 page.,18
1471,Support CSV export for monthly billing reports,Accounting teams require monthly transactions exported as standard RFC 4180 CSV files with tax breakdown.,feature,P2-Medium,-1,MEMBER,2,Support CSV export for monthly billing reports,Accounting teams require monthly transactions exported as standard RFC 4180 CSV files with tax breakdown.,Support CSV export for monthly billing reports Accounting teams require monthly transactions exported as standard RFC 4180 CSV files with tax breakdown.,22
1211,Dark mode theme preference toggle,Implement automatic dark mode switching based on CSS prefers-color-scheme media query.,feature,P3-Low,-1,FIRST_TIME_CONTRIBUTOR,5,Dark mode theme preference toggle,Implement automatic dark mode switching based on CSS prefers-color-scheme media query.,Dark mode theme preference toggle Implement automatic dark mode switching based on CSS prefers-color-scheme media query.,16
2383,Fix broken example code in Quickstart tutorial,The quickstart snippet for initializing the client client.connect() causes TypeError: missing 1 required positional argument 'api_key'.,documentation,P2-Medium,-1,CONTRIBUTOR,8,Fix broken example code in Quickstart tutorial,The quickstart snippet for initializing the client client.connect() causes TypeError: missing 1 required positional argument 'api_key'.,Fix broken example code in Quickstart tutorial The quickstart snippet for initializing the client client.connect() causes TypeError: missing 1 required positional argument 'api_key'.,23
1297,Add webhook notifications for payment success,Developers need outbound HTTP webhooks triggered on invoice.paid events with signature verification header.,feature,P1-High,-1,NONE,4,Add webhook notifications for payment success,Developers need outbound HTTP webhooks triggered on invoice.paid events with signature verification header.,Add webhook notifications for payment success Developers need outbound HTTP webhooks triggered on invoice.paid events with signature verification header.,19
1177,Question: Memory leak in background token refresh worker,Process RSS memory grows continuously by ~50MB/hour. Profiling indicates unclosed TCP sessions in AuthService.,bug,P1-High,-1,MEMBER,2,Question: Memory leak in background token refresh worker,Process RSS memory grows continuously by ~50MB/hour. Profiling indicates unclosed TCP sessions in AuthService.,Question: Memory leak in background token refresh worker Process RSS memory grows continuously by ~50MB/hour. Profiling indicates unclosed TCP sessions in AuthService.,22
2079,Add support for OAuth2 Google Login,Users need the ability to authenticate via Google OAuth2 with PKCE flow. Needs configuration for client ID and secret.,feature,P2-Medium,-1,NONE,8,Add support for OAuth2 Google Login,Users need the ability to authenticate via Google OAuth2 with PKCE flow. Needs configuration for client ID and secret.,Add support for OAuth2 Google Login Users need the ability to authenticate via Google OAuth2 with PKCE flow. Needs configuration for client ID and secret.,25
2043,Database connection pool exhausted under high concurrency,"HikariCP pool drops active connections after 500 concurrent requests. Error: Connection is not available, request timed out after 30000ms.",bug,P1-High,-1,NONE,7,Database connection pool exhausted under high concurrency,"HikariCP pool drops active connections after 500 concurrent requests. Error: Connection is not available, request timed out after 30000ms.","Database connection pool exhausted under high concurrency HikariCP pool drops active connections after 500 concurrent requests. Error: Connection is not available, request timed out after 30000ms.",26
1874,Implement bulk item deletion in admin console,Allow administrators to select multiple user records and execute soft-delete in a single batch operation.,feature,P2-Medium,-1,MEMBER,4,Implement bulk item deletion in admin console,Allow administrators to select multiple user records and execute soft-delete in a single batch operation.,Implement bulk item deletion in admin console Allow administrators to select multiple user records and execute soft-delete in a single batch operation.,22
1102,Add support for OAuth2 Google Login,Users need the ability to authenticate via Google OAuth2 with PKCE flow. Needs configuration for client ID and secret.,feature,P2-Medium,-1,MEMBER,4,Add support for OAuth2 Google Login,Users need the ability to authenticate via Google OAuth2 with PKCE flow. Needs configuration for client ID and secret.,Add support for OAuth2 Google Login Users need the ability to authenticate via Google OAuth2 with PKCE flow. Needs configuration for client ID and secret.,25
2038,[Bug Report] UnicodeDecodeError when parsing multibyte UTF-8 input,The JSON parser crashes on emoji input with UnicodeDecodeError: 'utf-8' codec can't decode byte 0xed in position 12.,bug,P2-Medium,-1,MEMBER,4,[Bug Report] UnicodeDecodeError when parsing multibyte UTF-8 input,The JSON parser crashes on emoji input with UnicodeDecodeError: 'utf-8' codec can't decode byte 0xed in position 12.,[Bug Report] UnicodeDecodeError when parsing multibyte UTF-8 input The JSON parser crashes on emoji input with UnicodeDecodeError: 'utf-8' codec can't decode byte 0xed in position 12.,26
1229,Dark mode theme preference toggle,Implement automatic dark mode switching based on CSS prefers-color-scheme media query.,feature,P3-Low,-1,CONTRIBUTOR,3,Dark mode theme preference toggle,Implement automatic dark mode switching based on CSS prefers-color-scheme media query.,Dark mode theme preference toggle Implement automatic dark mode switching based on CSS prefers-color-scheme media query.,16
1295,Slow SQL query on user activity feed endpoint,SELECT * FROM activities WHERE user_id = ? ORDER BY timestamp DESC takes 4.2 seconds on accounts with >50k events. Missing composite index.,performance,P1-High,-1,NONE,6,Slow SQL query on user activity feed endpoint,SELECT * FROM activities WHERE user_id = ? ORDER BY timestamp DESC takes 4.2 seconds on accounts with >50k events. Missing composite index.,Slow SQL query on user activity feed endpoint SELECT * FROM activities WHERE user_id = ? ORDER BY timestamp DESC takes 4.2 seconds on accounts with >50k events. Missing composite index.,31
1504,High CPU utilization in regex router matching,Regex matching in URL routing consumes 85% CPU during high request spikes due to catastrophic backtracking in greedy pattern.,performance,P1-High,-1,CONTRIBUTOR,8,High CPU utilization in regex router matching,Regex matching in URL routing consumes 85% CPU during high request spikes due to catastrophic backtracking in greedy pattern.,High CPU utilization in regex router matching Regex matching in URL routing consumes 85% CPU during high request spikes due to catastrophic backtracking in greedy pattern.,26
2070,Document Docker Compose local setup steps,Add troubleshooting section for port conflicts on Windows WSL2 when starting PostgreSQL container.,documentation,P3-Low,-1,FIRST_TIME_CONTRIBUTOR,5,Document Docker Compose local setup steps,Add troubleshooting section for port conflicts on Windows WSL2 when starting PostgreSQL container.,Document Docker Compose local setup steps Add troubleshooting section for port conflicts on Windows WSL2 when starting PostgreSQL container.,19
1479,Slow SQL query on user activity feed endpoint,SELECT * FROM activities WHERE user_id = ? ORDER BY timestamp DESC takes 4.2 seconds on accounts with >50k events. Missing composite index.,performance,P1-High,-1,NONE,7,Slow SQL query on user activity feed endpoint,SELECT * FROM activities WHERE user_id = ? ORDER BY timestamp DESC takes 4.2 seconds on accounts with >50k events. Missing composite index.,Slow SQL query on user activity feed endpoint SELECT * FROM activities WHERE user_id = ? ORDER BY timestamp DESC takes 4.2 seconds on accounts with >50k events. Missing composite index.,31
2333,Dark mode theme preference toggle,Implement automatic dark mode switching based on CSS prefers-color-scheme media query.,feature,P3-Low,-1,MEMBER,2,Dark mode theme preference toggle,Implement automatic dark mode switching based on CSS prefers-color-scheme media query.,Dark mode theme preference toggle Implement automatic dark mode switching based on CSS prefers-color-scheme media query.,16
2026,Add support for OAuth2 Google Login,Users need the ability to authenticate via Google OAuth2 with PKCE flow. Needs configuration for client ID and secret.,feature,P2-Medium,-1,FIRST_TIME_CONTRIBUTOR,2,Add support for OAuth2 Google Login,Users need the ability to authenticate via Google OAuth2 with PKCE flow. Needs configuration for client ID and secret.,Add support for OAuth2 Google Login Users need the ability to authenticate via Google OAuth2 with PKCE flow. Needs configuration for client ID and secret.,25
1367,[Bug Report] Database connection pool exhausted under high concurrency,"HikariCP pool drops active connections after 500 concurrent requests. Error: Connection is not available, request timed out after 30000ms.",bug,P1-High,-1,MEMBER,4,[Bug Report] Database connection pool exhausted under high concurrency,"HikariCP pool drops active connections after 500 concurrent requests. Error: Connection is not available, request timed out after 30000ms.","[Bug Report] Database connection pool exhausted under high concurrency HikariCP pool drops active connections after 500 concurrent requests. Error: Connection is not available, request timed out after 30000ms.",28
2066,Urgent: NullPointerException on user checkout,"When calling POST /api/v1/checkout with an empty cart item list, server throws NullPointerException at CheckoutService.java:142. Expected HTTP 400 Bad Request.",bug,P0-Critical,-1,CONTRIBUTOR,5,Urgent: NullPointerException on user checkout,"When calling POST /api/v1/checkout with an empty cart item list, server throws NullPointerException at CheckoutService.java:142. Expected HTTP 400 Bad Request.","Urgent: NullPointerException on user checkout When calling POST /api/v1/checkout with an empty cart item list, server throws NullPointerException at CheckoutService.java:142. Expected HTTP 400 Bad Request.",25
1847,Fix broken example code in Quickstart tutorial,The quickstart snippet for initializing the client client.connect() causes TypeError: missing 1 required positional argument 'api_key'.,documentation,P2-Medium,-1,NONE,5,Fix broken example code in Quickstart tutorial,The quickstart snippet for initializing the client client.connect() causes TypeError: missing 1 required positional argument 'api_key'.,Fix broken example code in Quickstart tutorial The quickstart snippet for initializing the client client.connect() causes TypeError: missing 1 required positional argument 'api_key'.,23
2385,Question: Deadlock in order fulfillment distributed lock,Redis distributed lock fails to release when worker process receives SIGTERM during checkout transaction.,bug,P0-Critical,-1,CONTRIBUTOR,12,Question: Deadlock in order fulfillment distributed lock,Redis distributed lock fails to release when worker process receives SIGTERM during checkout transaction.,Question: Deadlock in order fulfillment distributed lock Redis distributed lock fails to release when worker process receives SIGTERM during checkout transaction.,21
2338,UnicodeDecodeError when parsing multibyte UTF-8 input,The JSON parser crashes on emoji input with UnicodeDecodeError: 'utf-8' codec can't decode byte 0xed in position 12.,bug,P2-Medium,-1,MEMBER,7,UnicodeDecodeError when parsing multibyte UTF-8 input,The JSON parser crashes on emoji input with UnicodeDecodeError: 'utf-8' codec can't decode byte 0xed in position 12.,UnicodeDecodeError when parsing multibyte UTF-8 input The JSON parser crashes on emoji input with UnicodeDecodeError: 'utf-8' codec can't decode byte 0xed in position 12.,24
1710,High CPU utilization in regex router matching,Regex matching in URL routing consumes 85% CPU during high request spikes due to catastrophic backtracking in greedy pattern.,performance,P1-High,-1,CONTRIBUTOR,2,High CPU utilization in regex router matching,Regex matching in URL routing consumes 85% CPU during high request spikes due to catastrophic backtracking in greedy pattern.,High CPU utilization in regex router matching Regex matching in URL routing consumes 85% CPU during high request spikes due to catastrophic backtracking in greedy pattern.,26
2374,[Prod] UnicodeDecodeError when parsing multibyte UTF-8 input,The JSON parser crashes on emoji input with UnicodeDecodeError: 'utf-8' codec can't decode byte 0xed in position 12.,bug,P2-Medium,-1,MEMBER,1,[Prod] UnicodeDecodeError when parsing multibyte UTF-8 input,The JSON parser crashes on emoji input with UnicodeDecodeError: 'utf-8' codec can't decode byte 0xed in position 12.,[Prod] UnicodeDecodeError when parsing multibyte UTF-8 input The JSON parser crashes on emoji input with UnicodeDecodeError: 'utf-8' codec can't decode byte 0xed in position 12.,25
1550,Question: Database connection pool exhausted under high concurrency,"HikariCP pool drops active connections after 500 concurrent requests. Error: Connection is not available, request timed out after 30000ms.",bug,P1-High,-1,CONTRIBUTOR,8,Question: Database connection pool exhausted under high concurrency,"HikariCP pool drops active connections after 500 concurrent requests. Error: Connection is not available, request timed out after 30000ms.","Question: Database connection pool exhausted under high concurrency HikariCP pool drops active connections after 500 concurrent requests. Error: Connection is not available, request timed out after 30000ms.",27
1865,[Prod] Deadlock in order fulfillment distributed lock,Redis distributed lock fails to release when worker process receives SIGTERM during checkout transaction.,bug,P0-Critical,-1,CONTRIBUTOR,19,[Prod] Deadlock in order fulfillment distributed lock,Redis distributed lock fails to release when worker process receives SIGTERM during checkout transaction.,[Prod] Deadlock in order fulfillment distributed lock Redis distributed lock fails to release when worker process receives SIGTERM during checkout transaction.,21
2084,Urgent: NullPointerException on user checkout,"When calling POST /api/v1/checkout with an empty cart item list, server throws NullPointerException at CheckoutService.java:142. Expected HTTP 400 Bad Request.",bug,P0-Critical,-1,FIRST_TIME_CONTRIBUTOR,30,Urgent: NullPointerException on user checkout,"When calling POST /api/v1/checkout with an empty cart item list, server throws NullPointerException at CheckoutService.java:142. Expected HTTP 400 Bad Request.","Urgent: NullPointerException on user checkout When calling POST /api/v1/checkout with an empty cart item list, server throws NullPointerException at CheckoutService.java:142. Expected HTTP 400 Bad Request.",25
2069,[Bug Report] Memory leak in background token refresh worker,Process RSS memory grows continuously by ~50MB/hour. Profiling indicates unclosed TCP sessions in AuthService.,bug,P1-High,-1,MEMBER,6,[Bug Report] Memory leak in background token refresh worker,Process RSS memory grows continuously by ~50MB/hour. Profiling indicates unclosed TCP sessions in AuthService.,[Bug Report] Memory leak in background token refresh worker Process RSS memory grows continuously by ~50MB/hour. Profiling indicates unclosed TCP sessions in AuthService.,23
2316,Support CSV export for monthly billing reports,Accounting teams require monthly transactions exported as standard RFC 4180 CSV files with tax breakdown.,feature,P2-Medium,-1,MEMBER,3,Support CSV export for monthly billing reports,Accounting teams require monthly transactions exported as standard RFC 4180 CSV files with tax breakdown.,Support CSV export for monthly billing reports Accounting teams require monthly transactions exported as standard RFC 4180 CSV files with tax breakdown.,22
2275,Implement bulk item deletion in admin console,Allow administrators to select multiple user records and execute soft-delete in a single batch operation.,feature,P2-Medium,-1,CONTRIBUTOR,6,Implement bulk item deletion in admin console,Allow administrators to select multiple user records and execute soft-delete in a single batch operation.,Implement bulk item deletion in admin console Allow administrators to select multiple user records and execute soft-delete in a single batch operation.,22
2025,High CPU utilization in regex router matching,Regex matching in URL routing consumes 85% CPU during high request spikes due to catastrophic backtracking in greedy pattern.,performance,P1-High,-1,CONTRIBUTOR,2,High CPU utilization in regex router matching,Regex matching in URL routing consumes 85% CPU during high request spikes due to catastrophic backtracking in greedy pattern.,High CPU utilization in regex router matching Regex matching in URL routing consumes 85% CPU during high request spikes due to catastrophic backtracking in greedy pattern.,26
2458,Fix broken example code in Quickstart tutorial,The quickstart snippet for initializing the client client.connect() causes TypeError: missing 1 required positional argument 'api_key'.,documentation,P2-Medium,-1,CONTRIBUTOR,1,Fix broken example code in Quickstart tutorial,The quickstart snippet for initializing the client client.connect() causes TypeError: missing 1 required positional argument 'api_key'.,Fix broken example code in Quickstart tutorial The quickstart snippet for initializing the client client.connect() causes TypeError: missing 1 required positional argument 'api_key'.,23
1073,Implement bulk item deletion in admin console,Allow administrators to select multiple user records and execute soft-delete in a single batch operation.,feature,P2-Medium,-1,NONE,4,Implement bulk item deletion in admin console,Allow administrators to select multiple user records and execute soft-delete in a single batch operation.,Implement bulk item deletion in admin console Allow administrators to select multiple user records and execute soft-delete in a single batch operation.,22
1289,Question: Broken hyperlink in settings footer,Clicking 'Terms of Service' in user settings redirects to 404 page.,bug,P3-Low,-1,MEMBER,7,Question: Broken hyperlink in settings footer,Clicking 'Terms of Service' in user settings redirects to 404 page.,Question: Broken hyperlink in settings footer Clicking 'Terms of Service' in user settings redirects to 404 page.,17
1301,CSS overflow issue on mobile navigation drawer,"On iOS Safari viewport < 375px, the slide-over menu items clip outside the right screen border.",bug,P3-Low,-1,NONE,8,CSS overflow issue on mobile navigation drawer,"On iOS Safari viewport < 375px, the slide-over menu items clip outside the right screen border.","CSS overflow issue on mobile navigation drawer On iOS Safari viewport < 375px, the slide-over menu items clip outside the right screen border.",23
1213,Urgent: CORS policy allows wildcard origin with credentials,"Access-Control-Allow-Origin is set to '*' while Access-Control-Allow-Credentials is true, violating CORS specification.",security,P1-High,-1,NONE,0,Urgent: CORS policy allows wildcard origin with credentials,"Access-Control-Allow-Origin is set to '*' while Access-Control-Allow-Credentials is true, violating CORS specification.","Urgent: CORS policy allows wildcard origin with credentials Access-Control-Allow-Origin is set to '*' while Access-Control-Allow-Credentials is true, violating CORS specification.",20
1583,[Feature Request] Memory leak in background token refresh worker,Process RSS memory grows continuously by ~50MB/hour. Profiling indicates unclosed TCP sessions in AuthService.,bug,P1-High,-1,FIRST_TIME_CONTRIBUTOR,6,[Feature Request] Memory leak in background token refresh worker,Process RSS memory grows continuously by ~50MB/hour. Profiling indicates unclosed TCP sessions in AuthService.,[Feature Request] Memory leak in background token refresh worker Process RSS memory grows continuously by ~50MB/hour. Profiling indicates unclosed TCP sessions in AuthService.,23
2096,Question: Deadlock in order fulfillment distributed lock,Redis distributed lock fails to release when worker process receives SIGTERM during checkout transaction.,bug,P0-Critical,-1,NONE,10,Question: Deadlock in order fulfillment distributed lock,Redis distributed lock fails to release when worker process receives SIGTERM during checkout transaction.,Question: Deadlock in order fulfillment distributed lock Redis distributed lock fails to release when worker process receives SIGTERM during checkout transaction.,21
2181,Implement bulk item deletion in admin console,Allow administrators to select multiple user records and execute soft-delete in a single batch operation.,feature,P2-Medium,-1,NONE,8,Implement bulk item deletion in admin console,Allow administrators to select multiple user records and execute soft-delete in a single batch operation.,Implement bulk item deletion in admin console Allow administrators to select multiple user records and execute soft-delete in a single batch operation.,22
1901,SQL Injection vulnerability in search filter query,The 'filter' parameter in /api/v1/search is concatenated directly into the SQL string without parameterized binding. Exploitable via ' OR 1=1 --,security,P0-Critical,-1,MEMBER,26,SQL Injection vulnerability in search filter query,The 'filter' parameter in /api/v1/search is concatenated directly into the SQL string without parameterized binding. Exploitable via ' OR 1=1 --,SQL Injection vulnerability in search filter query The 'filter' parameter in /api/v1/search is concatenated directly into the SQL string without parameterized binding. Exploitable via ' OR 1=1 --,28
2279,Urgent: Deadlock in order fulfillment distributed lock,Redis distributed lock fails to release when worker process receives SIGTERM during checkout transaction.,bug,P0-Critical,-1,CONTRIBUTOR,11,Urgent: Deadlock in order fulfillment distributed lock,Redis distributed lock fails to release when worker process receives SIGTERM during checkout transaction.,Urgent: Deadlock in order fulfillment distributed lock Redis distributed lock fails to release when worker process receives SIGTERM during checkout transaction.,21
1008,Database timeout loading activity stream,Fetching user activities times out on accounts with >50k events. Index missing.,performance,P1-High,103,CONTRIBUTOR,1,Database timeout loading activity stream,Fetching user activities times out on accounts with >50k events. Index missing.,Database timeout loading activity stream Fetching user activities times out on accounts with >50k events. Index missing.,17
2211,[Bug Report] Broken hyperlink in settings footer,Clicking 'Terms of Service' in user settings redirects to 404 page.,bug,P3-Low,-1,FIRST_TIME_CONTRIBUTOR,8,[Bug Report] Broken hyperlink in settings footer,Clicking 'Terms of Service' in user settings redirects to 404 page.,[Bug Report] Broken hyperlink in settings footer Clicking 'Terms of Service' in user settings redirects to 404 page.,18
1538,[Prod] Deadlock in order fulfillment distributed lock,Redis distributed lock fails to release when worker process receives SIGTERM during checkout transaction.,bug,P0-Critical,-1,MEMBER,7,[Prod] Deadlock in order fulfillment distributed lock,Redis distributed lock fails to release when worker process receives SIGTERM during checkout transaction.,[Prod] Deadlock in order fulfillment distributed lock Redis distributed lock fails to release when worker process receives SIGTERM during checkout transaction.,21
2472,[Feature Request] NullPointerException on user checkout,"When calling POST /api/v1/checkout with an empty cart item list, server throws NullPointerException at CheckoutService.java:142. Expected HTTP 400 Bad Request.",bug,P0-Critical,-1,MEMBER,8,[Feature Request] NullPointerException on user checkout,"When calling POST /api/v1/checkout with an empty cart item list, server throws NullPointerException at CheckoutService.java:142. Expected HTTP 400 Bad Request.","[Feature Request] NullPointerException on user checkout When calling POST /api/v1/checkout with an empty cart item list, server throws NullPointerException at CheckoutService.java:142. Expected HTTP 400 Bad Request.",26
2400,Urgent: Checkbox state does not persist across tab switching,Form input resets when toggling between 'Account' and 'Billing' sub-tabs.,bug,P2-Medium,-1,MEMBER,0,Urgent: Checkbox state does not persist across tab switching,Form input resets when toggling between 'Account' and 'Billing' sub-tabs.,Urgent: Checkbox state does not persist across tab switching Form input resets when toggling between 'Account' and 'Billing' sub-tabs.,19
1261,Slow SQL query on user activity feed endpoint,SELECT * FROM activities WHERE user_id = ? ORDER BY timestamp DESC takes 4.2 seconds on accounts with >50k events. Missing composite index.,performance,P1-High,-1,MEMBER,8,Slow SQL query on user activity feed endpoint,SELECT * FROM activities WHERE user_id = ? ORDER BY timestamp DESC takes 4.2 seconds on accounts with >50k events. Missing composite index.,Slow SQL query on user activity feed endpoint SELECT * FROM activities WHERE user_id = ? ORDER BY timestamp DESC takes 4.2 seconds on accounts with >50k events. Missing composite index.,31
1795,Optimize Docker image layer caching to speed up CI,Re-installing heavy Python packages on every single commit causes CI build times to exceed 18 minutes.,performance,P2-Medium,-1,MEMBER,8,Optimize Docker image layer caching to speed up CI,Re-installing heavy Python packages on every single commit causes CI build times to exceed 18 minutes.,Optimize Docker image layer caching to speed up CI Re-installing heavy Python packages on every single commit causes CI build times to exceed 18 minutes.,25
1528,Add support for OAuth2 Google Login,Users need the ability to authenticate via Google OAuth2 with PKCE flow. Needs configuration for client ID and secret.,feature,P2-Medium,-1,NONE,0,Add support for OAuth2 Google Login,Users need the ability to authenticate via Google OAuth2 with PKCE flow. Needs configuration for client ID and secret.,Add support for OAuth2 Google Login Users need the ability to authenticate via Google OAuth2 with PKCE flow. Needs configuration for client ID and secret.,25
2233,[Feature Request] Database connection pool exhausted under high concurrency,"HikariCP pool drops active connections after 500 concurrent requests. Error: Connection is not available, request timed out after 30000ms.",bug,P1-High,-1,MEMBER,3,[Feature Request] Database connection pool exhausted under high concurrency,"HikariCP pool drops active connections after 500 concurrent requests. Error: Connection is not available, request timed out after 30000ms.","[Feature Request] Database connection pool exhausted under high concurrency HikariCP pool drops active connections after 500 concurrent requests. Error: Connection is not available, request timed out after 30000ms.",28
2494,Question: Deadlock in order fulfillment distributed lock,Redis distributed lock fails to release when worker process receives SIGTERM during checkout transaction.,bug,P0-Critical,-1,MEMBER,20,Question: Deadlock in order fulfillment distributed lock,Redis distributed lock fails to release when worker process receives SIGTERM during checkout transaction.,Question: Deadlock in order fulfillment distributed lock Redis distributed lock fails to release when worker process receives SIGTERM during checkout transaction.,21
1453,Fix broken example code in Quickstart tutorial,The quickstart snippet for initializing the client client.connect() causes TypeError: missing 1 required positional argument 'api_key'.,documentation,P2-Medium,-1,NONE,4,Fix broken example code in Quickstart tutorial,The quickstart snippet for initializing the client client.connect() causes TypeError: missing 1 required positional argument 'api_key'.,Fix broken example code in Quickstart tutorial The quickstart snippet for initializing the client client.connect() causes TypeError: missing 1 required positional argument 'api_key'.,23
1389,[Feature Request] SQL Injection vulnerability in search filter query,The 'filter' parameter in /api/v1/search is concatenated directly into the SQL string without parameterized binding. Exploitable via ' OR 1=1 --,security,P0-Critical,-1,MEMBER,19,[Feature Request] SQL Injection vulnerability in search filter query,The 'filter' parameter in /api/v1/search is concatenated directly into the SQL string without parameterized binding. Exploitable via ' OR 1=1 --,[Feature Request] SQL Injection vulnerability in search filter query The 'filter' parameter in /api/v1/search is concatenated directly into the SQL string without parameterized binding. Exploitable via ' OR 1=1 --,30
1652,Add support for OAuth2 Google Login,Users need the ability to authenticate via Google OAuth2 with PKCE flow. Needs configuration for client ID and secret.,feature,P2-Medium,-1,FIRST_TIME_CONTRIBUTOR,4,Add support for OAuth2 Google Login,Users need the ability to authenticate via Google OAuth2 with PKCE flow. Needs configuration for client ID and secret.,Add support for OAuth2 Google Login Users need the ability to authenticate via Google OAuth2 with PKCE flow. Needs configuration for client ID and secret.,25
2271,Update API documentation for v2 authentication header,"The current Swagger docs show 'Authorization: Token <key>', but v2 requires 'Authorization: Bearer <jwt>'.",documentation,P2-Medium,-1,CONTRIBUTOR,2,Update API documentation for v2 authentication header,"The current Swagger docs show 'Authorization: Token <key>', but v2 requires 'Authorization: Bearer <jwt>'.","Update API documentation for v2 authentication header The current Swagger docs show 'Authorization: Token <key>', but v2 requires 'Authorization: Bearer <jwt>'.",21
2135,Urgent: NullPointerException on user checkout,"When calling POST /api/v1/checkout with an empty cart item list, server throws NullPointerException at CheckoutService.java:142. Expected HTTP 400 Bad Request.",bug,P0-Critical,-1,MEMBER,17,Urgent: NullPointerException on user checkout,"When calling POST /api/v1/checkout with an empty cart item list, server throws NullPointerException at CheckoutService.java:142. Expected HTTP 400 Bad Request.","Urgent: NullPointerException on user checkout When calling POST /api/v1/checkout with an empty cart item list, server throws NullPointerException at CheckoutService.java:142. Expected HTTP 400 Bad Request.",25
1628,Update API documentation for v2 authentication header,"The current Swagger docs show 'Authorization: Token <key>', but v2 requires 'Authorization: Bearer <jwt>'.",documentation,P2-Medium,-1,FIRST_TIME_CONTRIBUTOR,3,Update API documentation for v2 authentication header,"The current Swagger docs show 'Authorization: Token <key>', but v2 requires 'Authorization: Bearer <jwt>'.","Update API documentation for v2 authentication header The current Swagger docs show 'Authorization: Token <key>', but v2 requires 'Authorization: Bearer <jwt>'.",21
1485,Implement bulk item deletion in admin console,Allow administrators to select multiple user records and execute soft-delete in a single batch operation.,feature,P2-Medium,-1,FIRST_TIME_CONTRIBUTOR,6,Implement bulk item deletion in admin console,Allow administrators to select multiple user records and execute soft-delete in a single batch operation.,Implement bulk item deletion in admin console Allow administrators to select multiple user records and execute soft-delete in a single batch operation.,22
2441,Question: Deadlock in order fulfillment distributed lock,Redis distributed lock fails to release when worker process receives SIGTERM during checkout transaction.,bug,P0-Critical,-1,CONTRIBUTOR,18,Question: Deadlock in order fulfillment distributed lock,Redis distributed lock fails to release when worker process receives SIGTERM during checkout transaction.,Question: Deadlock in order fulfillment distributed lock Redis distributed lock fails to release when worker process receives SIGTERM during checkout transaction.,21
1928,Add support for OAuth2 Google Login,Users need the ability to authenticate via Google OAuth2 with PKCE flow. Needs configuration for client ID and secret.,feature,P2-Medium,-1,NONE,4,Add support for OAuth2 Google Login,Users need the ability to authenticate via Google OAuth2 with PKCE flow. Needs configuration for client ID and secret.,Add support for OAuth2 Google Login Users need the ability to authenticate via Google OAuth2 with PKCE flow. Needs configuration for client ID and secret.,25
1989,Update API documentation for v2 authentication header,"The current Swagger docs show 'Authorization: Token <key>', but v2 requires 'Authorization: Bearer <jwt>'.",documentation,P2-Medium,-1,FIRST_TIME_CONTRIBUTOR,2,Update API documentation for v2 authentication header,"The current Swagger docs show 'Authorization: Token <key>', but v2 requires 'Authorization: Bearer <jwt>'.","Update API documentation for v2 authentication header The current Swagger docs show 'Authorization: Token <key>', but v2 requires 'Authorization: Bearer <jwt>'.",21
2023,Implement bulk item deletion in admin console,Allow administrators to select multiple user records and execute soft-delete in a single batch operation.,feature,P2-Medium,-1,NONE,3,Implement bulk item deletion in admin console,Allow administrators to select multiple user records and execute soft-delete in a single batch operation.,Implement bulk item deletion in admin console Allow administrators to select multiple user records and execute soft-delete in a single batch operation.,22
1582,Support CSV export for monthly billing reports,Accounting teams require monthly transactions exported as standard RFC 4180 CSV files with tax breakdown.,feature,P2-Medium,-1,FIRST_TIME_CONTRIBUTOR,6,Support CSV export for monthly billing reports,Accounting teams require monthly transactions exported as standard RFC 4180 CSV files with tax breakdown.,Support CSV export for monthly billing reports Accounting teams require monthly transactions exported as standard RFC 4180 CSV files with tax breakdown.,22
2265,Dark mode theme preference toggle,Implement automatic dark mode switching based on CSS prefers-color-scheme media query.,feature,P3-Low,-1,CONTRIBUTOR,8,Dark mode theme preference toggle,Implement automatic dark mode switching based on CSS prefers-color-scheme media query.,Dark mode theme preference toggle Implement automatic dark mode switching based on CSS prefers-color-scheme media query.,16
1076,Dark mode theme preference toggle,Implement automatic dark mode switching based on CSS prefers-color-scheme media query.,feature,P3-Low,-1,MEMBER,3,Dark mode theme preference toggle,Implement automatic dark mode switching based on CSS prefers-color-scheme media query.,Dark mode theme preference toggle Implement automatic dark mode switching based on CSS prefers-color-scheme media query.,16
1512,Urgent: NullPointerException on user checkout,"When calling POST /api/v1/checkout with an empty cart item list, server throws NullPointerException at CheckoutService.java:142. Expected HTTP 400 Bad Request.",bug,P0-Critical,-1,CONTRIBUTOR,12,Urgent: NullPointerException on user checkout,"When calling POST /api/v1/checkout with an empty cart item list, server throws NullPointerException at CheckoutService.java:142. Expected HTTP 400 Bad Request.","Urgent: NullPointerException on user checkout When calling POST /api/v1/checkout with an empty cart item list, server throws NullPointerException at CheckoutService.java:142. Expected HTTP 400 Bad Request.",25
1112,Memory leak in background token refresh worker,Process RSS memory grows continuously by ~50MB/hour. Profiling indicates unclosed TCP sessions in AuthService.,bug,P1-High,-1,CONTRIBUTOR,7,Memory leak in background token refresh worker,Process RSS memory grows continuously by ~50MB/hour. Profiling indicates unclosed TCP sessions in AuthService.,Memory leak in background token refresh worker Process RSS memory grows continuously by ~50MB/hour. Profiling indicates unclosed TCP sessions in AuthService.,21
1692,[Prod] Memory leak in background token refresh worker,Process RSS memory grows continuously by ~50MB/hour. Profiling indicates unclosed TCP sessions in AuthService.,bug,P1-High,-1,FIRST_TIME_CONTRIBUTOR,3,[Prod] Memory leak in background token refresh worker,Process RSS memory grows continuously by ~50MB/hour. Profiling indicates unclosed TCP sessions in AuthService.,[Prod] Memory leak in background token refresh worker Process RSS memory grows continuously by ~50MB/hour. Profiling indicates unclosed TCP sessions in AuthService.,22
1950,Question: Broken hyperlink in settings footer,Clicking 'Terms of Service' in user settings redirects to 404 page.,bug,P3-Low,-1,CONTRIBUTOR,4,Question: Broken hyperlink in settings footer,Clicking 'Terms of Service' in user settings redirects to 404 page.,Question: Broken hyperlink in settings footer Clicking 'Terms of Service' in user settings redirects to 404 page.,17
1499,High CPU utilization in regex router matching,Regex matching in URL routing consumes 85% CPU during high request spikes due to catastrophic backtracking in greedy pattern.,performance,P1-High,-1,NONE,7,High CPU utilization in regex router matching,Regex matching in URL routing consumes 85% CPU during high request spikes due to catastrophic backtracking in greedy pattern.,High CPU utilization in regex router matching Regex matching in URL routing consumes 85% CPU during high request spikes due to catastrophic backtracking in greedy pattern.,26
1015,CORS policy allows wildcard origin with credentials,"Access-Control-Allow-Origin is set to '*' while Access-Control-Allow-Credentials is true, violating CORS specification.",security,P1-High,-1,MEMBER,8,CORS policy allows wildcard origin with credentials,"Access-Control-Allow-Origin is set to '*' while Access-Control-Allow-Credentials is true, violating CORS specification.","CORS policy allows wildcard origin with credentials Access-Control-Allow-Origin is set to '*' while Access-Control-Allow-Credentials is true, violating CORS specification.",19
1768,[Bug Report] Checkbox state does not persist across tab switching,Form input resets when toggling between 'Account' and 'Billing' sub-tabs.,bug,P2-Medium,-1,FIRST_TIME_CONTRIBUTOR,4,[Bug Report] Checkbox state does not persist across tab switching,Form input resets when toggling between 'Account' and 'Billing' sub-tabs.,[Bug Report] Checkbox state does not persist across tab switching Form input resets when toggling between 'Account' and 'Billing' sub-tabs.,20
1062,Implement bulk item deletion in admin console,Allow administrators to select multiple user records and execute soft-delete in a single batch operation.,feature,P2-Medium,-1,NONE,2,Implement bulk item deletion in admin console,Allow administrators to select multiple user records and execute soft-delete in a single batch operation.,Implement bulk item deletion in admin console Allow administrators to select multiple user records and execute soft-delete in a single batch operation.,22
2471,[Feature Request] Checkbox state does not persist across tab switching,Form input resets when toggling between 'Account' and 'Billing' sub-tabs.,bug,P2-Medium,-1,CONTRIBUTOR,0,[Feature Request] Checkbox state does not persist across tab switching,Form input resets when toggling between 'Account' and 'Billing' sub-tabs.,[Feature Request] Checkbox state does not persist across tab switching Form input resets when toggling between 'Account' and 'Billing' sub-tabs.,20
1556,Broken hyperlink in settings footer,Clicking 'Terms of Service' in user settings redirects to 404 page.,bug,P3-Low,-1,MEMBER,6,Broken hyperlink in settings footer,Clicking 'Terms of Service' in user settings redirects to 404 page.,Broken hyperlink in settings footer Clicking 'Terms of Service' in user settings redirects to 404 page.,16
1337,Update API documentation for v2 authentication header,"The current Swagger docs show 'Authorization: Token <key>', but v2 requires 'Authorization: Bearer <jwt>'.",documentation,P2-Medium,-1,FIRST_TIME_CONTRIBUTOR,3,Update API documentation for v2 authentication header,"The current Swagger docs show 'Authorization: Token <key>', but v2 requires 'Authorization: Bearer <jwt>'.","Update API documentation for v2 authentication header The current Swagger docs show 'Authorization: Token <key>', but v2 requires 'Authorization: Bearer <jwt>'.",21
1482,Question: CSS overflow issue on mobile navigation drawer,"On iOS Safari viewport < 375px, the slide-over menu items clip outside the right screen border.",bug,P3-Low,-1,NONE,5,Question: CSS overflow issue on mobile navigation drawer,"On iOS Safari viewport < 375px, the slide-over menu items clip outside the right screen border.","Question: CSS overflow issue on mobile navigation drawer On iOS Safari viewport < 375px, the slide-over menu items clip outside the right screen border.",24
1107,Fix broken example code in Quickstart tutorial,The quickstart snippet for initializing the client client.connect() causes TypeError: missing 1 required positional argument 'api_key'.,documentation,P2-Medium,-1,NONE,0,Fix broken example code in Quickstart tutorial,The quickstart snippet for initializing the client client.connect() causes TypeError: missing 1 required positional argument 'api_key'.,Fix broken example code in Quickstart tutorial The quickstart snippet for initializing the client client.connect() causes TypeError: missing 1 required positional argument 'api_key'.,23
1695,UnicodeDecodeError when parsing multibyte UTF-8 input,The JSON parser crashes on emoji input with UnicodeDecodeError: 'utf-8' codec can't decode byte 0xed in position 12.,bug,P2-Medium,-1,FIRST_TIME_CONTRIBUTOR,0,UnicodeDecodeError when parsing multibyte UTF-8 input,The JSON parser crashes on emoji input with UnicodeDecodeError: 'utf-8' codec can't decode byte 0xed in position 12.,UnicodeDecodeError when parsing multibyte UTF-8 input The JSON parser crashes on emoji input with UnicodeDecodeError: 'utf-8' codec can't decode byte 0xed in position 12.,24
1430,Memory leak in background token refresh worker,Process RSS memory grows continuously by ~50MB/hour. Profiling indicates unclosed TCP sessions in AuthService.,bug,P1-High,-1,CONTRIBUTOR,1,Memory leak in background token refresh worker,Process RSS memory grows continuously by ~50MB/hour. Profiling indicates unclosed TCP sessions in AuthService.,Memory leak in background token refresh worker Process RSS memory grows continuously by ~50MB/hour. Profiling indicates unclosed TCP sessions in AuthService.,21
1321,Dark mode theme preference toggle,Implement automatic dark mode switching based on CSS prefers-color-scheme media query.,feature,P3-Low,-1,NONE,2,Dark mode theme preference toggle,Implement automatic dark mode switching based on CSS prefers-color-scheme media query.,Dark mode theme preference toggle Implement automatic dark mode switching based on CSS prefers-color-scheme media query.,16
1240,Implement bulk item deletion in admin console,Allow administrators to select multiple user records and execute soft-delete in a single batch operation.,feature,P2-Medium,-1,MEMBER,8,Implement bulk item deletion in admin console,Allow administrators to select multiple user records and execute soft-delete in a single batch operation.,Implement bulk item deletion in admin console Allow administrators to select multiple user records and execute soft-delete in a single batch operation.,22
1013,[Bug Report] Database connection pool exhausted under high concurrency,"HikariCP pool drops active connections after 500 concurrent requests. Error: Connection is not available, request timed out after 30000ms.",bug,P1-High,-1,MEMBER,5,[Bug Report] Database connection pool exhausted under high concurrency,"HikariCP pool drops active connections after 500 concurrent requests. Error: Connection is not available, request timed out after 30000ms.","[Bug Report] Database connection pool exhausted under high concurrency HikariCP pool drops active connections after 500 concurrent requests. Error: Connection is not available, request timed out after 30000ms.",28
1627,Support CSV export for monthly billing reports,Accounting teams require monthly transactions exported as standard RFC 4180 CSV files with tax breakdown.,feature,P2-Medium,-1,NONE,6,Support CSV export for monthly billing reports,Accounting teams require monthly transactions exported as standard RFC 4180 CSV files with tax breakdown.,Support CSV export for monthly billing reports Accounting teams require monthly transactions exported as standard RFC 4180 CSV files with tax breakdown.,22
1647,[Feature Request] NullPointerException on user checkout,"When calling POST /api/v1/checkout with an empty cart item list, server throws NullPointerException at CheckoutService.java:142. Expected HTTP 400 Bad Request.",bug,P0-Critical,-1,MEMBER,21,[Feature Request] NullPointerException on user checkout,"When calling POST /api/v1/checkout with an empty cart item list, server throws NullPointerException at CheckoutService.java:142. Expected HTTP 400 Bad Request.","[Feature Request] NullPointerException on user checkout When calling POST /api/v1/checkout with an empty cart item list, server throws NullPointerException at CheckoutService.java:142. Expected HTTP 400 Bad Request.",26
1011,Add support for OAuth2 Google Login,Users need the ability to authenticate via Google OAuth2 with PKCE flow. Needs configuration for client ID and secret.,feature,P2-Medium,-1,FIRST_TIME_CONTRIBUTOR,2,Add support for OAuth2 Google Login,Users need the ability to authenticate via Google OAuth2 with PKCE flow. Needs configuration for client ID and secret.,Add support for OAuth2 Google Login Users need the ability to authenticate via Google OAuth2 with PKCE flow. Needs configuration for client ID and secret.,25
2075,[Feature Request] Missing CSRF token validation on password change endpoint,POST /api/v1/user/password-reset accepts cross-origin state-changing requests without checking X-CSRF-Token.,security,P0-Critical,-1,FIRST_TIME_CONTRIBUTOR,29,[Feature Request] Missing CSRF token validation on password change endpoint,POST /api/v1/user/password-reset accepts cross-origin state-changing requests without checking X-CSRF-Token.,[Feature Request] Missing CSRF token validation on password change endpoint POST /api/v1/user/password-reset accepts cross-origin state-changing requests without checking X-CSRF-Token.,19
1388,Add webhook notifications for payment success,Developers need outbound HTTP webhooks triggered on invoice.paid events with signature verification header.,feature,P1-High,-1,CONTRIBUTOR,1,Add webhook notifications for payment success,Developers need outbound HTTP webhooks triggered on invoice.paid events with signature verification header.,Add webhook notifications for payment success Developers need outbound HTTP webhooks triggered on invoice.paid events with signature verification header.,19
2164,[Prod] CSS overflow issue on mobile navigation drawer,"On iOS Safari viewport < 375px, the slide-over menu items clip outside the right screen border.",bug,P3-Low,-1,CONTRIBUTOR,2,[Prod] CSS overflow issue on mobile navigation drawer,"On iOS Safari viewport < 375px, the slide-over menu items clip outside the right screen border.","[Prod] CSS overflow issue on mobile navigation drawer On iOS Safari viewport < 375px, the slide-over menu items clip outside the right screen border.",24
1502,Optimize Docker image layer caching to speed up CI,Re-installing heavy Python packages on every single commit causes CI build times to exceed 18 minutes.,performance,P2-Medium,-1,CONTRIBUTOR,1,Optimize Docker image layer caching to speed up CI,Re-installing heavy Python packages on every single commit causes CI build times to exceed 18 minutes.,Optimize Docker image layer caching to speed up CI Re-installing heavy Python packages on every single commit causes CI build times to exceed 18 minutes.,25
1494,Broken hyperlink in settings footer,Clicking 'Terms of Service' in user settings redirects to 404 page.,bug,P3-Low,-1,CONTRIBUTOR,8,Broken hyperlink in settings footer,Clicking 'Terms of Service' in user settings redirects to 404 page.,Broken hyperlink in settings footer Clicking 'Terms of Service' in user settings redirects to 404 page.,16
1279,Urgent: Broken hyperlink in settings footer,Clicking 'Terms of Service' in user settings redirects to 404 page.,bug,P3-Low,-1,FIRST_TIME_CONTRIBUTOR,3,Urgent: Broken hyperlink in settings footer,Clicking 'Terms of Service' in user settings redirects to 404 page.,Urgent: Broken hyperlink in settings footer Clicking 'Terms of Service' in user settings redirects to 404 page.,17
1414,Add webhook notifications for payment success,Developers need outbound HTTP webhooks triggered on invoice.paid events with signature verification header.,feature,P1-High,-1,NONE,4,Add webhook notifications for payment success,Developers need outbound HTTP webhooks triggered on invoice.paid events with signature verification header.,Add webhook notifications for payment success Developers need outbound HTTP webhooks triggered on invoice.paid events with signature verification header.,19
1620,[Bug Report] Broken hyperlink in settings footer,Clicking 'Terms of Service' in user settings redirects to 404 page.,bug,P3-Low,-1,CONTRIBUTOR,8,[Bug Report] Broken hyperlink in settings footer,Clicking 'Terms of Service' in user settings redirects to 404 page.,[Bug Report] Broken hyperlink in settings footer Clicking 'Terms of Service' in user settings redirects to 404 page.,18
1189,Dark mode theme preference toggle,Implement automatic dark mode switching based on CSS prefers-color-scheme media query.,feature,P3-Low,-1,MEMBER,4,Dark mode theme preference toggle,Implement automatic dark mode switching based on CSS prefers-color-scheme media query.,Dark mode theme preference toggle Implement automatic dark mode switching based on CSS prefers-color-scheme media query.,16
1900,Urgent: Memory leak in background token refresh worker,Process RSS memory grows continuously by ~50MB/hour. Profiling indicates unclosed TCP sessions in AuthService.,bug,P1-High,-1,FIRST_TIME_CONTRIBUTOR,8,Urgent: Memory leak in background token refresh worker,Process RSS memory grows continuously by ~50MB/hour. Profiling indicates unclosed TCP sessions in AuthService.,Urgent: Memory leak in background token refresh worker Process RSS memory grows continuously by ~50MB/hour. Profiling indicates unclosed TCP sessions in AuthService.,22
2252,Question: Memory leak in background token refresh worker,Process RSS memory grows continuously by ~50MB/hour. Profiling indicates unclosed TCP sessions in AuthService.,bug,P1-High,-1,NONE,8,Question: Memory leak in background token refresh worker,Process RSS memory grows continuously by ~50MB/hour. Profiling indicates unclosed TCP sessions in AuthService.,Question: Memory leak in background token refresh worker Process RSS memory grows continuously by ~50MB/hour. Profiling indicates unclosed TCP sessions in AuthService.,22
1985,NullPointerException on user checkout,"When calling POST /api/v1/checkout with an empty cart item list, server throws NullPointerException at CheckoutService.java:142. Expected HTTP 400 Bad Request.",bug,P0-Critical,-1,FIRST_TIME_CONTRIBUTOR,9,NullPointerException on user checkout,"When calling POST /api/v1/checkout with an empty cart item list, server throws NullPointerException at CheckoutService.java:142. Expected HTTP 400 Bad Request.","NullPointerException on user checkout When calling POST /api/v1/checkout with an empty cart item list, server throws NullPointerException at CheckoutService.java:142. Expected HTTP 400 Bad Request.",24
1034,Add support for OAuth2 Google Login,Users need the ability to authenticate via Google OAuth2 with PKCE flow. Needs configuration for client ID and secret.,feature,P2-Medium,-1,CONTRIBUTOR,4,Add support for OAuth2 Google Login,Users need the ability to authenticate via Google OAuth2 with PKCE flow. Needs configuration for client ID and secret.,Add support for OAuth2 Google Login Users need the ability to authenticate via Google OAuth2 with PKCE flow. Needs configuration for client ID and secret.,25
2047,Support CSV export for monthly billing reports,Accounting teams require monthly transactions exported as standard RFC 4180 CSV files with tax breakdown.,feature,P2-Medium,-1,NONE,0,Support CSV export for monthly billing reports,Accounting teams require monthly transactions exported as standard RFC 4180 CSV files with tax breakdown.,Support CSV export for monthly billing reports Accounting teams require monthly transactions exported as standard RFC 4180 CSV files with tax breakdown.,22
1937,Support CSV export for monthly billing reports,Accounting teams require monthly transactions exported as standard RFC 4180 CSV files with tax breakdown.,feature,P2-Medium,-1,MEMBER,1,Support CSV export for monthly billing reports,Accounting teams require monthly transactions exported as standard RFC 4180 CSV files with tax breakdown.,Support CSV export for monthly billing reports Accounting teams require monthly transactions exported as standard RFC 4180 CSV files with tax breakdown.,22
2011,Update API documentation for v2 authentication header,"The current Swagger docs show 'Authorization: Token <key>', but v2 requires 'Authorization: Bearer <jwt>'.",documentation,P2-Medium,-1,FIRST_TIME_CONTRIBUTOR,1,Update API documentation for v2 authentication header,"The current Swagger docs show 'Authorization: Token <key>', but v2 requires 'Authorization: Bearer <jwt>'.","Update API documentation for v2 authentication header The current Swagger docs show 'Authorization: Token <key>', but v2 requires 'Authorization: Bearer <jwt>'.",21
1918,Dark mode theme preference toggle,Implement automatic dark mode switching based on CSS prefers-color-scheme media query.,feature,P3-Low,-1,FIRST_TIME_CONTRIBUTOR,7,Dark mode theme preference toggle,Implement automatic dark mode switching based on CSS prefers-color-scheme media query.,Dark mode theme preference toggle Implement automatic dark mode switching based on CSS prefers-color-scheme media query.,16
2121,[Prod] Memory leak in background token refresh worker,Process RSS memory grows continuously by ~50MB/hour. Profiling indicates unclosed TCP sessions in AuthService.,bug,P1-High,-1,NONE,5,[Prod] Memory leak in background token refresh worker,Process RSS memory grows continuously by ~50MB/hour. Profiling indicates unclosed TCP sessions in AuthService.,[Prod] Memory leak in background token refresh worker Process RSS memory grows continuously by ~50MB/hour. Profiling indicates unclosed TCP sessions in AuthService.,22
1098,Add support for OAuth2 Google Login,Users need the ability to authenticate via Google OAuth2 with PKCE flow. Needs configuration for client ID and secret.,feature,P2-Medium,-1,MEMBER,4,Add support for OAuth2 Google Login,Users need the ability to authenticate via Google OAuth2 with PKCE flow. Needs configuration for client ID and secret.,Add support for OAuth2 Google Login Users need the ability to authenticate via Google OAuth2 with PKCE flow. Needs configuration for client ID and secret.,25
1303,Fix broken example code in Quickstart tutorial,The quickstart snippet for initializing the client client.connect() causes TypeError: missing 1 required positional argument 'api_key'.,documentation,P2-Medium,-1,NONE,3,Fix broken example code in Quickstart tutorial,The quickstart snippet for initializing the client client.connect() causes TypeError: missing 1 required positional argument 'api_key'.,Fix broken example code in Quickstart tutorial The quickstart snippet for initializing the client client.connect() causes TypeError: missing 1 required positional argument 'api_key'.,23
2378,[Prod] UnicodeDecodeError when parsing multibyte UTF-8 input,The JSON parser crashes on emoji input with UnicodeDecodeError: 'utf-8' codec can't decode byte 0xed in position 12.,bug,P2-Medium,-1,CONTRIBUTOR,7,[Prod] UnicodeDecodeError when parsing multibyte UTF-8 input,The JSON parser crashes on emoji input with UnicodeDecodeError: 'utf-8' codec can't decode byte 0xed in position 12.,[Prod] UnicodeDecodeError when parsing multibyte UTF-8 input The JSON parser crashes on emoji input with UnicodeDecodeError: 'utf-8' codec can't decode byte 0xed in position 12.,25
2323,CSS overflow issue on mobile navigation drawer,"On iOS Safari viewport < 375px, the slide-over menu items clip outside the right screen border.",bug,P3-Low,-1,MEMBER,2,CSS overflow issue on mobile navigation drawer,"On iOS Safari viewport < 375px, the slide-over menu items clip outside the right screen border.","CSS overflow issue on mobile navigation drawer On iOS Safari viewport < 375px, the slide-over menu items clip outside the right screen border.",23
2160,Optimize Docker image layer caching to speed up CI,Re-installing heavy Python packages on every single commit causes CI build times to exceed 18 minutes.,performance,P2-Medium,-1,CONTRIBUTOR,3,Optimize Docker image layer caching to speed up CI,Re-installing heavy Python packages on every single commit causes CI build times to exceed 18 minutes.,Optimize Docker image layer caching to speed up CI Re-installing heavy Python packages on every single commit causes CI build times to exceed 18 minutes.,25
1704,[Feature Request] UnicodeDecodeError when parsing multibyte UTF-8 input,The JSON parser crashes on emoji input with UnicodeDecodeError: 'utf-8' codec can't decode byte 0xed in position 12.,bug,P2-Medium,-1,CONTRIBUTOR,4,[Feature Request] UnicodeDecodeError when parsing multibyte UTF-8 input,The JSON parser crashes on emoji input with UnicodeDecodeError: 'utf-8' codec can't decode byte 0xed in position 12.,[Feature Request] UnicodeDecodeError when parsing multibyte UTF-8 input The JSON parser crashes on emoji input with UnicodeDecodeError: 'utf-8' codec can't decode byte 0xed in position 12.,26
1903,Slow SQL query on user activity feed endpoint,SELECT * FROM activities WHERE user_id = ? ORDER BY timestamp DESC takes 4.2 seconds on accounts with >50k events. Missing composite index.,performance,P1-High,-1,MEMBER,6,Slow SQL query on user activity feed endpoint,SELECT * FROM activities WHERE user_id = ? ORDER BY timestamp DESC takes 4.2 seconds on accounts with >50k events. Missing composite index.,Slow SQL query on user activity feed endpoint SELECT * FROM activities WHERE user_id = ? ORDER BY timestamp DESC takes 4.2 seconds on accounts with >50k events. Missing composite index.,31
1914,[Feature Request] Deadlock in order fulfillment distributed lock,Redis distributed lock fails to release when worker process receives SIGTERM during checkout transaction.,bug,P0-Critical,-1,NONE,15,[Feature Request] Deadlock in order fulfillment distributed lock,Redis distributed lock fails to release when worker process receives SIGTERM during checkout transaction.,[Feature Request] Deadlock in order fulfillment distributed lock Redis distributed lock fails to release when worker process receives SIGTERM during checkout transaction.,22
2226,Optimize Docker image layer caching to speed up CI,Re-installing heavy Python packages on every single commit causes CI build times to exceed 18 minutes.,performance,P2-Medium,-1,FIRST_TIME_CONTRIBUTOR,7,Optimize Docker image layer caching to speed up CI,Re-installing heavy Python packages on every single commit causes CI build times to exceed 18 minutes.,Optimize Docker image layer caching to speed up CI Re-installing heavy Python packages on every single commit causes CI build times to exceed 18 minutes.,25
2411,Urgent: Memory leak in background token refresh worker,Process RSS memory grows continuously by ~50MB/hour. Profiling indicates unclosed TCP sessions in AuthService.,bug,P1-High,-1,MEMBER,0,Urgent: Memory leak in background token refresh worker,Process RSS memory grows continuously by ~50MB/hour. Profiling indicates unclosed TCP sessions in AuthService.,Urgent: Memory leak in background token refresh worker Process RSS memory grows continuously by ~50MB/hour. Profiling indicates unclosed TCP sessions in AuthService.,22
2107,Add architecture diagram to README,The repository needs an updated high-level diagram explaining the microservice event bus flow.,documentation,P3-Low,-1,NONE,8,Add architecture diagram to README,The repository needs an updated high-level diagram explaining the microservice event bus flow.,Add architecture diagram to README The repository needs an updated high-level diagram explaining the microservice event bus flow.,18
1352,Dark mode theme preference toggle,Implement automatic dark mode switching based on CSS prefers-color-scheme media query.,feature,P3-Low,-1,NONE,4,Dark mode theme preference toggle,Implement automatic dark mode switching based on CSS prefers-color-scheme media query.,Dark mode theme preference toggle Implement automatic dark mode switching based on CSS prefers-color-scheme media query.,16
1589,Dark mode theme preference toggle,Implement automatic dark mode switching based on CSS prefers-color-scheme media query.,feature,P3-Low,-1,CONTRIBUTOR,1,Dark mode theme preference toggle,Implement automatic dark mode switching based on CSS prefers-color-scheme media query.,Dark mode theme preference toggle Implement automatic dark mode switching based on CSS prefers-color-scheme media query.,16
1050,Dark mode theme preference toggle,Implement automatic dark mode switching based on CSS prefers-color-scheme media query.,feature,P3-Low,-1,FIRST_TIME_CONTRIBUTOR,6,Dark mode theme preference toggle,Implement automatic dark mode switching based on CSS prefers-color-scheme media query.,Dark mode theme preference toggle Implement automatic dark mode switching based on CSS prefers-color-scheme media query.,16
1817,API gateway p99 latency spikes above 1200ms,Downstream microservice connection timeouts lead to thread starvation in the upstream edge gateway.,performance,P1-High,-1,CONTRIBUTOR,0,API gateway p99 latency spikes above 1200ms,Downstream microservice connection timeouts lead to thread starvation in the upstream edge gateway.,API gateway p99 latency spikes above 1200ms Downstream microservice connection timeouts lead to thread starvation in the upstream edge gateway.,20
2435,Urgent: UnicodeDecodeError when parsing multibyte UTF-8 input,The JSON parser crashes on emoji input with UnicodeDecodeError: 'utf-8' codec can't decode byte 0xed in position 12.,bug,P2-Medium,-1,NONE,8,Urgent: UnicodeDecodeError when parsing multibyte UTF-8 input,The JSON parser crashes on emoji input with UnicodeDecodeError: 'utf-8' codec can't decode byte 0xed in position 12.,Urgent: UnicodeDecodeError when parsing multibyte UTF-8 input The JSON parser crashes on emoji input with UnicodeDecodeError: 'utf-8' codec can't decode byte 0xed in position 12.,25
1328,Question: CSS overflow issue on mobile navigation drawer,"On iOS Safari viewport < 375px, the slide-over menu items clip outside the right screen border.",bug,P3-Low,-1,FIRST_TIME_CONTRIBUTOR,2,Question: CSS overflow issue on mobile navigation drawer,"On iOS Safari viewport < 375px, the slide-over menu items clip outside the right screen border.","Question: CSS overflow issue on mobile navigation drawer On iOS Safari viewport < 375px, the slide-over menu items clip outside the right screen border.",24
2337,[Feature Request] Broken hyperlink in settings footer,Clicking 'Terms of Service' in user settings redirects to 404 page.,bug,P3-Low,-1,NONE,0,[Feature Request] Broken hyperlink in settings footer,Clicking 'Terms of Service' in user settings redirects to 404 page.,[Feature Request] Broken hyperlink in settings footer Clicking 'Terms of Service' in user settings redirects to 404 page.,18
2021,[Prod] Deadlock in order fulfillment distributed lock,Redis distributed lock fails to release when worker process receives SIGTERM during checkout transaction.,bug,P0-Critical,-1,MEMBER,18,[Prod] Deadlock in order fulfillment distributed lock,Redis distributed lock fails to release when worker process receives SIGTERM during checkout transaction.,[Prod] Deadlock in order fulfillment distributed lock Redis distributed lock fails to release when worker process receives SIGTERM during checkout transaction.,21
2379,Dark mode theme preference toggle,Implement automatic dark mode switching based on CSS prefers-color-scheme media query.,feature,P3-Low,-1,MEMBER,3,Dark mode theme preference toggle,Implement automatic dark mode switching based on CSS prefers-color-scheme media query.,Dark mode theme preference toggle Implement automatic dark mode switching based on CSS prefers-color-scheme media query.,16
1980,[Prod] CORS policy allows wildcard origin with credentials,"Access-Control-Allow-Origin is set to '*' while Access-Control-Allow-Credentials is true, violating CORS specification.",security,P1-High,-1,FIRST_TIME_CONTRIBUTOR,6,[Prod] CORS policy allows wildcard origin with credentials,"Access-Control-Allow-Origin is set to '*' while Access-Control-Allow-Credentials is true, violating CORS specification.","[Prod] CORS policy allows wildcard origin with credentials Access-Control-Allow-Origin is set to '*' while Access-Control-Allow-Credentials is true, violating CORS specification.",20
2307,Fix broken example code in Quickstart tutorial,The quickstart snippet for initializing the client client.connect() causes TypeError: missing 1 required positional argument 'api_key'.,documentation,P2-Medium,-1,CONTRIBUTOR,7,Fix broken example code in Quickstart tutorial,The quickstart snippet for initializing the client client.connect() causes TypeError: missing 1 required positional argument 'api_key'.,Fix broken example code in Quickstart tutorial The quickstart snippet for initializing the client client.connect() causes TypeError: missing 1 required positional argument 'api_key'.,23
1941,Optimize Docker image layer caching to speed up CI,Re-installing heavy Python packages on every single commit causes CI build times to exceed 18 minutes.,performance,P2-Medium,-1,FIRST_TIME_CONTRIBUTOR,8,Optimize Docker image layer caching to speed up CI,Re-installing heavy Python packages on every single commit causes CI build times to exceed 18 minutes.,Optimize Docker image layer caching to speed up CI Re-installing heavy Python packages on every single commit causes CI build times to exceed 18 minutes.,25
1402,[Prod] NullPointerException on user checkout,"When calling POST /api/v1/checkout with an empty cart item list, server throws NullPointerException at CheckoutService.java:142. Expected HTTP 400 Bad Request.",bug,P0-Critical,-1,FIRST_TIME_CONTRIBUTOR,19,[Prod] NullPointerException on user checkout,"When calling POST /api/v1/checkout with an empty cart item list, server throws NullPointerException at CheckoutService.java:142. Expected HTTP 400 Bad Request.","[Prod] NullPointerException on user checkout When calling POST /api/v1/checkout with an empty cart item list, server throws NullPointerException at CheckoutService.java:142. Expected HTTP 400 Bad Request.",25
1307,Question: Checkbox state does not persist across tab switching,Form input resets when toggling between 'Account' and 'Billing' sub-tabs.,bug,P2-Medium,-1,MEMBER,4,Question: Checkbox state does not persist across tab switching,Form input resets when toggling between 'Account' and 'Billing' sub-tabs.,Question: Checkbox state does not persist across tab switching Form input resets when toggling between 'Account' and 'Billing' sub-tabs.,19
1314,Add architecture diagram to README,The repository needs an updated high-level diagram explaining the microservice event bus flow.,documentation,P3-Low,-1,CONTRIBUTOR,1,Add architecture diagram to README,The repository needs an updated high-level diagram explaining the microservice event bus flow.,Add architecture diagram to README The repository needs an updated high-level diagram explaining the microservice event bus flow.,18
2137,Support CSV export for monthly billing reports,Accounting teams require monthly transactions exported as standard RFC 4180 CSV files with tax breakdown.,feature,P2-Medium,-1,FIRST_TIME_CONTRIBUTOR,7,Support CSV export for monthly billing reports,Accounting teams require monthly transactions exported as standard RFC 4180 CSV files with tax breakdown.,Support CSV export for monthly billing reports Accounting teams require monthly transactions exported as standard RFC 4180 CSV files with tax breakdown.,22
1961,Urgent: CSS overflow issue on mobile navigation drawer,"On iOS Safari viewport < 375px, the slide-over menu items clip outside the right screen border.",bug,P3-Low,-1,NONE,6,Urgent: CSS overflow issue on mobile navigation drawer,"On iOS Safari viewport < 375px, the slide-over menu items clip outside the right screen border.","Urgent: CSS overflow issue on mobile navigation drawer On iOS Safari viewport < 375px, the slide-over menu items clip outside the right screen border.",24
1658,Question: Broken hyperlink in settings footer,Clicking 'Terms of Service' in user settings redirects to 404 page.,bug,P3-Low,-1,NONE,1,Question: Broken hyperlink in settings footer,Clicking 'Terms of Service' in user settings redirects to 404 page.,Question: Broken hyperlink in settings footer Clicking 'Terms of Service' in user settings redirects to 404 page.,17
2170,Urgent: NullPointerException on user checkout,"When calling POST /api/v1/checkout with an empty cart item list, server throws NullPointerException at CheckoutService.java:142. Expected HTTP 400 Bad Request.",bug,P0-Critical,-1,MEMBER,24,Urgent: NullPointerException on user checkout,"When calling POST /api/v1/checkout with an empty cart item list, server throws NullPointerException at CheckoutService.java:142. Expected HTTP 400 Bad Request.","Urgent: NullPointerException on user checkout When calling POST /api/v1/checkout with an empty cart item list, server throws NullPointerException at CheckoutService.java:142. Expected HTTP 400 Bad Request.",25
1761,Optimize Docker image layer caching to speed up CI,Re-installing heavy Python packages on every single commit causes CI build times to exceed 18 minutes.,performance,P2-Medium,-1,FIRST_TIME_CONTRIBUTOR,6,Optimize Docker image layer caching to speed up CI,Re-installing heavy Python packages on every single commit causes CI build times to exceed 18 minutes.,Optimize Docker image layer caching to speed up CI Re-installing heavy Python packages on every single commit causes CI build times to exceed 18 minutes.,25
1896,Add architecture diagram to README,The repository needs an updated high-level diagram explaining the microservice event bus flow.,documentation,P3-Low,-1,MEMBER,1,Add architecture diagram to README,The repository needs an updated high-level diagram explaining the microservice event bus flow.,Add architecture diagram to README The repository needs an updated high-level diagram explaining the microservice event bus flow.,18
2442,Update API documentation for v2 authentication header,"The current Swagger docs show 'Authorization: Token <key>', but v2 requires 'Authorization: Bearer <jwt>'.",documentation,P2-Medium,-1,CONTRIBUTOR,2,Update API documentation for v2 authentication header,"The current Swagger docs show 'Authorization: Token <key>', but v2 requires 'Authorization: Bearer <jwt>'.","Update API documentation for v2 authentication header The current Swagger docs show 'Authorization: Token <key>', but v2 requires 'Authorization: Bearer <jwt>'.",21
2304,[Bug Report] CSS overflow issue on mobile navigation drawer,"On iOS Safari viewport < 375px, the slide-over menu items clip outside the right screen border.",bug,P3-Low,-1,FIRST_TIME_CONTRIBUTOR,3,[Bug Report] CSS overflow issue on mobile navigation drawer,"On iOS Safari viewport < 375px, the slide-over menu items clip outside the right screen border.","[Bug Report] CSS overflow issue on mobile navigation drawer On iOS Safari viewport < 375px, the slide-over menu items clip outside the right screen border.",25
1360,[Bug Report] Memory leak in background token refresh worker,Process RSS memory grows continuously by ~50MB/hour. Profiling indicates unclosed TCP sessions in AuthService.,bug,P1-High,-1,NONE,5,[Bug Report] Memory leak in background token refresh worker,Process RSS memory grows continuously by ~50MB/hour. Profiling indicates unclosed TCP sessions in AuthService.,[Bug Report] Memory leak in background token refresh worker Process RSS memory grows continuously by ~50MB/hour. Profiling indicates unclosed TCP sessions in AuthService.,23
1398,Optimize Docker image layer caching to speed up CI,Re-installing heavy Python packages on every single commit causes CI build times to exceed 18 minutes.,performance,P2-Medium,-1,FIRST_TIME_CONTRIBUTOR,3,Optimize Docker image layer caching to speed up CI,Re-installing heavy Python packages on every single commit causes CI build times to exceed 18 minutes.,Optimize Docker image layer caching to speed up CI Re-installing heavy Python packages on every single commit causes CI build times to exceed 18 minutes.,25
1813,[Feature Request] Database connection pool exhausted under high concurrency,"HikariCP pool drops active connections after 500 concurrent requests. Error: Connection is not available, request timed out after 30000ms.",bug,P1-High,-1,MEMBER,8,[Feature Request] Database connection pool exhausted under high concurrency,"HikariCP pool drops active connections after 500 concurrent requests. Error: Connection is not available, request timed out after 30000ms.","[Feature Request] Database connection pool exhausted under high concurrency HikariCP pool drops active connections after 500 concurrent requests. Error: Connection is not available, request timed out after 30000ms.",28
2266,Question: Database connection pool exhausted under high concurrency,"HikariCP pool drops active connections after 500 concurrent requests. Error: Connection is not available, request timed out after 30000ms.",bug,P1-High,-1,NONE,7,Question: Database connection pool exhausted under high concurrency,"HikariCP pool drops active connections after 500 concurrent requests. Error: Connection is not available, request timed out after 30000ms.","Question: Database connection pool exhausted under high concurrency HikariCP pool drops active connections after 500 concurrent requests. Error: Connection is not available, request timed out after 30000ms.",27
2077,Support CSV export for monthly billing reports,Accounting teams require monthly transactions exported as standard RFC 4180 CSV files with tax breakdown.,feature,P2-Medium,-1,FIRST_TIME_CONTRIBUTOR,7,Support CSV export for monthly billing reports,Accounting teams require monthly transactions exported as standard RFC 4180 CSV files with tax breakdown.,Support CSV export for monthly billing reports Accounting teams require monthly transactions exported as standard RFC 4180 CSV files with tax breakdown.,22
1911,Dark mode theme preference toggle,Implement automatic dark mode switching based on CSS prefers-color-scheme media query.,feature,P3-Low,-1,NONE,0,Dark mode theme preference toggle,Implement automatic dark mode switching based on CSS prefers-color-scheme media query.,Dark mode theme preference toggle Implement automatic dark mode switching based on CSS prefers-color-scheme media query.,16
1029,Document Docker Compose local setup steps,Add troubleshooting section for port conflicts on Windows WSL2 when starting PostgreSQL container.,documentation,P3-Low,-1,FIRST_TIME_CONTRIBUTOR,1,Document Docker Compose local setup steps,Add troubleshooting section for port conflicts on Windows WSL2 when starting PostgreSQL container.,Document Docker Compose local setup steps Add troubleshooting section for port conflicts on Windows WSL2 when starting PostgreSQL container.,19
2010,Urgent: Memory leak in background token refresh worker,Process RSS memory grows continuously by ~50MB/hour. Profiling indicates unclosed TCP sessions in AuthService.,bug,P1-High,-1,CONTRIBUTOR,5,Urgent: Memory leak in background token refresh worker,Process RSS memory grows continuously by ~50MB/hour. Profiling indicates unclosed TCP sessions in AuthService.,Urgent: Memory leak in background token refresh worker Process RSS memory grows continuously by ~50MB/hour. Profiling indicates unclosed TCP sessions in AuthService.,22
2086,Checkbox state does not persist across tab switching,Form input resets when toggling between 'Account' and 'Billing' sub-tabs.,bug,P2-Medium,-1,NONE,5,Checkbox state does not persist across tab switching,Form input resets when toggling between 'Account' and 'Billing' sub-tabs.,Checkbox state does not persist across tab switching Form input resets when toggling between 'Account' and 'Billing' sub-tabs.,18
1121,[Feature Request] Deadlock in order fulfillment distributed lock,Redis distributed lock fails to release when worker process receives SIGTERM during checkout transaction.,bug,P0-Critical,-1,NONE,29,[Feature Request] Deadlock in order fulfillment distributed lock,Redis distributed lock fails to release when worker process receives SIGTERM during checkout transaction.,[Feature Request] Deadlock in order fulfillment distributed lock Redis distributed lock fails to release when worker process receives SIGTERM during checkout transaction.,22
2049,Urgent: Insecure direct object reference (IDOR) on document download,Authenticated users can access arbitrary tenant invoices by altering the numeric invoice_id in the URL.,security,P0-Critical,-1,CONTRIBUTOR,19,Urgent: Insecure direct object reference (IDOR) on document download,Authenticated users can access arbitrary tenant invoices by altering the numeric invoice_id in the URL.,Urgent: Insecure direct object reference (IDOR) on document download Authenticated users can access arbitrary tenant invoices by altering the numeric invoice_id in the URL.,24
1734,Database connection pool exhausted under high concurrency,"HikariCP pool drops active connections after 500 concurrent requests. Error: Connection is not available, request timed out after 30000ms.",bug,P1-High,-1,CONTRIBUTOR,5,Database connection pool exhausted under high concurrency,"HikariCP pool drops active connections after 500 concurrent requests. Error: Connection is not available, request timed out after 30000ms.","Database connection pool exhausted under high concurrency HikariCP pool drops active connections after 500 concurrent requests. Error: Connection is not available, request timed out after 30000ms.",26
2403,Fix broken example code in Quickstart tutorial,The quickstart snippet for initializing the client client.connect() causes TypeError: missing 1 required positional argument 'api_key'.,documentation,P2-Medium,-1,MEMBER,3,Fix broken example code in Quickstart tutorial,The quickstart snippet for initializing the client client.connect() causes TypeError: missing 1 required positional argument 'api_key'.,Fix broken example code in Quickstart tutorial The quickstart snippet for initializing the client client.connect() causes TypeError: missing 1 required positional argument 'api_key'.,23
2289,UnicodeDecodeError when parsing multibyte UTF-8 input,The JSON parser crashes on emoji input with UnicodeDecodeError: 'utf-8' codec can't decode byte 0xed in position 12.,bug,P2-Medium,-1,FIRST_TIME_CONTRIBUTOR,0,UnicodeDecodeError when parsing multibyte UTF-8 input,The JSON parser crashes on emoji input with UnicodeDecodeError: 'utf-8' codec can't decode byte 0xed in position 12.,UnicodeDecodeError when parsing multibyte UTF-8 input The JSON parser crashes on emoji input with UnicodeDecodeError: 'utf-8' codec can't decode byte 0xed in position 12.,24
1910,Add support for OAuth2 Google Login,Users need the ability to authenticate via Google OAuth2 with PKCE flow. Needs configuration for client ID and secret.,feature,P2-Medium,-1,NONE,2,Add support for OAuth2 Google Login,Users need the ability to authenticate via Google OAuth2 with PKCE flow. Needs configuration for client ID and secret.,Add support for OAuth2 Google Login Users need the ability to authenticate via Google OAuth2 with PKCE flow. Needs configuration for client ID and secret.,25
1386,Implement bulk item deletion in admin console,Allow administrators to select multiple user records and execute soft-delete in a single batch operation.,feature,P2-Medium,-1,NONE,2,Implement bulk item deletion in admin console,Allow administrators to select multiple user records and execute soft-delete in a single batch operation.,Implement bulk item deletion in admin console Allow administrators to select multiple user records and execute soft-delete in a single batch operation.,22
2171,Implement bulk item deletion in admin console,Allow administrators to select multiple user records and execute soft-delete in a single batch operation.,feature,P2-Medium,-1,CONTRIBUTOR,3,Implement bulk item deletion in admin console,Allow administrators to select multiple user records and execute soft-delete in a single batch operation.,Implement bulk item deletion in admin console Allow administrators to select multiple user records and execute soft-delete in a single batch operation.,22
1225,CORS policy allows wildcard origin with credentials,"Access-Control-Allow-Origin is set to '*' while Access-Control-Allow-Credentials is true, violating CORS specification.",security,P1-High,-1,FIRST_TIME_CONTRIBUTOR,3,CORS policy allows wildcard origin with credentials,"Access-Control-Allow-Origin is set to '*' while Access-Control-Allow-Credentials is true, violating CORS specification.","CORS policy allows wildcard origin with credentials Access-Control-Allow-Origin is set to '*' while Access-Control-Allow-Credentials is true, violating CORS specification.",19
1272,Database connection pool exhausted under high concurrency,"HikariCP pool drops active connections after 500 concurrent requests. Error: Connection is not available, request timed out after 30000ms.",bug,P1-High,-1,NONE,6,Database connection pool exhausted under high concurrency,"HikariCP pool drops active connections after 500 concurrent requests. Error: Connection is not available, request timed out after 30000ms.","Database connection pool exhausted under high concurrency HikariCP pool drops active connections after 500 concurrent requests. Error: Connection is not available, request timed out after 30000ms.",26
2210,Update API documentation for v2 authentication header,"The current Swagger docs show 'Authorization: Token <key>', but v2 requires 'Authorization: Bearer <jwt>'.",documentation,P2-Medium,-1,FIRST_TIME_CONTRIBUTOR,4,Update API documentation for v2 authentication header,"The current Swagger docs show 'Authorization: Token <key>', but v2 requires 'Authorization: Bearer <jwt>'.","Update API documentation for v2 authentication header The current Swagger docs show 'Authorization: Token <key>', but v2 requires 'Authorization: Bearer <jwt>'.",21
1059,Implement bulk item deletion in admin console,Allow administrators to select multiple user records and execute soft-delete in a single batch operation.,feature,P2-Medium,-1,CONTRIBUTOR,7,Implement bulk item deletion in admin console,Allow administrators to select multiple user records and execute soft-delete in a single batch operation.,Implement bulk item deletion in admin console Allow administrators to select multiple user records and execute soft-delete in a single batch operation.,22
2352,Support CSV export for monthly billing reports,Accounting teams require monthly transactions exported as standard RFC 4180 CSV files with tax breakdown.,feature,P2-Medium,-1,NONE,1,Support CSV export for monthly billing reports,Accounting teams require monthly transactions exported as standard RFC 4180 CSV files with tax breakdown.,Support CSV export for monthly billing reports Accounting teams require monthly transactions exported as standard RFC 4180 CSV files with tax breakdown.,22
1425,Implement bulk item deletion in admin console,Allow administrators to select multiple user records and execute soft-delete in a single batch operation.,feature,P2-Medium,-1,FIRST_TIME_CONTRIBUTOR,8,Implement bulk item deletion in admin console,Allow administrators to select multiple user records and execute soft-delete in a single batch operation.,Implement bulk item deletion in admin console Allow administrators to select multiple user records and execute soft-delete in a single batch operation.,22
1245,Implement bulk item deletion in admin console,Allow administrators to select multiple user records and execute soft-delete in a single batch operation.,feature,P2-Medium,-1,CONTRIBUTOR,6,Implement bulk item deletion in admin console,Allow administrators to select multiple user records and execute soft-delete in a single batch operation.,Implement bulk item deletion in admin console Allow administrators to select multiple user records and execute soft-delete in a single batch operation.,22
1022,Question: Memory leak in background token refresh worker,Process RSS memory grows continuously by ~50MB/hour. Profiling indicates unclosed TCP sessions in AuthService.,bug,P1-High,-1,NONE,5,Question: Memory leak in background token refresh worker,Process RSS memory grows continuously by ~50MB/hour. Profiling indicates unclosed TCP sessions in AuthService.,Question: Memory leak in background token refresh worker Process RSS memory grows continuously by ~50MB/hour. Profiling indicates unclosed TCP sessions in AuthService.,22
2355,Memory leak in background token refresh worker,Process RSS memory grows continuously by ~50MB/hour. Profiling indicates unclosed TCP sessions in AuthService.,bug,P1-High,-1,MEMBER,2,Memory leak in background token refresh worker,Process RSS memory grows continuously by ~50MB/hour. Profiling indicates unclosed TCP sessions in AuthService.,Memory leak in background token refresh worker Process RSS memory grows continuously by ~50MB/hour. Profiling indicates unclosed TCP sessions in AuthService.,21
1890,Fix broken example code in Quickstart tutorial,The quickstart snippet for initializing the client client.connect() causes TypeError: missing 1 required positional argument 'api_key'.,documentation,P2-Medium,-1,FIRST_TIME_CONTRIBUTOR,4,Fix broken example code in Quickstart tutorial,The quickstart snippet for initializing the client client.connect() causes TypeError: missing 1 required positional argument 'api_key'.,Fix broken example code in Quickstart tutorial The quickstart snippet for initializing the client client.connect() causes TypeError: missing 1 required positional argument 'api_key'.,23
2111,Support CSV export for monthly billing reports,Accounting teams require monthly transactions exported as standard RFC 4180 CSV files with tax breakdown.,feature,P2-Medium,-1,FIRST_TIME_CONTRIBUTOR,8,Support CSV export for monthly billing reports,Accounting teams require monthly transactions exported as standard RFC 4180 CSV files with tax breakdown.,Support CSV export for monthly billing reports Accounting teams require monthly transactions exported as standard RFC 4180 CSV files with tax breakdown.,22
1406,Checkbox state does not persist across tab switching,Form input resets when toggling between 'Account' and 'Billing' sub-tabs.,bug,P2-Medium,-1,FIRST_TIME_CONTRIBUTOR,4,Checkbox state does not persist across tab switching,Form input resets when toggling between 'Account' and 'Billing' sub-tabs.,Checkbox state does not persist across tab switching Form input resets when toggling between 'Account' and 'Billing' sub-tabs.,18
1478,Question: UnicodeDecodeError when parsing multibyte UTF-8 input,The JSON parser crashes on emoji input with UnicodeDecodeError: 'utf-8' codec can't decode byte 0xed in position 12.,bug,P2-Medium,-1,NONE,1,Question: UnicodeDecodeError when parsing multibyte UTF-8 input,The JSON parser crashes on emoji input with UnicodeDecodeError: 'utf-8' codec can't decode byte 0xed in position 12.,Question: UnicodeDecodeError when parsing multibyte UTF-8 input The JSON parser crashes on emoji input with UnicodeDecodeError: 'utf-8' codec can't decode byte 0xed in position 12.,25
1596,Urgent: Deadlock in order fulfillment distributed lock,Redis distributed lock fails to release when worker process receives SIGTERM during checkout transaction.,bug,P0-Critical,-1,FIRST_TIME_CONTRIBUTOR,21,Urgent: Deadlock in order fulfillment distributed lock,Redis distributed lock fails to release when worker process receives SIGTERM during checkout transaction.,Urgent: Deadlock in order fulfillment distributed lock Redis distributed lock fails to release when worker process receives SIGTERM during checkout transaction.,21
1273,Add architecture diagram to README,The repository needs an updated high-level diagram explaining the microservice event bus flow.,documentation,P3-Low,-1,NONE,2,Add architecture diagram to README,The repository needs an updated high-level diagram explaining the microservice event bus flow.,Add architecture diagram to README The repository needs an updated high-level diagram explaining the microservice event bus flow.,18
1842,Add support for OAuth2 Google Login,Users need the ability to authenticate via Google OAuth2 with PKCE flow. Needs configuration for client ID and secret.,feature,P2-Medium,-1,NONE,2,Add support for OAuth2 Google Login,Users need the ability to authenticate via Google OAuth2 with PKCE flow. Needs configuration for client ID and secret.,Add support for OAuth2 Google Login Users need the ability to authenticate via Google OAuth2 with PKCE flow. Needs configuration for client ID and secret.,25
2122,Add architecture diagram to README,The repository needs an updated high-level diagram explaining the microservice event bus flow.,documentation,P3-Low,-1,CONTRIBUTOR,8,Add architecture diagram to README,The repository needs an updated high-level diagram explaining the microservice event bus flow.,Add architecture diagram to README The repository needs an updated high-level diagram explaining the microservice event bus flow.,18
1097,Question: Database connection pool exhausted under high concurrency,"HikariCP pool drops active connections after 500 concurrent requests. Error: Connection is not available, request timed out after 30000ms.",bug,P1-High,-1,MEMBER,5,Question: Database connection pool exhausted under high concurrency,"HikariCP pool drops active connections after 500 concurrent requests. Error: Connection is not available, request timed out after 30000ms.","Question: Database connection pool exhausted under high concurrency HikariCP pool drops active connections after 500 concurrent requests. Error: Connection is not available, request timed out after 30000ms.",27
1349,Urgent: NullPointerException on user checkout,"When calling POST /api/v1/checkout with an empty cart item list, server throws NullPointerException at CheckoutService.java:142. Expected HTTP 400 Bad Request.",bug,P0-Critical,-1,CONTRIBUTOR,16,Urgent: NullPointerException on user checkout,"When calling POST /api/v1/checkout with an empty cart item list, server throws NullPointerException at CheckoutService.java:142. Expected HTTP 400 Bad Request.","Urgent: NullPointerException on user checkout When calling POST /api/v1/checkout with an empty cart item list, server throws NullPointerException at CheckoutService.java:142. Expected HTTP 400 Bad Request.",25
1633,[Prod] Broken hyperlink in settings footer,Clicking 'Terms of Service' in user settings redirects to 404 page.,bug,P3-Low,-1,CONTRIBUTOR,6,[Prod] Broken hyperlink in settings footer,Clicking 'Terms of Service' in user settings redirects to 404 page.,[Prod] Broken hyperlink in settings footer Clicking 'Terms of Service' in user settings redirects to 404 page.,17
1643,Question: Checkbox state does not persist across tab switching,Form input resets when toggling between 'Account' and 'Billing' sub-tabs.,bug,P2-Medium,-1,NONE,1,Question: Checkbox state does not persist across tab switching,Form input resets when toggling between 'Account' and 'Billing' sub-tabs.,Question: Checkbox state does not persist across tab switching Form input resets when toggling between 'Account' and 'Billing' sub-tabs.,19
1094,[Bug Report] Deadlock in order fulfillment distributed lock,Redis distributed lock fails to release when worker process receives SIGTERM during checkout transaction.,bug,P0-Critical,-1,MEMBER,28,[Bug Report] Deadlock in order fulfillment distributed lock,Redis distributed lock fails to release when worker process receives SIGTERM during checkout transaction.,[Bug Report] Deadlock in order fulfillment distributed lock Redis distributed lock fails to release when worker process receives SIGTERM during checkout transaction.,22
1103,[Feature Request] UnicodeDecodeError when parsing multibyte UTF-8 input,The JSON parser crashes on emoji input with UnicodeDecodeError: 'utf-8' codec can't decode byte 0xed in position 12.,bug,P2-Medium,-1,FIRST_TIME_CONTRIBUTOR,7,[Feature Request] UnicodeDecodeError when parsing multibyte UTF-8 input,The JSON parser crashes on emoji input with UnicodeDecodeError: 'utf-8' codec can't decode byte 0xed in position 12.,[Feature Request] UnicodeDecodeError when parsing multibyte UTF-8 input The JSON parser crashes on emoji input with UnicodeDecodeError: 'utf-8' codec can't decode byte 0xed in position 12.,26
1777,Support CSV export for monthly billing reports,Accounting teams require monthly transactions exported as standard RFC 4180 CSV files with tax breakdown.,feature,P2-Medium,-1,MEMBER,7,Support CSV export for monthly billing reports,Accounting teams require monthly transactions exported as standard RFC 4180 CSV files with tax breakdown.,Support CSV export for monthly billing reports Accounting teams require monthly transactions exported as standard RFC 4180 CSV files with tax breakdown.,22
2490,Question: Checkbox state does not persist across tab switching,Form input resets when toggling between 'Account' and 'Billing' sub-tabs.,bug,P2-Medium,-1,FIRST_TIME_CONTRIBUTOR,1,Question: Checkbox state does not persist across tab switching,Form input resets when toggling between 'Account' and 'Billing' sub-tabs.,Question: Checkbox state does not persist across tab switching Form input resets when toggling between 'Account' and 'Billing' sub-tabs.,19
1277,[Prod] Memory leak in background token refresh worker,Process RSS memory grows continuously by ~50MB/hour. Profiling indicates unclosed TCP sessions in AuthService.,bug,P1-High,-1,CONTRIBUTOR,7,[Prod] Memory leak in background token refresh worker,Process RSS memory grows continuously by ~50MB/hour. Profiling indicates unclosed TCP sessions in AuthService.,[Prod] Memory leak in background token refresh worker Process RSS memory grows continuously by ~50MB/hour. Profiling indicates unclosed TCP sessions in AuthService.,22
1970,Implement bulk item deletion in admin console,Allow administrators to select multiple user records and execute soft-delete in a single batch operation.,feature,P2-Medium,-1,NONE,8,Implement bulk item deletion in admin console,Allow administrators to select multiple user records and execute soft-delete in a single batch operation.,Implement bulk item deletion in admin console Allow administrators to select multiple user records and execute soft-delete in a single batch operation.,22
2240,Question: NullPointerException on user checkout,"When calling POST /api/v1/checkout with an empty cart item list, server throws NullPointerException at CheckoutService.java:142. Expected HTTP 400 Bad Request.",bug,P0-Critical,-1,NONE,24,Question: NullPointerException on user checkout,"When calling POST /api/v1/checkout with an empty cart item list, server throws NullPointerException at CheckoutService.java:142. Expected HTTP 400 Bad Request.","Question: NullPointerException on user checkout When calling POST /api/v1/checkout with an empty cart item list, server throws NullPointerException at CheckoutService.java:142. Expected HTTP 400 Bad Request.",25
1721,Support CSV export for monthly billing reports,Accounting teams require monthly transactions exported as standard RFC 4180 CSV files with tax breakdown.,feature,P2-Medium,-1,MEMBER,8,Support CSV export for monthly billing reports,Accounting teams require monthly transactions exported as standard RFC 4180 CSV files with tax breakdown.,Support CSV export for monthly billing reports Accounting teams require monthly transactions exported as standard RFC 4180 CSV files with tax breakdown.,22
2219,[Bug Report] UnicodeDecodeError when parsing multibyte UTF-8 input,The JSON parser crashes on emoji input with UnicodeDecodeError: 'utf-8' codec can't decode byte 0xed in position 12.,bug,P2-Medium,-1,CONTRIBUTOR,8,[Bug Report] UnicodeDecodeError when parsing multibyte UTF-8 input,The JSON parser crashes on emoji input with UnicodeDecodeError: 'utf-8' codec can't decode byte 0xed in position 12.,[Bug Report] UnicodeDecodeError when parsing multibyte UTF-8 input The JSON parser crashes on emoji input with UnicodeDecodeError: 'utf-8' codec can't decode byte 0xed in position 12.,26
2395,Add support for OAuth2 Google Login,Users need the ability to authenticate via Google OAuth2 with PKCE flow. Needs configuration for client ID and secret.,feature,P2-Medium,-1,FIRST_TIME_CONTRIBUTOR,1,Add support for OAuth2 Google Login,Users need the ability to authenticate via Google OAuth2 with PKCE flow. Needs configuration for client ID and secret.,Add support for OAuth2 Google Login Users need the ability to authenticate via Google OAuth2 with PKCE flow. Needs configuration for client ID and secret.,25
1949,Checkbox state does not persist across tab switching,Form input resets when toggling between 'Account' and 'Billing' sub-tabs.,bug,P2-Medium,-1,MEMBER,0,Checkbox state does not persist across tab switching,Form input resets when toggling between 'Account' and 'Billing' sub-tabs.,Checkbox state does not persist across tab switching Form input resets when toggling between 'Account' and 'Billing' sub-tabs.,18
1255,High CPU utilization in regex router matching,Regex matching in URL routing consumes 85% CPU during high request spikes due to catastrophic backtracking in greedy pattern.,performance,P1-High,-1,MEMBER,2,High CPU utilization in regex router matching,Regex matching in URL routing consumes 85% CPU during high request spikes due to catastrophic backtracking in greedy pattern.,High CPU utilization in regex router matching Regex matching in URL routing consumes 85% CPU during high request spikes due to catastrophic backtracking in greedy pattern.,26
2071,Add support for OAuth2 Google Login,Users need the ability to authenticate via Google OAuth2 with PKCE flow. Needs configuration for client ID and secret.,feature,P2-Medium,-1,NONE,5,Add support for OAuth2 Google Login,Users need the ability to authenticate via Google OAuth2 with PKCE flow. Needs configuration for client ID and secret.,Add support for OAuth2 Google Login Users need the ability to authenticate via Google OAuth2 with PKCE flow. Needs configuration for client ID and secret.,25
1470,Slow SQL query on user activity feed endpoint,SELECT * FROM activities WHERE user_id = ? ORDER BY timestamp DESC takes 4.2 seconds on accounts with >50k events. Missing composite index.,performance,P1-High,-1,CONTRIBUTOR,0,Slow SQL query on user activity feed endpoint,SELECT * FROM activities WHERE user_id = ? ORDER BY timestamp DESC takes 4.2 seconds on accounts with >50k events. Missing composite index.,Slow SQL query on user activity feed endpoint SELECT * FROM activities WHERE user_id = ? ORDER BY timestamp DESC takes 4.2 seconds on accounts with >50k events. Missing composite index.,31
2202,[Prod] NullPointerException on user checkout,"When calling POST /api/v1/checkout with an empty cart item list, server throws NullPointerException at CheckoutService.java:142. Expected HTTP 400 Bad Request.",bug,P0-Critical,-1,MEMBER,22,[Prod] NullPointerException on user checkout,"When calling POST /api/v1/checkout with an empty cart item list, server throws NullPointerException at CheckoutService.java:142. Expected HTTP 400 Bad Request.","[Prod] NullPointerException on user checkout When calling POST /api/v1/checkout with an empty cart item list, server throws NullPointerException at CheckoutService.java:142. Expected HTTP 400 Bad Request.",25
1921,UnicodeDecodeError when parsing multibyte UTF-8 input,The JSON parser crashes on emoji input with UnicodeDecodeError: 'utf-8' codec can't decode byte 0xed in position 12.,bug,P2-Medium,-1,CONTRIBUTOR,8,UnicodeDecodeError when parsing multibyte UTF-8 input,The JSON parser crashes on emoji input with UnicodeDecodeError: 'utf-8' codec can't decode byte 0xed in position 12.,UnicodeDecodeError when parsing multibyte UTF-8 input The JSON parser crashes on emoji input with UnicodeDecodeError: 'utf-8' codec can't decode byte 0xed in position 12.,24
2324,Question: Database connection pool exhausted under high concurrency,"HikariCP pool drops active connections after 500 concurrent requests. Error: Connection is not available, request timed out after 30000ms.",bug,P1-High,-1,MEMBER,7,Question: Database connection pool exhausted under high concurrency,"HikariCP pool drops active connections after 500 concurrent requests. Error: Connection is not available, request timed out after 30000ms.","Question: Database connection pool exhausted under high concurrency HikariCP pool drops active connections after 500 concurrent requests. Error: Connection is not available, request timed out after 30000ms.",27
1130,[Bug Report] Deadlock in order fulfillment distributed lock,Redis distributed lock fails to release when worker process receives SIGTERM during checkout transaction.,bug,P0-Critical,-1,FIRST_TIME_CONTRIBUTOR,29,[Bug Report] Deadlock in order fulfillment distributed lock,Redis distributed lock fails to release when worker process receives SIGTERM during checkout transaction.,[Bug Report] Deadlock in order fulfillment distributed lock Redis distributed lock fails to release when worker process receives SIGTERM during checkout transaction.,22
2491,Database connection pool exhausted under high concurrency,"HikariCP pool drops active connections after 500 concurrent requests. Error: Connection is not available, request timed out after 30000ms.",bug,P1-High,-1,FIRST_TIME_CONTRIBUTOR,2,Database connection pool exhausted under high concurrency,"HikariCP pool drops active connections after 500 concurrent requests. Error: Connection is not available, request timed out after 30000ms.","Database connection pool exhausted under high concurrency HikariCP pool drops active connections after 500 concurrent requests. Error: Connection is not available, request timed out after 30000ms.",26
2359,Update API documentation for v2 authentication header,"The current Swagger docs show 'Authorization: Token <key>', but v2 requires 'Authorization: Bearer <jwt>'.",documentation,P2-Medium,-1,NONE,7,Update API documentation for v2 authentication header,"The current Swagger docs show 'Authorization: Token <key>', but v2 requires 'Authorization: Bearer <jwt>'.","Update API documentation for v2 authentication header The current Swagger docs show 'Authorization: Token <key>', but v2 requires 'Authorization: Bearer <jwt>'.",21
1559,Support CSV export for monthly billing reports,Accounting teams require monthly transactions exported as standard RFC 4180 CSV files with tax breakdown.,feature,P2-Medium,-1,MEMBER,6,Support CSV export for monthly billing reports,Accounting teams require monthly transactions exported as standard RFC 4180 CSV files with tax breakdown.,Support CSV export for monthly billing reports Accounting teams require monthly transactions exported as standard RFC 4180 CSV files with tax breakdown.,22
1251,Question: Memory leak in background token refresh worker,Process RSS memory grows continuously by ~50MB/hour. Profiling indicates unclosed TCP sessions in AuthService.,bug,P1-High,-1,NONE,0,Question: Memory leak in background token refresh worker,Process RSS memory grows continuously by ~50MB/hour. Profiling indicates unclosed TCP sessions in AuthService.,Question: Memory leak in background token refresh worker Process RSS memory grows continuously by ~50MB/hour. Profiling indicates unclosed TCP sessions in AuthService.,22
1043,Memory leak in background token refresh worker,Process RSS memory grows continuously by ~50MB/hour. Profiling indicates unclosed TCP sessions in AuthService.,bug,P1-High,-1,NONE,5,Memory leak in background token refresh worker,Process RSS memory grows continuously by ~50MB/hour. Profiling indicates unclosed TCP sessions in AuthService.,Memory leak in background token refresh worker Process RSS memory grows continuously by ~50MB/hour. Profiling indicates unclosed TCP sessions in AuthService.,21
2347,Question: Checkbox state does not persist across tab switching,Form input resets when toggling between 'Account' and 'Billing' sub-tabs.,bug,P2-Medium,-1,CONTRIBUTOR,8,Question: Checkbox state does not persist across tab switching,Form input resets when toggling between 'Account' and 'Billing' sub-tabs.,Question: Checkbox state does not persist across tab switching Form input resets when toggling between 'Account' and 'Billing' sub-tabs.,19
1788,Add webhook notifications for payment success,Developers need outbound HTTP webhooks triggered on invoice.paid events with signature verification header.,feature,P1-High,-1,MEMBER,1,Add webhook notifications for payment success,Developers need outbound HTTP webhooks triggered on invoice.paid events with signature verification header.,Add webhook notifications for payment success Developers need outbound HTTP webhooks triggered on invoice.paid events with signature verification header.,19
2492,Question: Database connection pool exhausted under high concurrency,"HikariCP pool drops active connections after 500 concurrent requests. Error: Connection is not available, request timed out after 30000ms.",bug,P1-High,-1,NONE,2,Question: Database connection pool exhausted under high concurrency,"HikariCP pool drops active connections after 500 concurrent requests. Error: Connection is not available, request timed out after 30000ms.","Question: Database connection pool exhausted under high concurrency HikariCP pool drops active connections after 500 concurrent requests. Error: Connection is not available, request timed out after 30000ms.",27
1641,Question: Memory leak in background token refresh worker,Process RSS memory grows continuously by ~50MB/hour. Profiling indicates unclosed TCP sessions in AuthService.,bug,P1-High,-1,MEMBER,6,Question: Memory leak in background token refresh worker,Process RSS memory grows continuously by ~50MB/hour. Profiling indicates unclosed TCP sessions in AuthService.,Question: Memory leak in background token refresh worker Process RSS memory grows continuously by ~50MB/hour. Profiling indicates unclosed TCP sessions in AuthService.,22
2085,Support CSV export for monthly billing reports,Accounting teams require monthly transactions exported as standard RFC 4180 CSV files with tax breakdown.,feature,P2-Medium,-1,NONE,5,Support CSV export for monthly billing reports,Accounting teams require monthly transactions exported as standard RFC 4180 CSV files with tax breakdown.,Support CSV export for monthly billing reports Accounting teams require monthly transactions exported as standard RFC 4180 CSV files with tax breakdown.,22
2081,High CPU utilization in regex router matching,Regex matching in URL routing consumes 85% CPU during high request spikes due to catastrophic backtracking in greedy pattern.,performance,P1-High,-1,CONTRIBUTOR,1,High CPU utilization in regex router matching,Regex matching in URL routing consumes 85% CPU during high request spikes due to catastrophic backtracking in greedy pattern.,High CPU utilization in regex router matching Regex matching in URL routing consumes 85% CPU during high request spikes due to catastrophic backtracking in greedy pattern.,26
1017,[Bug Report] Memory leak in background token refresh worker,Process RSS memory grows continuously by ~50MB/hour. Profiling indicates unclosed TCP sessions in AuthService.,bug,P1-High,-1,CONTRIBUTOR,1,[Bug Report] Memory leak in background token refresh worker,Process RSS memory grows continuously by ~50MB/hour. Profiling indicates unclosed TCP sessions in AuthService.,[Bug Report] Memory leak in background token refresh worker Process RSS memory grows continuously by ~50MB/hour. Profiling indicates unclosed TCP sessions in AuthService.,23
1217,[Feature Request] UnicodeDecodeError when parsing multibyte UTF-8 input,The JSON parser crashes on emoji input with UnicodeDecodeError: 'utf-8' codec can't decode byte 0xed in position 12.,bug,P2-Medium,-1,CONTRIBUTOR,2,[Feature Request] UnicodeDecodeError when parsing multibyte UTF-8 input,The JSON parser crashes on emoji input with UnicodeDecodeError: 'utf-8' codec can't decode byte 0xed in position 12.,[Feature Request] UnicodeDecodeError when parsing multibyte UTF-8 input The JSON parser crashes on emoji input with UnicodeDecodeError: 'utf-8' codec can't decode byte 0xed in position 12.,26
1875,Fix broken example code in Quickstart tutorial,The quickstart snippet for initializing the client client.connect() causes TypeError: missing 1 required positional argument 'api_key'.,documentation,P2-Medium,-1,CONTRIBUTOR,3,Fix broken example code in Quickstart tutorial,The quickstart snippet for initializing the client client.connect() causes TypeError: missing 1 required positional argument 'api_key'.,Fix broken example code in Quickstart tutorial The quickstart snippet for initializing the client client.connect() causes TypeError: missing 1 required positional argument 'api_key'.,23
2092,Add webhook notifications for payment success,Developers need outbound HTTP webhooks triggered on invoice.paid events with signature verification header.,feature,P1-High,-1,CONTRIBUTOR,3,Add webhook notifications for payment success,Developers need outbound HTTP webhooks triggered on invoice.paid events with signature verification header.,Add webhook notifications for payment success Developers need outbound HTTP webhooks triggered on invoice.paid events with signature verification header.,19
1881,CSS overflow issue on mobile navigation drawer,"On iOS Safari viewport < 375px, the slide-over menu items clip outside the right screen border.",bug,P3-Low,-1,CONTRIBUTOR,0,CSS overflow issue on mobile navigation drawer,"On iOS Safari viewport < 375px, the slide-over menu items clip outside the right screen border.","CSS overflow issue on mobile navigation drawer On iOS Safari viewport < 375px, the slide-over menu items clip outside the right screen border.",23
1302,Support CSV export for monthly billing reports,Accounting teams require monthly transactions exported as standard RFC 4180 CSV files with tax breakdown.,feature,P2-Medium,-1,MEMBER,5,Support CSV export for monthly billing reports,Accounting teams require monthly transactions exported as standard RFC 4180 CSV files with tax breakdown.,Support CSV export for monthly billing reports Accounting teams require monthly transactions exported as standard RFC 4180 CSV files with tax breakdown.,22
2027,Implement bulk item deletion in admin console,Allow administrators to select multiple user records and execute soft-delete in a single batch operation.,feature,P2-Medium,-1,MEMBER,8,Implement bulk item deletion in admin console,Allow administrators to select multiple user records and execute soft-delete in a single batch operation.,Implement bulk item deletion in admin console Allow administrators to select multiple user records and execute soft-delete in a single batch operation.,22
2413,[Bug Report] NullPointerException on user checkout,"When calling POST /api/v1/checkout with an empty cart item list, server throws NullPointerException at CheckoutService.java:142. Expected HTTP 400 Bad Request.",bug,P0-Critical,-1,NONE,11,[Bug Report] NullPointerException on user checkout,"When calling POST /api/v1/checkout with an empty cart item list, server throws NullPointerException at CheckoutService.java:142. Expected HTTP 400 Bad Request.","[Bug Report] NullPointerException on user checkout When calling POST /api/v1/checkout with an empty cart item list, server throws NullPointerException at CheckoutService.java:142. Expected HTTP 400 Bad Request.",26
1752,Urgent: NullPointerException on user checkout,"When calling POST /api/v1/checkout with an empty cart item list, server throws NullPointerException at CheckoutService.java:142. Expected HTTP 400 Bad Request.",bug,P0-Critical,-1,CONTRIBUTOR,23,Urgent: NullPointerException on user checkout,"When calling POST /api/v1/checkout with an empty cart item list, server throws NullPointerException at CheckoutService.java:142. Expected HTTP 400 Bad Request.","Urgent: NullPointerException on user checkout When calling POST /api/v1/checkout with an empty cart item list, server throws NullPointerException at CheckoutService.java:142. Expected HTTP 400 Bad Request.",25
1495,Add webhook notifications for payment success,Developers need outbound HTTP webhooks triggered on invoice.paid events with signature verification header.,feature,P1-High,-1,FIRST_TIME_CONTRIBUTOR,8,Add webhook notifications for payment success,Developers need outbound HTTP webhooks triggered on invoice.paid events with signature verification header.,Add webhook notifications for payment success Developers need outbound HTTP webhooks triggered on invoice.paid events with signature verification header.,19
1885,Document Docker Compose local setup steps,Add troubleshooting section for port conflicts on Windows WSL2 when starting PostgreSQL container.,documentation,P3-Low,-1,MEMBER,3,Document Docker Compose local setup steps,Add troubleshooting section for port conflicts on Windows WSL2 when starting PostgreSQL container.,Document Docker Compose local setup steps Add troubleshooting section for port conflicts on Windows WSL2 when starting PostgreSQL container.,19
2248,Urgent: UnicodeDecodeError when parsing multibyte UTF-8 input,The JSON parser crashes on emoji input with UnicodeDecodeError: 'utf-8' codec can't decode byte 0xed in position 12.,bug,P2-Medium,-1,NONE,7,Urgent: UnicodeDecodeError when parsing multibyte UTF-8 input,The JSON parser crashes on emoji input with UnicodeDecodeError: 'utf-8' codec can't decode byte 0xed in position 12.,Urgent: UnicodeDecodeError when parsing multibyte UTF-8 input The JSON parser crashes on emoji input with UnicodeDecodeError: 'utf-8' codec can't decode byte 0xed in position 12.,25
1748,Database connection pool exhausted under high concurrency,"HikariCP pool drops active connections after 500 concurrent requests. Error: Connection is not available, request timed out after 30000ms.",bug,P1-High,-1,FIRST_TIME_CONTRIBUTOR,5,Database connection pool exhausted under high concurrency,"HikariCP pool drops active connections after 500 concurrent requests. Error: Connection is not available, request timed out after 30000ms.","Database connection pool exhausted under high concurrency HikariCP pool drops active connections after 500 concurrent requests. Error: Connection is not available, request timed out after 30000ms.",26
1267,[Feature Request] Broken hyperlink in settings footer,Clicking 'Terms of Service' in user settings redirects to 404 page.,bug,P3-Low,-1,FIRST_TIME_CONTRIBUTOR,8,[Feature Request] Broken hyperlink in settings footer,Clicking 'Terms of Service' in user settings redirects to 404 page.,[Feature Request] Broken hyperlink in settings footer Clicking 'Terms of Service' in user settings redirects to 404 page.,18
2309,[Feature Request] Checkbox state does not persist across tab switching,Form input resets when toggling between 'Account' and 'Billing' sub-tabs.,bug,P2-Medium,-1,MEMBER,7,[Feature Request] Checkbox state does not persist across tab switching,Form input resets when toggling between 'Account' and 'Billing' sub-tabs.,[Feature Request] Checkbox state does not persist across tab switching Form input resets when toggling between 'Account' and 'Billing' sub-tabs.,20
1143,Update API documentation for v2 authentication header,"The current Swagger docs show 'Authorization: Token <key>', but v2 requires 'Authorization: Bearer <jwt>'.",documentation,P2-Medium,-1,MEMBER,6,Update API documentation for v2 authentication header,"The current Swagger docs show 'Authorization: Token <key>', but v2 requires 'Authorization: Bearer <jwt>'.","Update API documentation for v2 authentication header The current Swagger docs show 'Authorization: Token <key>', but v2 requires 'Authorization: Bearer <jwt>'.",21
1557,Document Docker Compose local setup steps,Add troubleshooting section for port conflicts on Windows WSL2 when starting PostgreSQL container.,documentation,P3-Low,-1,FIRST_TIME_CONTRIBUTOR,5,Document Docker Compose local setup steps,Add troubleshooting section for port conflicts on Windows WSL2 when starting PostgreSQL container.,Document Docker Compose local setup steps Add troubleshooting section for port conflicts on Windows WSL2 when starting PostgreSQL container.,19
1305,[Feature Request] Checkbox state does not persist across tab switching,Form input resets when toggling between 'Account' and 'Billing' sub-tabs.,bug,P2-Medium,-1,MEMBER,7,[Feature Request] Checkbox state does not persist across tab switching,Form input resets when toggling between 'Account' and 'Billing' sub-tabs.,[Feature Request] Checkbox state does not persist across tab switching Form input resets when toggling between 'Account' and 'Billing' sub-tabs.,20
1560,Urgent: Checkbox state does not persist across tab switching,Form input resets when toggling between 'Account' and 'Billing' sub-tabs.,bug,P2-Medium,-1,MEMBER,3,Urgent: Checkbox state does not persist across tab switching,Form input resets when toggling between 'Account' and 'Billing' sub-tabs.,Urgent: Checkbox state does not persist across tab switching Form input resets when toggling between 'Account' and 'Billing' sub-tabs.,19
1370,NullPointerException on user checkout,"When calling POST /api/v1/checkout with an empty cart item list, server throws NullPointerException at CheckoutService.java:142. Expected HTTP 400 Bad Request.",bug,P0-Critical,-1,FIRST_TIME_CONTRIBUTOR,26,NullPointerException on user checkout,"When calling POST /api/v1/checkout with an empty cart item list, server throws NullPointerException at CheckoutService.java:142. Expected HTTP 400 Bad Request.","NullPointerException on user checkout When calling POST /api/v1/checkout with an empty cart item list, server throws NullPointerException at CheckoutService.java:142. Expected HTTP 400 Bad Request.",24
1292,[Feature Request] NullPointerException on user checkout,"When calling POST /api/v1/checkout with an empty cart item list, server throws NullPointerException at CheckoutService.java:142. Expected HTTP 400 Bad Request.",bug,P0-Critical,-1,FIRST_TIME_CONTRIBUTOR,28,[Feature Request] NullPointerException on user checkout,"When calling POST /api/v1/checkout with an empty cart item list, server throws NullPointerException at CheckoutService.java:142. Expected HTTP 400 Bad Request.","[Feature Request] NullPointerException on user checkout When calling POST /api/v1/checkout with an empty cart item list, server throws NullPointerException at CheckoutService.java:142. Expected HTTP 400 Bad Request.",26
1728,[Prod] Memory leak in background token refresh worker,Process RSS memory grows continuously by ~50MB/hour. Profiling indicates unclosed TCP sessions in AuthService.,bug,P1-High,-1,MEMBER,1,[Prod] Memory leak in background token refresh worker,Process RSS memory grows continuously by ~50MB/hour. Profiling indicates unclosed TCP sessions in AuthService.,[Prod] Memory leak in background token refresh worker Process RSS memory grows continuously by ~50MB/hour. Profiling indicates unclosed TCP sessions in AuthService.,22
1667,[Feature Request] NullPointerException on user checkout,"When calling POST /api/v1/checkout with an empty cart item list, server throws NullPointerException at CheckoutService.java:142. Expected HTTP 400 Bad Request.",bug,P0-Critical,-1,FIRST_TIME_CONTRIBUTOR,7,[Feature Request] NullPointerException on user checkout,"When calling POST /api/v1/checkout with an empty cart item list, server throws NullPointerException at CheckoutService.java:142. Expected HTTP 400 Bad Request.","[Feature Request] NullPointerException on user checkout When calling POST /api/v1/checkout with an empty cart item list, server throws NullPointerException at CheckoutService.java:142. Expected HTTP 400 Bad Request.",26
2423,Dark mode theme preference toggle,Implement automatic dark mode switching based on CSS prefers-color-scheme media query.,feature,P3-Low,-1,MEMBER,2,Dark mode theme preference toggle,Implement automatic dark mode switching based on CSS prefers-color-scheme media query.,Dark mode theme preference toggle Implement automatic dark mode switching based on CSS prefers-color-scheme media query.,16
1564,Update API documentation for v2 authentication header,"The current Swagger docs show 'Authorization: Token <key>', but v2 requires 'Authorization: Bearer <jwt>'.",documentation,P2-Medium,-1,FIRST_TIME_CONTRIBUTOR,6,Update API documentation for v2 authentication header,"The current Swagger docs show 'Authorization: Token <key>', but v2 requires 'Authorization: Bearer <jwt>'.","Update API documentation for v2 authentication header The current Swagger docs show 'Authorization: Token <key>', but v2 requires 'Authorization: Bearer <jwt>'.",21
2138,Support CSV export for monthly billing reports,Accounting teams require monthly transactions exported as standard RFC 4180 CSV files with tax breakdown.,feature,P2-Medium,-1,CONTRIBUTOR,8,Support CSV export for monthly billing reports,Accounting teams require monthly transactions exported as standard RFC 4180 CSV files with tax breakdown.,Support CSV export for monthly billing reports Accounting teams require monthly transactions exported as standard RFC 4180 CSV files with tax breakdown.,22
1014,Document Docker Compose local setup steps,Add troubleshooting section for port conflicts on Windows WSL2 when starting PostgreSQL container.,documentation,P3-Low,-1,NONE,8,Document Docker Compose local setup steps,Add troubleshooting section for port conflicts on Windows WSL2 when starting PostgreSQL container.,Document Docker Compose local setup steps Add troubleshooting section for port conflicts on Windows WSL2 when starting PostgreSQL container.,19
1304,[Prod] Memory leak in background token refresh worker,Process RSS memory grows continuously by ~50MB/hour. Profiling indicates unclosed TCP sessions in AuthService.,bug,P1-High,-1,NONE,2,[Prod] Memory leak in background token refresh worker,Process RSS memory grows continuously by ~50MB/hour. Profiling indicates unclosed TCP sessions in AuthService.,[Prod] Memory leak in background token refresh worker Process RSS memory grows continuously by ~50MB/hour. Profiling indicates unclosed TCP sessions in AuthService.,22
2097,Dark mode theme preference toggle,Implement automatic dark mode switching based on CSS prefers-color-scheme media query.,feature,P3-Low,-1,MEMBER,3,Dark mode theme preference toggle,Implement automatic dark mode switching based on CSS prefers-color-scheme media query.,Dark mode theme preference toggle Implement automatic dark mode switching based on CSS prefers-color-scheme media query.,16
1876,Dark mode theme preference toggle,Implement automatic dark mode switching based on CSS prefers-color-scheme media query.,feature,P3-Low,-1,CONTRIBUTOR,5,Dark mode theme preference toggle,Implement automatic dark mode switching based on CSS prefers-color-scheme media query.,Dark mode theme preference toggle Implement automatic dark mode switching based on CSS prefers-color-scheme media query.,16
1281,[Bug Report] Broken hyperlink in settings footer,Clicking 'Terms of Service' in user settings redirects to 404 page.,bug,P3-Low,-1,NONE,5,[Bug Report] Broken hyperlink in settings footer,Clicking 'Terms of Service' in user settings redirects to 404 page.,[Bug Report] Broken hyperlink in settings footer Clicking 'Terms of Service' in user settings redirects to 404 page.,18
1433,Slow SQL query on user activity feed endpoint,SELECT * FROM activities WHERE user_id = ? ORDER BY timestamp DESC takes 4.2 seconds on accounts with >50k events. Missing composite index.,performance,P1-High,-1,CONTRIBUTOR,2,Slow SQL query on user activity feed endpoint,SELECT * FROM activities WHERE user_id = ? ORDER BY timestamp DESC takes 4.2 seconds on accounts with >50k events. Missing composite index.,Slow SQL query on user activity feed endpoint SELECT * FROM activities WHERE user_id = ? ORDER BY timestamp DESC takes 4.2 seconds on accounts with >50k events. Missing composite index.,31
2204,Question: NullPointerException on user checkout,"When calling POST /api/v1/checkout with an empty cart item list, server throws NullPointerException at CheckoutService.java:142. Expected HTTP 400 Bad Request.",bug,P0-Critical,-1,NONE,16,Question: NullPointerException on user checkout,"When calling POST /api/v1/checkout with an empty cart item list, server throws NullPointerException at CheckoutService.java:142. Expected HTTP 400 Bad Request.","Question: NullPointerException on user checkout When calling POST /api/v1/checkout with an empty cart item list, server throws NullPointerException at CheckoutService.java:142. Expected HTTP 400 Bad Request.",25
1938,High CPU utilization in regex router matching,Regex matching in URL routing consumes 85% CPU during high request spikes due to catastrophic backtracking in greedy pattern.,performance,P1-High,-1,CONTRIBUTOR,8,High CPU utilization in regex router matching,Regex matching in URL routing consumes 85% CPU during high request spikes due to catastrophic backtracking in greedy pattern.,High CPU utilization in regex router matching Regex matching in URL routing consumes 85% CPU during high request spikes due to catastrophic backtracking in greedy pattern.,26
2236,[Feature Request] NullPointerException on user checkout,"When calling POST /api/v1/checkout with an empty cart item list, server throws NullPointerException at CheckoutService.java:142. Expected HTTP 400 Bad Request.",bug,P0-Critical,-1,CONTRIBUTOR,21,[Feature Request] NullPointerException on user checkout,"When calling POST /api/v1/checkout with an empty cart item list, server throws NullPointerException at CheckoutService.java:142. Expected HTTP 400 Bad Request.","[Feature Request] NullPointerException on user checkout When calling POST /api/v1/checkout with an empty cart item list, server throws NullPointerException at CheckoutService.java:142. Expected HTTP 400 Bad Request.",26
2430,[Bug Report] Database connection pool exhausted under high concurrency,"HikariCP pool drops active connections after 500 concurrent requests. Error: Connection is not available, request timed out after 30000ms.",bug,P1-High,-1,FIRST_TIME_CONTRIBUTOR,0,[Bug Report] Database connection pool exhausted under high concurrency,"HikariCP pool drops active connections after 500 concurrent requests. Error: Connection is not available, request timed out after 30000ms.","[Bug Report] Database connection pool exhausted under high concurrency HikariCP pool drops active connections after 500 concurrent requests. Error: Connection is not available, request timed out after 30000ms.",28
1701,[Prod] Deadlock in order fulfillment distributed lock,Redis distributed lock fails to release when worker process receives SIGTERM during checkout transaction.,bug,P0-Critical,-1,CONTRIBUTOR,18,[Prod] Deadlock in order fulfillment distributed lock,Redis distributed lock fails to release when worker process receives SIGTERM during checkout transaction.,[Prod] Deadlock in order fulfillment distributed lock Redis distributed lock fails to release when worker process receives SIGTERM during checkout transaction.,21
1860,Implement bulk item deletion in admin console,Allow administrators to select multiple user records and execute soft-delete in a single batch operation.,feature,P2-Medium,-1,MEMBER,7,Implement bulk item deletion in admin console,Allow administrators to select multiple user records and execute soft-delete in a single batch operation.,Implement bulk item deletion in admin console Allow administrators to select multiple user records and execute soft-delete in a single batch operation.,22
1548,Urgent: UnicodeDecodeError when parsing multibyte UTF-8 input,The JSON parser crashes on emoji input with UnicodeDecodeError: 'utf-8' codec can't decode byte 0xed in position 12.,bug,P2-Medium,-1,MEMBER,1,Urgent: UnicodeDecodeError when parsing multibyte UTF-8 input,The JSON parser crashes on emoji input with UnicodeDecodeError: 'utf-8' codec can't decode byte 0xed in position 12.,Urgent: UnicodeDecodeError when parsing multibyte UTF-8 input The JSON parser crashes on emoji input with UnicodeDecodeError: 'utf-8' codec can't decode byte 0xed in position 12.,25
2410,Question: Database connection pool exhausted under high concurrency,"HikariCP pool drops active connections after 500 concurrent requests. Error: Connection is not available, request timed out after 30000ms.",bug,P1-High,-1,FIRST_TIME_CONTRIBUTOR,2,Question: Database connection pool exhausted under high concurrency,"HikariCP pool drops active connections after 500 concurrent requests. Error: Connection is not available, request timed out after 30000ms.","Question: Database connection pool exhausted under high concurrency HikariCP pool drops active connections after 500 concurrent requests. Error: Connection is not available, request timed out after 30000ms.",27
1587,Dark mode theme preference toggle,Implement automatic dark mode switching based on CSS prefers-color-scheme media query.,feature,P3-Low,-1,FIRST_TIME_CONTRIBUTOR,6,Dark mode theme preference toggle,Implement automatic dark mode switching based on CSS prefers-color-scheme media query.,Dark mode theme preference toggle Implement automatic dark mode switching based on CSS prefers-color-scheme media query.,16
1044,Support CSV export for monthly billing reports,Accounting teams require monthly transactions exported as standard RFC 4180 CSV files with tax breakdown.,feature,P2-Medium,-1,NONE,3,Support CSV export for monthly billing reports,Accounting teams require monthly transactions exported as standard RFC 4180 CSV files with tax breakdown.,Support CSV export for monthly billing reports Accounting teams require monthly transactions exported as standard RFC 4180 CSV files with tax breakdown.,22
2485,Add architecture diagram to README,The repository needs an updated high-level diagram explaining the microservice event bus flow.,documentation,P3-Low,-1,NONE,8,Add architecture diagram to README,The repository needs an updated high-level diagram explaining the microservice event bus flow.,Add architecture diagram to README The repository needs an updated high-level diagram explaining the microservice event bus flow.,18
1322,Add webhook notifications for payment success,Developers need outbound HTTP webhooks triggered on invoice.paid events with signature verification header.,feature,P1-High,-1,MEMBER,8,Add webhook notifications for payment success,Developers need outbound HTTP webhooks triggered on invoice.paid events with signature verification header.,Add webhook notifications for payment success Developers need outbound HTTP webhooks triggered on invoice.paid events with signature verification header.,19
1040,High CPU utilization in regex router matching,Regex matching in URL routing consumes 85% CPU during high request spikes due to catastrophic backtracking in greedy pattern.,performance,P1-High,-1,FIRST_TIME_CONTRIBUTOR,4,High CPU utilization in regex router matching,Regex matching in URL routing consumes 85% CPU during high request spikes due to catastrophic backtracking in greedy pattern.,High CPU utilization in regex router matching Regex matching in URL routing consumes 85% CPU during high request spikes due to catastrophic backtracking in greedy pattern.,26
1618,Dark mode theme preference toggle,Implement automatic dark mode switching based on CSS prefers-color-scheme media query.,feature,P3-Low,-1,FIRST_TIME_CONTRIBUTOR,1,Dark mode theme preference toggle,Implement automatic dark mode switching based on CSS prefers-color-scheme media query.,Dark mode theme preference toggle Implement automatic dark mode switching based on CSS prefers-color-scheme media query.,16
1226,Implement bulk item deletion in admin console,Allow administrators to select multiple user records and execute soft-delete in a single batch operation.,feature,P2-Medium,-1,MEMBER,4,Implement bulk item deletion in admin console,Allow administrators to select multiple user records and execute soft-delete in a single batch operation.,Implement bulk item deletion in admin console Allow administrators to select multiple user records and execute soft-delete in a single batch operation.,22
2332,[Prod] Checkbox state does not persist across tab switching,Form input resets when toggling between 'Account' and 'Billing' sub-tabs.,bug,P2-Medium,-1,NONE,0,[Prod] Checkbox state does not persist across tab switching,Form input resets when toggling between 'Account' and 'Billing' sub-tabs.,[Prod] Checkbox state does not persist across tab switching Form input resets when toggling between 'Account' and 'Billing' sub-tabs.,19
1047,[Prod] Checkbox state does not persist across tab switching,Form input resets when toggling between 'Account' and 'Billing' sub-tabs.,bug,P2-Medium,-1,CONTRIBUTOR,8,[Prod] Checkbox state does not persist across tab switching,Form input resets when toggling between 'Account' and 'Billing' sub-tabs.,[Prod] Checkbox state does not persist across tab switching Form input resets when toggling between 'Account' and 'Billing' sub-tabs.,19
2225,Add webhook notifications for payment success,Developers need outbound HTTP webhooks triggered on invoice.paid events with signature verification header.,feature,P1-High,-1,FIRST_TIME_CONTRIBUTOR,2,Add webhook notifications for payment success,Developers need outbound HTTP webhooks triggered on invoice.paid events with signature verification header.,Add webhook notifications for payment success Developers need outbound HTTP webhooks triggered on invoice.paid events with signature verification header.,19
1524,High CPU utilization in regex router matching,Regex matching in URL routing consumes 85% CPU during high request spikes due to catastrophic backtracking in greedy pattern.,performance,P1-High,-1,CONTRIBUTOR,3,High CPU utilization in regex router matching,Regex matching in URL routing consumes 85% CPU during high request spikes due to catastrophic backtracking in greedy pattern.,High CPU utilization in regex router matching Regex matching in URL routing consumes 85% CPU during high request spikes due to catastrophic backtracking in greedy pattern.,26
2098,Document Docker Compose local setup steps,Add troubleshooting section for port conflicts on Windows WSL2 when starting PostgreSQL container.,documentation,P3-Low,-1,FIRST_TIME_CONTRIBUTOR,3,Document Docker Compose local setup steps,Add troubleshooting section for port conflicts on Windows WSL2 when starting PostgreSQL container.,Document Docker Compose local setup steps Add troubleshooting section for port conflicts on Windows WSL2 when starting PostgreSQL container.,19
2058,Add architecture diagram to README,The repository needs an updated high-level diagram explaining the microservice event bus flow.,documentation,P3-Low,-1,FIRST_TIME_CONTRIBUTOR,3,Add architecture diagram to README,The repository needs an updated high-level diagram explaining the microservice event bus flow.,Add architecture diagram to README The repository needs an updated high-level diagram explaining the microservice event bus flow.,18
1878,Add architecture diagram to README,The repository needs an updated high-level diagram explaining the microservice event bus flow.,documentation,P3-Low,-1,FIRST_TIME_CONTRIBUTOR,8,Add architecture diagram to README,The repository needs an updated high-level diagram explaining the microservice event bus flow.,Add architecture diagram to README The repository needs an updated high-level diagram explaining the microservice event bus flow.,18
1058,[Feature Request] Insecure direct object reference (IDOR) on document download,Authenticated users can access arbitrary tenant invoices by altering the numeric invoice_id in the URL.,security,P0-Critical,-1,FIRST_TIME_CONTRIBUTOR,14,[Feature Request] Insecure direct object reference (IDOR) on document download,Authenticated users can access arbitrary tenant invoices by altering the numeric invoice_id in the URL.,[Feature Request] Insecure direct object reference (IDOR) on document download Authenticated users can access arbitrary tenant invoices by altering the numeric invoice_id in the URL.,25
2073,Update API documentation for v2 authentication header,"The current Swagger docs show 'Authorization: Token <key>', but v2 requires 'Authorization: Bearer <jwt>'.",documentation,P2-Medium,-1,FIRST_TIME_CONTRIBUTOR,8,Update API documentation for v2 authentication header,"The current Swagger docs show 'Authorization: Token <key>', but v2 requires 'Authorization: Bearer <jwt>'.","Update API documentation for v2 authentication header The current Swagger docs show 'Authorization: Token <key>', but v2 requires 'Authorization: Bearer <jwt>'.",21
1694,[Prod] Database connection pool exhausted under high concurrency,"HikariCP pool drops active connections after 500 concurrent requests. Error: Connection is not available, request timed out after 30000ms.",bug,P1-High,-1,CONTRIBUTOR,7,[Prod] Database connection pool exhausted under high concurrency,"HikariCP pool drops active connections after 500 concurrent requests. Error: Connection is not available, request timed out after 30000ms.","[Prod] Database connection pool exhausted under high concurrency HikariCP pool drops active connections after 500 concurrent requests. Error: Connection is not available, request timed out after 30000ms.",27
1703,[Feature Request] Insecure direct object reference (IDOR) on document download,Authenticated users can access arbitrary tenant invoices by altering the numeric invoice_id in the URL.,security,P0-Critical,-1,FIRST_TIME_CONTRIBUTOR,22,[Feature Request] Insecure direct object reference (IDOR) on document download,Authenticated users can access arbitrary tenant invoices by altering the numeric invoice_id in the URL.,[Feature Request] Insecure direct object reference (IDOR) on document download Authenticated users can access arbitrary tenant invoices by altering the numeric invoice_id in the URL.,25
1024,[Prod] UnicodeDecodeError when parsing multibyte UTF-8 input,The JSON parser crashes on emoji input with UnicodeDecodeError: 'utf-8' codec can't decode byte 0xed in position 12.,bug,P2-Medium,-1,FIRST_TIME_CONTRIBUTOR,7,[Prod] UnicodeDecodeError when parsing multibyte UTF-8 input,The JSON parser crashes on emoji input with UnicodeDecodeError: 'utf-8' codec can't decode byte 0xed in position 12.,[Prod] UnicodeDecodeError when parsing multibyte UTF-8 input The JSON parser crashes on emoji input with UnicodeDecodeError: 'utf-8' codec can't decode byte 0xed in position 12.,25
1092,Implement bulk item deletion in admin console,Allow administrators to select multiple user records and execute soft-delete in a single batch operation.,feature,P2-Medium,-1,NONE,5,Implement bulk item deletion in admin console,Allow administrators to select multiple user records and execute soft-delete in a single batch operation.,Implement bulk item deletion in admin console Allow administrators to select multiple user records and execute soft-delete in a single batch operation.,22
2370,[Bug Report] Deadlock in order fulfillment distributed lock,Redis distributed lock fails to release when worker process receives SIGTERM during checkout transaction.,bug,P0-Critical,-1,FIRST_TIME_CONTRIBUTOR,15,[Bug Report] Deadlock in order fulfillment distributed lock,Redis distributed lock fails to release when worker process receives SIGTERM during checkout transaction.,[Bug Report] Deadlock in order fulfillment distributed lock Redis distributed lock fails to release when worker process receives SIGTERM during checkout transaction.,22
1347,Urgent: Checkbox state does not persist across tab switching,Form input resets when toggling between 'Account' and 'Billing' sub-tabs.,bug,P2-Medium,-1,NONE,8,Urgent: Checkbox state does not persist across tab switching,Form input resets when toggling between 'Account' and 'Billing' sub-tabs.,Urgent: Checkbox state does not persist across tab switching Form input resets when toggling between 'Account' and 'Billing' sub-tabs.,19
2196,[Feature Request] NullPointerException on user checkout,"When calling POST /api/v1/checkout with an empty cart item list, server throws NullPointerException at CheckoutService.java:142. Expected HTTP 400 Bad Request.",bug,P0-Critical,-1,MEMBER,14,[Feature Request] NullPointerException on user checkout,"When calling POST /api/v1/checkout with an empty cart item list, server throws NullPointerException at CheckoutService.java:142. Expected HTTP 400 Bad Request.","[Feature Request] NullPointerException on user checkout When calling POST /api/v1/checkout with an empty cart item list, server throws NullPointerException at CheckoutService.java:142. Expected HTTP 400 Bad Request.",26
1440,[Bug Report] Broken hyperlink in settings footer,Clicking 'Terms of Service' in user settings redirects to 404 page.,bug,P3-Low,-1,FIRST_TIME_CONTRIBUTOR,1,[Bug Report] Broken hyperlink in settings footer,Clicking 'Terms of Service' in user settings redirects to 404 page.,[Bug Report] Broken hyperlink in settings footer Clicking 'Terms of Service' in user settings redirects to 404 page.,18
1454,[Bug Report] Database connection pool exhausted under high concurrency,"HikariCP pool drops active connections after 500 concurrent requests. Error: Connection is not available, request timed out after 30000ms.",bug,P1-High,-1,FIRST_TIME_CONTRIBUTOR,4,[Bug Report] Database connection pool exhausted under high concurrency,"HikariCP pool drops active connections after 500 concurrent requests. Error: Connection is not available, request timed out after 30000ms.","[Bug Report] Database connection pool exhausted under high concurrency HikariCP pool drops active connections after 500 concurrent requests. Error: Connection is not available, request timed out after 30000ms.",28
1309,Checkbox state does not persist across tab switching,Form input resets when toggling between 'Account' and 'Billing' sub-tabs.,bug,P2-Medium,-1,MEMBER,0,Checkbox state does not persist across tab switching,Form input resets when toggling between 'Account' and 'Billing' sub-tabs.,Checkbox state does not persist across tab switching Form input resets when toggling between 'Account' and 'Billing' sub-tabs.,18
1233,Urgent: UnicodeDecodeError when parsing multibyte UTF-8 input,The JSON parser crashes on emoji input with UnicodeDecodeError: 'utf-8' codec can't decode byte 0xed in position 12.,bug,P2-Medium,-1,MEMBER,8,Urgent: UnicodeDecodeError when parsing multibyte UTF-8 input,The JSON parser crashes on emoji input with UnicodeDecodeError: 'utf-8' codec can't decode byte 0xed in position 12.,Urgent: UnicodeDecodeError when parsing multibyte UTF-8 input The JSON parser crashes on emoji input with UnicodeDecodeError: 'utf-8' codec can't decode byte 0xed in position 12.,25
1555,API gateway p99 latency spikes above 1200ms,Downstream microservice connection timeouts lead to thread starvation in the upstream edge gateway.,performance,P1-High,-1,FIRST_TIME_CONTRIBUTOR,3,API gateway p99 latency spikes above 1200ms,Downstream microservice connection timeouts lead to thread starvation in the upstream edge gateway.,API gateway p99 latency spikes above 1200ms Downstream microservice connection timeouts lead to thread starvation in the upstream edge gateway.,20
1401,Document Docker Compose local setup steps,Add troubleshooting section for port conflicts on Windows WSL2 when starting PostgreSQL container.,documentation,P3-Low,-1,FIRST_TIME_CONTRIBUTOR,4,Document Docker Compose local setup steps,Add troubleshooting section for port conflicts on Windows WSL2 when starting PostgreSQL container.,Document Docker Compose local setup steps Add troubleshooting section for port conflicts on Windows WSL2 when starting PostgreSQL container.,19
1306,Optimize Docker image layer caching to speed up CI,Re-installing heavy Python packages on every single commit causes CI build times to exceed 18 minutes.,performance,P2-Medium,-1,FIRST_TIME_CONTRIBUTOR,2,Optimize Docker image layer caching to speed up CI,Re-installing heavy Python packages on every single commit causes CI build times to exceed 18 minutes.,Optimize Docker image layer caching to speed up CI Re-installing heavy Python packages on every single commit causes CI build times to exceed 18 minutes.,25
2363,Urgent: CSS overflow issue on mobile navigation drawer,"On iOS Safari viewport < 375px, the slide-over menu items clip outside the right screen border.",bug,P3-Low,-1,CONTRIBUTOR,0,Urgent: CSS overflow issue on mobile navigation drawer,"On iOS Safari viewport < 375px, the slide-over menu items clip outside the right screen border.","Urgent: CSS overflow issue on mobile navigation drawer On iOS Safari viewport < 375px, the slide-over menu items clip outside the right screen border.",24
1566,Document Docker Compose local setup steps,Add troubleshooting section for port conflicts on Windows WSL2 when starting PostgreSQL container.,documentation,P3-Low,-1,FIRST_TIME_CONTRIBUTOR,1,Document Docker Compose local setup steps,Add troubleshooting section for port conflicts on Windows WSL2 when starting PostgreSQL container.,Document Docker Compose local setup steps Add troubleshooting section for port conflicts on Windows WSL2 when starting PostgreSQL container.,19
2147,Dark mode theme preference toggle,Implement automatic dark mode switching based on CSS prefers-color-scheme media query.,feature,P3-Low,-1,CONTRIBUTOR,3,Dark mode theme preference toggle,Implement automatic dark mode switching based on CSS prefers-color-scheme media query.,Dark mode theme preference toggle Implement automatic dark mode switching based on CSS prefers-color-scheme media query.,16
2205,Question: NullPointerException on user checkout,"When calling POST /api/v1/checkout with an empty cart item list, server throws NullPointerException at CheckoutService.java:142. Expected HTTP 400 Bad Request.",bug,P0-Critical,-1,MEMBER,23,Question: NullPointerException on user checkout,"When calling POST /api/v1/checkout with an empty cart item list, server throws NullPointerException at CheckoutService.java:142. Expected HTTP 400 Bad Request.","Question: NullPointerException on user checkout When calling POST /api/v1/checkout with an empty cart item list, server throws NullPointerException at CheckoutService.java:142. Expected HTTP 400 Bad Request.",25
1709,Fix broken example code in Quickstart tutorial,The quickstart snippet for initializing the client client.connect() causes TypeError: missing 1 required positional argument 'api_key'.,documentation,P2-Medium,-1,MEMBER,6,Fix broken example code in Quickstart tutorial,The quickstart snippet for initializing the client client.connect() causes TypeError: missing 1 required positional argument 'api_key'.,Fix broken example code in Quickstart tutorial The quickstart snippet for initializing the client client.connect() causes TypeError: missing 1 required positional argument 'api_key'.,23
1637,Slow SQL query on user activity feed endpoint,SELECT * FROM activities WHERE user_id = ? ORDER BY timestamp DESC takes 4.2 seconds on accounts with >50k events. Missing composite index.,performance,P1-High,-1,CONTRIBUTOR,1,Slow SQL query on user activity feed endpoint,SELECT * FROM activities WHERE user_id = ? ORDER BY timestamp DESC takes 4.2 seconds on accounts with >50k events. Missing composite index.,Slow SQL query on user activity feed endpoint SELECT * FROM activities WHERE user_id = ? ORDER BY timestamp DESC takes 4.2 seconds on accounts with >50k events. Missing composite index.,31
1023,[Bug Report] NullPointerException on user checkout,"When calling POST /api/v1/checkout with an empty cart item list, server throws NullPointerException at CheckoutService.java:142. Expected HTTP 400 Bad Request.",bug,P0-Critical,-1,MEMBER,17,[Bug Report] NullPointerException on user checkout,"When calling POST /api/v1/checkout with an empty cart item list, server throws NullPointerException at CheckoutService.java:142. Expected HTTP 400 Bad Request.","[Bug Report] NullPointerException on user checkout When calling POST /api/v1/checkout with an empty cart item list, server throws NullPointerException at CheckoutService.java:142. Expected HTTP 400 Bad Request.",26
1729,Question: Database connection pool exhausted under high concurrency,"HikariCP pool drops active connections after 500 concurrent requests. Error: Connection is not available, request timed out after 30000ms.",bug,P1-High,-1,NONE,0,Question: Database connection pool exhausted under high concurrency,"HikariCP pool drops active connections after 500 concurrent requests. Error: Connection is not available, request timed out after 30000ms.","Question: Database connection pool exhausted under high concurrency HikariCP pool drops active connections after 500 concurrent requests. Error: Connection is not available, request timed out after 30000ms.",27
2055,Support CSV export for monthly billing reports,Accounting teams require monthly transactions exported as standard RFC 4180 CSV files with tax breakdown.,feature,P2-Medium,-1,MEMBER,5,Support CSV export for monthly billing reports,Accounting teams require monthly transactions exported as standard RFC 4180 CSV files with tax breakdown.,Support CSV export for monthly billing reports Accounting teams require monthly transactions exported as standard RFC 4180 CSV files with tax breakdown.,22
2415,Dark mode theme preference toggle,Implement automatic dark mode switching based on CSS prefers-color-scheme media query.,feature,P3-Low,-1,FIRST_TIME_CONTRIBUTOR,7,Dark mode theme preference toggle,Implement automatic dark mode switching based on CSS prefers-color-scheme media query.,Dark mode theme preference toggle Implement automatic dark mode switching based on CSS prefers-color-scheme media query.,16
1561,[Bug Report] Deadlock in order fulfillment distributed lock,Redis distributed lock fails to release when worker process receives SIGTERM during checkout transaction.,bug,P0-Critical,-1,CONTRIBUTOR,8,[Bug Report] Deadlock in order fulfillment distributed lock,Redis distributed lock fails to release when worker process receives SIGTERM during checkout transaction.,[Bug Report] Deadlock in order fulfillment distributed lock Redis distributed lock fails to release when worker process receives SIGTERM during checkout transaction.,22
1383,High CPU utilization in regex router matching,Regex matching in URL routing consumes 85% CPU during high request spikes due to catastrophic backtracking in greedy pattern.,performance,P1-High,-1,MEMBER,2,High CPU utilization in regex router matching,Regex matching in URL routing consumes 85% CPU during high request spikes due to catastrophic backtracking in greedy pattern.,High CPU utilization in regex router matching Regex matching in URL routing consumes 85% CPU during high request spikes due to catastrophic backtracking in greedy pattern.,26
1745,[Prod] Deadlock in order fulfillment distributed lock,Redis distributed lock fails to release when worker process receives SIGTERM during checkout transaction.,bug,P0-Critical,-1,FIRST_TIME_CONTRIBUTOR,16,[Prod] Deadlock in order fulfillment distributed lock,Redis distributed lock fails to release when worker process receives SIGTERM during checkout transaction.,[Prod] Deadlock in order fulfillment distributed lock Redis distributed lock fails to release when worker process receives SIGTERM during checkout transaction.,21
1954,Support CSV export for monthly billing reports,Accounting teams require monthly transactions exported as standard RFC 4180 CSV files with tax breakdown.,feature,P2-Medium,-1,CONTRIBUTOR,7,Support CSV export for monthly billing reports,Accounting teams require monthly transactions exported as standard RFC 4180 CSV files with tax breakdown.,Support CSV export for monthly billing reports Accounting teams require monthly transactions exported as standard RFC 4180 CSV files with tax breakdown.,22
1429,Support CSV export for monthly billing reports,Accounting teams require monthly transactions exported as standard RFC 4180 CSV files with tax breakdown.,feature,P2-Medium,-1,FIRST_TIME_CONTRIBUTOR,8,Support CSV export for monthly billing reports,Accounting teams require monthly transactions exported as standard RFC 4180 CSV files with tax breakdown.,Support CSV export for monthly billing reports Accounting teams require monthly transactions exported as standard RFC 4180 CSV files with tax breakdown.,22
1567,Urgent: CORS policy allows wildcard origin with credentials,"Access-Control-Allow-Origin is set to '*' while Access-Control-Allow-Credentials is true, violating CORS specification.",security,P1-High,-1,FIRST_TIME_CONTRIBUTOR,6,Urgent: CORS policy allows wildcard origin with credentials,"Access-Control-Allow-Origin is set to '*' while Access-Control-Allow-Credentials is true, violating CORS specification.","Urgent: CORS policy allows wildcard origin with credentials Access-Control-Allow-Origin is set to '*' while Access-Control-Allow-Credentials is true, violating CORS specification.",20
2401,Urgent: Database connection pool exhausted under high concurrency,"HikariCP pool drops active connections after 500 concurrent requests. Error: Connection is not available, request timed out after 30000ms.",bug,P1-High,-1,CONTRIBUTOR,3,Urgent: Database connection pool exhausted under high concurrency,"HikariCP pool drops active connections after 500 concurrent requests. Error: Connection is not available, request timed out after 30000ms.","Urgent: Database connection pool exhausted under high concurrency HikariCP pool drops active connections after 500 concurrent requests. Error: Connection is not available, request timed out after 30000ms.",27
1278,Add architecture diagram to README,The repository needs an updated high-level diagram explaining the microservice event bus flow.,documentation,P3-Low,-1,MEMBER,8,Add architecture diagram to README,The repository needs an updated high-level diagram explaining the microservice event bus flow.,Add architecture diagram to README The repository needs an updated high-level diagram explaining the microservice event bus flow.,18
1410,Implement bulk item deletion in admin console,Allow administrators to select multiple user records and execute soft-delete in a single batch operation.,feature,P2-Medium,-1,FIRST_TIME_CONTRIBUTOR,7,Implement bulk item deletion in admin console,Allow administrators to select multiple user records and execute soft-delete in a single batch operation.,Implement bulk item deletion in admin console Allow administrators to select multiple user records and execute soft-delete in a single batch operation.,22
1733,Add support for OAuth2 Google Login,Users need the ability to authenticate via Google OAuth2 with PKCE flow. Needs configuration for client ID and secret.,feature,P2-Medium,-1,NONE,4,Add support for OAuth2 Google Login,Users need the ability to authenticate via Google OAuth2 with PKCE flow. Needs configuration for client ID and secret.,Add support for OAuth2 Google Login Users need the ability to authenticate via Google OAuth2 with PKCE flow. Needs configuration for client ID and secret.,25
1185,High CPU utilization in regex router matching,Regex matching in URL routing consumes 85% CPU during high request spikes due to catastrophic backtracking in greedy pattern.,performance,P1-High,-1,FIRST_TIME_CONTRIBUTOR,6,High CPU utilization in regex router matching,Regex matching in URL routing consumes 85% CPU during high request spikes due to catastrophic backtracking in greedy pattern.,High CPU utilization in regex router matching Regex matching in URL routing consumes 85% CPU during high request spikes due to catastrophic backtracking in greedy pattern.,26
1475,Add support for OAuth2 Google Login,Users need the ability to authenticate via Google OAuth2 with PKCE flow. Needs configuration for client ID and secret.,feature,P2-Medium,-1,FIRST_TIME_CONTRIBUTOR,8,Add support for OAuth2 Google Login,Users need the ability to authenticate via Google OAuth2 with PKCE flow. Needs configuration for client ID and secret.,Add support for OAuth2 Google Login Users need the ability to authenticate via Google OAuth2 with PKCE flow. Needs configuration for client ID and secret.,25
1592,Implement bulk item deletion in admin console,Allow administrators to select multiple user records and execute soft-delete in a single batch operation.,feature,P2-Medium,-1,FIRST_TIME_CONTRIBUTOR,6,Implement bulk item deletion in admin console,Allow administrators to select multiple user records and execute soft-delete in a single batch operation.,Implement bulk item deletion in admin console Allow administrators to select multiple user records and execute soft-delete in a single batch operation.,22
1456,[Bug Report] Database connection pool exhausted under high concurrency,"HikariCP pool drops active connections after 500 concurrent requests. Error: Connection is not available, request timed out after 30000ms.",bug,P1-High,-1,FIRST_TIME_CONTRIBUTOR,2,[Bug Report] Database connection pool exhausted under high concurrency,"HikariCP pool drops active connections after 500 concurrent requests. Error: Connection is not available, request timed out after 30000ms.","[Bug Report] Database connection pool exhausted under high concurrency HikariCP pool drops active connections after 500 concurrent requests. Error: Connection is not available, request timed out after 30000ms.",28
2479,Add architecture diagram to README,The repository needs an updated high-level diagram explaining the microservice event bus flow.,documentation,P3-Low,-1,NONE,2,Add architecture diagram to README,The repository needs an updated high-level diagram explaining the microservice event bus flow.,Add architecture diagram to README The repository needs an updated high-level diagram explaining the microservice event bus flow.,18
1856,Urgent: NullPointerException on user checkout,"When calling POST /api/v1/checkout with an empty cart item list, server throws NullPointerException at CheckoutService.java:142. Expected HTTP 400 Bad Request.",bug,P0-Critical,-1,NONE,22,Urgent: NullPointerException on user checkout,"When calling POST /api/v1/checkout with an empty cart item list, server throws NullPointerException at CheckoutService.java:142. Expected HTTP 400 Bad Request.","Urgent: NullPointerException on user checkout When calling POST /api/v1/checkout with an empty cart item list, server throws NullPointerException at CheckoutService.java:142. Expected HTTP 400 Bad Request.",25
1866,Update API documentation for v2 authentication header,"The current Swagger docs show 'Authorization: Token <key>', but v2 requires 'Authorization: Bearer <jwt>'.",documentation,P2-Medium,-1,NONE,6,Update API documentation for v2 authentication header,"The current Swagger docs show 'Authorization: Token <key>', but v2 requires 'Authorization: Bearer <jwt>'.","Update API documentation for v2 authentication header The current Swagger docs show 'Authorization: Token <key>', but v2 requires 'Authorization: Bearer <jwt>'.",21
2264,[Prod] UnicodeDecodeError when parsing multibyte UTF-8 input,The JSON parser crashes on emoji input with UnicodeDecodeError: 'utf-8' codec can't decode byte 0xed in position 12.,bug,P2-Medium,-1,FIRST_TIME_CONTRIBUTOR,6,[Prod] UnicodeDecodeError when parsing multibyte UTF-8 input,The JSON parser crashes on emoji input with UnicodeDecodeError: 'utf-8' codec can't decode byte 0xed in position 12.,[Prod] UnicodeDecodeError when parsing multibyte UTF-8 input The JSON parser crashes on emoji input with UnicodeDecodeError: 'utf-8' codec can't decode byte 0xed in position 12.,25
1534,UnicodeDecodeError when parsing multibyte UTF-8 input,The JSON parser crashes on emoji input with UnicodeDecodeError: 'utf-8' codec can't decode byte 0xed in position 12.,bug,P2-Medium,-1,CONTRIBUTOR,3,UnicodeDecodeError when parsing multibyte UTF-8 input,The JSON parser crashes on emoji input with UnicodeDecodeError: 'utf-8' codec can't decode byte 0xed in position 12.,UnicodeDecodeError when parsing multibyte UTF-8 input The JSON parser crashes on emoji input with UnicodeDecodeError: 'utf-8' codec can't decode byte 0xed in position 12.,24
2473,Question: Broken hyperlink in settings footer,Clicking 'Terms of Service' in user settings redirects to 404 page.,bug,P3-Low,-1,NONE,0,Question: Broken hyperlink in settings footer,Clicking 'Terms of Service' in user settings redirects to 404 page.,Question: Broken hyperlink in settings footer Clicking 'Terms of Service' in user settings redirects to 404 page.,17
2244,Update API documentation for v2 authentication header,"The current Swagger docs show 'Authorization: Token <key>', but v2 requires 'Authorization: Bearer <jwt>'.",documentation,P2-Medium,-1,CONTRIBUTOR,4,Update API documentation for v2 authentication header,"The current Swagger docs show 'Authorization: Token <key>', but v2 requires 'Authorization: Bearer <jwt>'.","Update API documentation for v2 authentication header The current Swagger docs show 'Authorization: Token <key>', but v2 requires 'Authorization: Bearer <jwt>'.",21
1441,API gateway p99 latency spikes above 1200ms,Downstream microservice connection timeouts lead to thread starvation in the upstream edge gateway.,performance,P1-High,-1,CONTRIBUTOR,5,API gateway p99 latency spikes above 1200ms,Downstream microservice connection timeouts lead to thread starvation in the upstream edge gateway.,API gateway p99 latency spikes above 1200ms Downstream microservice connection timeouts lead to thread starvation in the upstream edge gateway.,20
1263,Document Docker Compose local setup steps,Add troubleshooting section for port conflicts on Windows WSL2 when starting PostgreSQL container.,documentation,P3-Low,-1,FIRST_TIME_CONTRIBUTOR,1,Document Docker Compose local setup steps,Add troubleshooting section for port conflicts on Windows WSL2 when starting PostgreSQL container.,Document Docker Compose local setup steps Add troubleshooting section for port conflicts on Windows WSL2 when starting PostgreSQL container.,19
1605,Slow SQL query on user activity feed endpoint,SELECT * FROM activities WHERE user_id = ? ORDER BY timestamp DESC takes 4.2 seconds on accounts with >50k events. Missing composite index.,performance,P1-High,-1,NONE,7,Slow SQL query on user activity feed endpoint,SELECT * FROM activities WHERE user_id = ? ORDER BY timestamp DESC takes 4.2 seconds on accounts with >50k events. Missing composite index.,Slow SQL query on user activity feed endpoint SELECT * FROM activities WHERE user_id = ? ORDER BY timestamp DESC takes 4.2 seconds on accounts with >50k events. Missing composite index.,31
1511,Add architecture diagram to README,The repository needs an updated high-level diagram explaining the microservice event bus flow.,documentation,P3-Low,-1,MEMBER,3,Add architecture diagram to README,The repository needs an updated high-level diagram explaining the microservice event bus flow.,Add architecture diagram to README The repository needs an updated high-level diagram explaining the microservice event bus flow.,18
2295,Implement bulk item deletion in admin console,Allow administrators to select multiple user records and execute soft-delete in a single batch operation.,feature,P2-Medium,-1,MEMBER,7,Implement bulk item deletion in admin console,Allow administrators to select multiple user records and execute soft-delete in a single batch operation.,Implement bulk item deletion in admin console Allow administrators to select multiple user records and execute soft-delete in a single batch operation.,22
1181,Add webhook notifications for payment success,Developers need outbound HTTP webhooks triggered on invoice.paid events with signature verification header.,feature,P1-High,-1,NONE,7,Add webhook notifications for payment success,Developers need outbound HTTP webhooks triggered on invoice.paid events with signature verification header.,Add webhook notifications for payment success Developers need outbound HTTP webhooks triggered on invoice.paid events with signature verification header.,19
2253,Urgent: CORS policy allows wildcard origin with credentials,"Access-Control-Allow-Origin is set to '*' while Access-Control-Allow-Credentials is true, violating CORS specification.",security,P1-High,-1,NONE,2,Urgent: CORS policy allows wildcard origin with credentials,"Access-Control-Allow-Origin is set to '*' while Access-Control-Allow-Credentials is true, violating CORS specification.","Urgent: CORS policy allows wildcard origin with credentials Access-Control-Allow-Origin is set to '*' while Access-Control-Allow-Credentials is true, violating CORS specification.",20
2426,Optimize Docker image layer caching to speed up CI,Re-installing heavy Python packages on every single commit causes CI build times to exceed 18 minutes.,performance,P2-Medium,-1,NONE,2,Optimize Docker image layer caching to speed up CI,Re-installing heavy Python packages on every single commit causes CI build times to exceed 18 minutes.,Optimize Docker image layer caching to speed up CI Re-installing heavy Python packages on every single commit causes CI build times to exceed 18 minutes.,25
1601,Add architecture diagram to README,The repository needs an updated high-level diagram explaining the microservice event bus flow.,documentation,P3-Low,-1,NONE,8,Add architecture diagram to README,The repository needs an updated high-level diagram explaining the microservice event bus flow.,Add architecture diagram to README The repository needs an updated high-level diagram explaining the microservice event bus flow.,18
1480,[Prod] CSS overflow issue on mobile navigation drawer,"On iOS Safari viewport < 375px, the slide-over menu items clip outside the right screen border.",bug,P3-Low,-1,MEMBER,6,[Prod] CSS overflow issue on mobile navigation drawer,"On iOS Safari viewport < 375px, the slide-over menu items clip outside the right screen border.","[Prod] CSS overflow issue on mobile navigation drawer On iOS Safari viewport < 375px, the slide-over menu items clip outside the right screen border.",24
1391,Fix broken example code in Quickstart tutorial,The quickstart snippet for initializing the client client.connect() causes TypeError: missing 1 required positional argument 'api_key'.,documentation,P2-Medium,-1,CONTRIBUTOR,4,Fix broken example code in Quickstart tutorial,The quickstart snippet for initializing the client client.connect() causes TypeError: missing 1 required positional argument 'api_key'.,Fix broken example code in Quickstart tutorial The quickstart snippet for initializing the client client.connect() causes TypeError: missing 1 required positional argument 'api_key'.,23
1002,Empty cart checkout unhandled exception,"System fails on checkout with empty basket, throwing null pointer at line 142 of checkout service.",bug,P0-Critical,101,MEMBER,4,Empty cart checkout unhandled exception,"System fails on checkout with empty basket, throwing null pointer at line 142 of checkout service.","Empty cart checkout unhandled exception System fails on checkout with empty basket, throwing null pointer at line 142 of checkout service.",21
1503,Question: Deadlock in order fulfillment distributed lock,Redis distributed lock fails to release when worker process receives SIGTERM during checkout transaction.,bug,P0-Critical,-1,NONE,24,Question: Deadlock in order fulfillment distributed lock,Redis distributed lock fails to release when worker process receives SIGTERM during checkout transaction.,Question: Deadlock in order fulfillment distributed lock Redis distributed lock fails to release when worker process receives SIGTERM during checkout transaction.,21
1655,CSS overflow issue on mobile navigation drawer,"On iOS Safari viewport < 375px, the slide-over menu items clip outside the right screen border.",bug,P3-Low,-1,CONTRIBUTOR,0,CSS overflow issue on mobile navigation drawer,"On iOS Safari viewport < 375px, the slide-over menu items clip outside the right screen border.","CSS overflow issue on mobile navigation drawer On iOS Safari viewport < 375px, the slide-over menu items clip outside the right screen border.",23
1642,Support CSV export for monthly billing reports,Accounting teams require monthly transactions exported as standard RFC 4180 CSV files with tax breakdown.,feature,P2-Medium,-1,FIRST_TIME_CONTRIBUTOR,7,Support CSV export for monthly billing reports,Accounting teams require monthly transactions exported as standard RFC 4180 CSV files with tax breakdown.,Support CSV export for monthly billing reports Accounting teams require monthly transactions exported as standard RFC 4180 CSV files with tax breakdown.,22
1397,Update API documentation for v2 authentication header,"The current Swagger docs show 'Authorization: Token <key>', but v2 requires 'Authorization: Bearer <jwt>'.",documentation,P2-Medium,-1,NONE,1,Update API documentation for v2 authentication header,"The current Swagger docs show 'Authorization: Token <key>', but v2 requires 'Authorization: Bearer <jwt>'.","Update API documentation for v2 authentication header The current Swagger docs show 'Authorization: Token <key>', but v2 requires 'Authorization: Bearer <jwt>'.",21
1165,Document Docker Compose local setup steps,Add troubleshooting section for port conflicts on Windows WSL2 when starting PostgreSQL container.,documentation,P3-Low,-1,NONE,7,Document Docker Compose local setup steps,Add troubleshooting section for port conflicts on Windows WSL2 when starting PostgreSQL container.,Document Docker Compose local setup steps Add troubleshooting section for port conflicts on Windows WSL2 when starting PostgreSQL container.,19
1206,Question: Checkbox state does not persist across tab switching,Form input resets when toggling between 'Account' and 'Billing' sub-tabs.,bug,P2-Medium,-1,FIRST_TIME_CONTRIBUTOR,6,Question: Checkbox state does not persist across tab switching,Form input resets when toggling between 'Account' and 'Billing' sub-tabs.,Question: Checkbox state does not persist across tab switching Form input resets when toggling between 'Account' and 'Billing' sub-tabs.,19
1068,Add support for OAuth2 Google Login,Users need the ability to authenticate via Google OAuth2 with PKCE flow. Needs configuration for client ID and secret.,feature,P2-Medium,-1,FIRST_TIME_CONTRIBUTOR,0,Add support for OAuth2 Google Login,Users need the ability to authenticate via Google OAuth2 with PKCE flow. Needs configuration for client ID and secret.,Add support for OAuth2 Google Login Users need the ability to authenticate via Google OAuth2 with PKCE flow. Needs configuration for client ID and secret.,25
2088,[Bug Report] Memory leak in background token refresh worker,Process RSS memory grows continuously by ~50MB/hour. Profiling indicates unclosed TCP sessions in AuthService.,bug,P1-High,-1,MEMBER,8,[Bug Report] Memory leak in background token refresh worker,Process RSS memory grows continuously by ~50MB/hour. Profiling indicates unclosed TCP sessions in AuthService.,[Bug Report] Memory leak in background token refresh worker Process RSS memory grows continuously by ~50MB/hour. Profiling indicates unclosed TCP sessions in AuthService.,23
2291,[Feature Request] Broken hyperlink in settings footer,Clicking 'Terms of Service' in user settings redirects to 404 page.,bug,P3-Low,-1,NONE,8,[Feature Request] Broken hyperlink in settings footer,Clicking 'Terms of Service' in user settings redirects to 404 page.,[Feature Request] Broken hyperlink in settings footer Clicking 'Terms of Service' in user settings redirects to 404 page.,18
1089,[Bug Report] Checkbox state does not persist across tab switching,Form input resets when toggling between 'Account' and 'Billing' sub-tabs.,bug,P2-Medium,-1,CONTRIBUTOR,4,[Bug Report] Checkbox state does not persist across tab switching,Form input resets when toggling between 'Account' and 'Billing' sub-tabs.,[Bug Report] Checkbox state does not persist across tab switching Form input resets when toggling between 'Account' and 'Billing' sub-tabs.,20
1469,Implement bulk item deletion in admin console,Allow administrators to select multiple user records and execute soft-delete in a single batch operation.,feature,P2-Medium,-1,NONE,5,Implement bulk item deletion in admin console,Allow administrators to select multiple user records and execute soft-delete in a single batch operation.,Implement bulk item deletion in admin console Allow administrators to select multiple user records and execute soft-delete in a single batch operation.,22
2217,SQL Injection vulnerability in search filter query,The 'filter' parameter in /api/v1/search is concatenated directly into the SQL string without parameterized binding. Exploitable via ' OR 1=1 --,security,P0-Critical,-1,FIRST_TIME_CONTRIBUTOR,5,SQL Injection vulnerability in search filter query,The 'filter' parameter in /api/v1/search is concatenated directly into the SQL string without parameterized binding. Exploitable via ' OR 1=1 --,SQL Injection vulnerability in search filter query The 'filter' parameter in /api/v1/search is concatenated directly into the SQL string without parameterized binding. Exploitable via ' OR 1=1 --,28
1243,[Bug Report] NullPointerException on user checkout,"When calling POST /api/v1/checkout with an empty cart item list, server throws NullPointerException at CheckoutService.java:142. Expected HTTP 400 Bad Request.",bug,P0-Critical,-1,NONE,20,[Bug Report] NullPointerException on user checkout,"When calling POST /api/v1/checkout with an empty cart item list, server throws NullPointerException at CheckoutService.java:142. Expected HTTP 400 Bad Request.","[Bug Report] NullPointerException on user checkout When calling POST /api/v1/checkout with an empty cart item list, server throws NullPointerException at CheckoutService.java:142. Expected HTTP 400 Bad Request.",26
1623,[Feature Request] NullPointerException on user checkout,"When calling POST /api/v1/checkout with an empty cart item list, server throws NullPointerException at CheckoutService.java:142. Expected HTTP 400 Bad Request.",bug,P0-Critical,-1,CONTRIBUTOR,11,[Feature Request] NullPointerException on user checkout,"When calling POST /api/v1/checkout with an empty cart item list, server throws NullPointerException at CheckoutService.java:142. Expected HTTP 400 Bad Request.","[Feature Request] NullPointerException on user checkout When calling POST /api/v1/checkout with an empty cart item list, server throws NullPointerException at CheckoutService.java:142. Expected HTTP 400 Bad Request.",26
1975,[Bug Report] Deadlock in order fulfillment distributed lock,Redis distributed lock fails to release when worker process receives SIGTERM during checkout transaction.,bug,P0-Critical,-1,NONE,11,[Bug Report] Deadlock in order fulfillment distributed lock,Redis distributed lock fails to release when worker process receives SIGTERM during checkout transaction.,[Bug Report] Deadlock in order fulfillment distributed lock Redis distributed lock fails to release when worker process receives SIGTERM during checkout transaction.,22
2046,[Feature Request] Broken hyperlink in settings footer,Clicking 'Terms of Service' in user settings redirects to 404 page.,bug,P3-Low,-1,CONTRIBUTOR,2,[Feature Request] Broken hyperlink in settings footer,Clicking 'Terms of Service' in user settings redirects to 404 page.,[Feature Request] Broken hyperlink in settings footer Clicking 'Terms of Service' in user settings redirects to 404 page.,18
1144,Add webhook notifications for payment success,Developers need outbound HTTP webhooks triggered on invoice.paid events with signature verification header.,feature,P1-High,-1,FIRST_TIME_CONTRIBUTOR,2,Add webhook notifications for payment success,Developers need outbound HTTP webhooks triggered on invoice.paid events with signature verification header.,Add webhook notifications for payment success Developers need outbound HTTP webhooks triggered on invoice.paid events with signature verification header.,19
1664,[Prod] CSS overflow issue on mobile navigation drawer,"On iOS Safari viewport < 375px, the slide-over menu items clip outside the right screen border.",bug,P3-Low,-1,FIRST_TIME_CONTRIBUTOR,0,[Prod] CSS overflow issue on mobile navigation drawer,"On iOS Safari viewport < 375px, the slide-over menu items clip outside the right screen border.","[Prod] CSS overflow issue on mobile navigation drawer On iOS Safari viewport < 375px, the slide-over menu items clip outside the right screen border.",24
1722,[Feature Request] CSS overflow issue on mobile navigation drawer,"On iOS Safari viewport < 375px, the slide-over menu items clip outside the right screen border.",bug,P3-Low,-1,MEMBER,4,[Feature Request] CSS overflow issue on mobile navigation drawer,"On iOS Safari viewport < 375px, the slide-over menu items clip outside the right screen border.","[Feature Request] CSS overflow issue on mobile navigation drawer On iOS Safari viewport < 375px, the slide-over menu items clip outside the right screen border.",25
1791,Add support for OAuth2 Google Login,Users need the ability to authenticate via Google OAuth2 with PKCE flow. Needs configuration for client ID and secret.,feature,P2-Medium,-1,MEMBER,7,Add support for OAuth2 Google Login,Users need the ability to authenticate via Google OAuth2 with PKCE flow. Needs configuration for client ID and secret.,Add support for OAuth2 Google Login Users need the ability to authenticate via Google OAuth2 with PKCE flow. Needs configuration for client ID and secret.,25
2153,[Prod] Deadlock in order fulfillment distributed lock,Redis distributed lock fails to release when worker process receives SIGTERM during checkout transaction.,bug,P0-Critical,-1,NONE,17,[Prod] Deadlock in order fulfillment distributed lock,Redis distributed lock fails to release when worker process receives SIGTERM during checkout transaction.,[Prod] Deadlock in order fulfillment distributed lock Redis distributed lock fails to release when worker process receives SIGTERM during checkout transaction.,21
1151,Implement bulk item deletion in admin console,Allow administrators to select multiple user records and execute soft-delete in a single batch operation.,feature,P2-Medium,-1,NONE,3,Implement bulk item deletion in admin console,Allow administrators to select multiple user records and execute soft-delete in a single batch operation.,Implement bulk item deletion in admin console Allow administrators to select multiple user records and execute soft-delete in a single batch operation.,22
1669,Add support for OAuth2 Google Login,Users need the ability to authenticate via Google OAuth2 with PKCE flow. Needs configuration for client ID and secret.,feature,P2-Medium,-1,CONTRIBUTOR,5,Add support for OAuth2 Google Login,Users need the ability to authenticate via Google OAuth2 with PKCE flow. Needs configuration for client ID and secret.,Add support for OAuth2 Google Login Users need the ability to authenticate via Google OAuth2 with PKCE flow. Needs configuration for client ID and secret.,25
2358,[Prod] NullPointerException on user checkout,"When calling POST /api/v1/checkout with an empty cart item list, server throws NullPointerException at CheckoutService.java:142. Expected HTTP 400 Bad Request.",bug,P0-Critical,-1,FIRST_TIME_CONTRIBUTOR,8,[Prod] NullPointerException on user checkout,"When calling POST /api/v1/checkout with an empty cart item list, server throws NullPointerException at CheckoutService.java:142. Expected HTTP 400 Bad Request.","[Prod] NullPointerException on user checkout When calling POST /api/v1/checkout with an empty cart item list, server throws NullPointerException at CheckoutService.java:142. Expected HTTP 400 Bad Request.",25
1091,Optimize Docker image layer caching to speed up CI,Re-installing heavy Python packages on every single commit causes CI build times to exceed 18 minutes.,performance,P2-Medium,-1,FIRST_TIME_CONTRIBUTOR,5,Optimize Docker image layer caching to speed up CI,Re-installing heavy Python packages on every single commit causes CI build times to exceed 18 minutes.,Optimize Docker image layer caching to speed up CI Re-installing heavy Python packages on every single commit causes CI build times to exceed 18 minutes.,25
1316,[Feature Request] Broken hyperlink in settings footer,Clicking 'Terms of Service' in user settings redirects to 404 page.,bug,P3-Low,-1,MEMBER,6,[Feature Request] Broken hyperlink in settings footer,Clicking 'Terms of Service' in user settings redirects to 404 page.,[Feature Request] Broken hyperlink in settings footer Clicking 'Terms of Service' in user settings redirects to 404 page.,18
2261,[Bug Report] Database connection pool exhausted under high concurrency,"HikariCP pool drops active connections after 500 concurrent requests. Error: Connection is not available, request timed out after 30000ms.",bug,P1-High,-1,NONE,8,[Bug Report] Database connection pool exhausted under high concurrency,"HikariCP pool drops active connections after 500 concurrent requests. Error: Connection is not available, request timed out after 30000ms.","[Bug Report] Database connection pool exhausted under high concurrency HikariCP pool drops active connections after 500 concurrent requests. Error: Connection is not available, request timed out after 30000ms.",28
1237,Insecure direct object reference (IDOR) on document download,Authenticated users can access arbitrary tenant invoices by altering the numeric invoice_id in the URL.,security,P0-Critical,-1,FIRST_TIME_CONTRIBUTOR,30,Insecure direct object reference (IDOR) on document download,Authenticated users can access arbitrary tenant invoices by altering the numeric invoice_id in the URL.,Insecure direct object reference (IDOR) on document download Authenticated users can access arbitrary tenant invoices by altering the numeric invoice_id in the URL.,23
2396,Optimize Docker image layer caching to speed up CI,Re-installing heavy Python packages on every single commit causes CI build times to exceed 18 minutes.,performance,P2-Medium,-1,NONE,8,Optimize Docker image layer caching to speed up CI,Re-installing heavy Python packages on every single commit causes CI build times to exceed 18 minutes.,Optimize Docker image layer caching to speed up CI Re-installing heavy Python packages on every single commit causes CI build times to exceed 18 minutes.,25
2408,API gateway p99 latency spikes above 1200ms,Downstream microservice connection timeouts lead to thread starvation in the upstream edge gateway.,performance,P1-High,-1,NONE,1,API gateway p99 latency spikes above 1200ms,Downstream microservice connection timeouts lead to thread starvation in the upstream edge gateway.,API gateway p99 latency spikes above 1200ms Downstream microservice connection timeouts lead to thread starvation in the upstream edge gateway.,20
1935,Fix broken example code in Quickstart tutorial,The quickstart snippet for initializing the client client.connect() causes TypeError: missing 1 required positional argument 'api_key'.,documentation,P2-Medium,-1,FIRST_TIME_CONTRIBUTOR,5,Fix broken example code in Quickstart tutorial,The quickstart snippet for initializing the client client.connect() causes TypeError: missing 1 required positional argument 'api_key'.,Fix broken example code in Quickstart tutorial The quickstart snippet for initializing the client client.connect() causes TypeError: missing 1 required positional argument 'api_key'.,23
2005,Add architecture diagram to README,The repository needs an updated high-level diagram explaining the microservice event bus flow.,documentation,P3-Low,-1,MEMBER,3,Add architecture diagram to README,The repository needs an updated high-level diagram explaining the microservice event bus flow.,Add architecture diagram to README The repository needs an updated high-level diagram explaining the microservice event bus flow.,18
1162,Add webhook notifications for payment success,Developers need outbound HTTP webhooks triggered on invoice.paid events with signature verification header.,feature,P1-High,-1,NONE,1,Add webhook notifications for payment success,Developers need outbound HTTP webhooks triggered on invoice.paid events with signature verification header.,Add webhook notifications for payment success Developers need outbound HTTP webhooks triggered on invoice.paid events with signature verification header.,19
1313,Add support for OAuth2 Google Login,Users need the ability to authenticate via Google OAuth2 with PKCE flow. Needs configuration for client ID and secret.,feature,P2-Medium,-1,NONE,7,Add support for OAuth2 Google Login,Users need the ability to authenticate via Google OAuth2 with PKCE flow. Needs configuration for client ID and secret.,Add support for OAuth2 Google Login Users need the ability to authenticate via Google OAuth2 with PKCE flow. Needs configuration for client ID and secret.,25
2132,[Prod] Memory leak in background token refresh worker,Process RSS memory grows continuously by ~50MB/hour. Profiling indicates unclosed TCP sessions in AuthService.,bug,P1-High,-1,FIRST_TIME_CONTRIBUTOR,0,[Prod] Memory leak in background token refresh worker,Process RSS memory grows continuously by ~50MB/hour. Profiling indicates unclosed TCP sessions in AuthService.,[Prod] Memory leak in background token refresh worker Process RSS memory grows continuously by ~50MB/hour. Profiling indicates unclosed TCP sessions in AuthService.,22
1399,Add support for OAuth2 Google Login,Users need the ability to authenticate via Google OAuth2 with PKCE flow. Needs configuration for client ID and secret.,feature,P2-Medium,-1,MEMBER,7,Add support for OAuth2 Google Login,Users need the ability to authenticate via Google OAuth2 with PKCE flow. Needs configuration for client ID and secret.,Add support for OAuth2 Google Login Users need the ability to authenticate via Google OAuth2 with PKCE flow. Needs configuration for client ID and secret.,25
1488,Document Docker Compose local setup steps,Add troubleshooting section for port conflicts on Windows WSL2 when starting PostgreSQL container.,documentation,P3-Low,-1,CONTRIBUTOR,0,Document Docker Compose local setup steps,Add troubleshooting section for port conflicts on Windows WSL2 when starting PostgreSQL container.,Document Docker Compose local setup steps Add troubleshooting section for port conflicts on Windows WSL2 when starting PostgreSQL container.,19
1405,Urgent: UnicodeDecodeError when parsing multibyte UTF-8 input,The JSON parser crashes on emoji input with UnicodeDecodeError: 'utf-8' codec can't decode byte 0xed in position 12.,bug,P2-Medium,-1,NONE,8,Urgent: UnicodeDecodeError when parsing multibyte UTF-8 input,The JSON parser crashes on emoji input with UnicodeDecodeError: 'utf-8' codec can't decode byte 0xed in position 12.,Urgent: UnicodeDecodeError when parsing multibyte UTF-8 input The JSON parser crashes on emoji input with UnicodeDecodeError: 'utf-8' codec can't decode byte 0xed in position 12.,25
1673,Add support for OAuth2 Google Login,Users need the ability to authenticate via Google OAuth2 with PKCE flow. Needs configuration for client ID and secret.,feature,P2-Medium,-1,NONE,5,Add support for OAuth2 Google Login,Users need the ability to authenticate via Google OAuth2 with PKCE flow. Needs configuration for client ID and secret.,Add support for OAuth2 Google Login Users need the ability to authenticate via Google OAuth2 with PKCE flow. Needs configuration for client ID and secret.,25
1732,Urgent: Checkbox state does not persist across tab switching,Form input resets when toggling between 'Account' and 'Billing' sub-tabs.,bug,P2-Medium,-1,CONTRIBUTOR,3,Urgent: Checkbox state does not persist across tab switching,Form input resets when toggling between 'Account' and 'Billing' sub-tabs.,Urgent: Checkbox state does not persist across tab switching Form input resets when toggling between 'Account' and 'Billing' sub-tabs.,19
1598,[Prod] NullPointerException on user checkout,"When calling POST /api/v1/checkout with an empty cart item list, server throws NullPointerException at CheckoutService.java:142. Expected HTTP 400 Bad Request.",bug,P0-Critical,-1,NONE,14,[Prod] NullPointerException on user checkout,"When calling POST /api/v1/checkout with an empty cart item list, server throws NullPointerException at CheckoutService.java:142. Expected HTTP 400 Bad Request.","[Prod] NullPointerException on user checkout When calling POST /api/v1/checkout with an empty cart item list, server throws NullPointerException at CheckoutService.java:142. Expected HTTP 400 Bad Request.",25
2130,[Prod] Database connection pool exhausted under high concurrency,"HikariCP pool drops active connections after 500 concurrent requests. Error: Connection is not available, request timed out after 30000ms.",bug,P1-High,-1,FIRST_TIME_CONTRIBUTOR,0,[Prod] Database connection pool exhausted under high concurrency,"HikariCP pool drops active connections after 500 concurrent requests. Error: Connection is not available, request timed out after 30000ms.","[Prod] Database connection pool exhausted under high concurrency HikariCP pool drops active connections after 500 concurrent requests. Error: Connection is not available, request timed out after 30000ms.",27
1979,Urgent: Deadlock in order fulfillment distributed lock,Redis distributed lock fails to release when worker process receives SIGTERM during checkout transaction.,bug,P0-Critical,-1,MEMBER,16,Urgent: Deadlock in order fulfillment distributed lock,Redis distributed lock fails to release when worker process receives SIGTERM during checkout transaction.,Urgent: Deadlock in order fulfillment distributed lock Redis distributed lock fails to release when worker process receives SIGTERM during checkout transaction.,21
1525,Dark mode theme preference toggle,Implement automatic dark mode switching based on CSS prefers-color-scheme media query.,feature,P3-Low,-1,MEMBER,5,Dark mode theme preference toggle,Implement automatic dark mode switching based on CSS prefers-color-scheme media query.,Dark mode theme preference toggle Implement automatic dark mode switching based on CSS prefers-color-scheme media query.,16
2053,Document Docker Compose local setup steps,Add troubleshooting section for port conflicts on Windows WSL2 when starting PostgreSQL container.,documentation,P3-Low,-1,MEMBER,4,Document Docker Compose local setup steps,Add troubleshooting section for port conflicts on Windows WSL2 when starting PostgreSQL container.,Document Docker Compose local setup steps Add troubleshooting section for port conflicts on Windows WSL2 when starting PostgreSQL container.,19
1138,Dark mode theme preference toggle,Implement automatic dark mode switching based on CSS prefers-color-scheme media query.,feature,P3-Low,-1,FIRST_TIME_CONTRIBUTOR,6,Dark mode theme preference toggle,Implement automatic dark mode switching based on CSS prefers-color-scheme media query.,Dark mode theme preference toggle Implement automatic dark mode switching based on CSS prefers-color-scheme media query.,16
1382,Add support for OAuth2 Google Login,Users need the ability to authenticate via Google OAuth2 with PKCE flow. Needs configuration for client ID and secret.,feature,P2-Medium,-1,MEMBER,8,Add support for OAuth2 Google Login,Users need the ability to authenticate via Google OAuth2 with PKCE flow. Needs configuration for client ID and secret.,Add support for OAuth2 Google Login Users need the ability to authenticate via Google OAuth2 with PKCE flow. Needs configuration for client ID and secret.,25
1513,[Bug Report] Deadlock in order fulfillment distributed lock,Redis distributed lock fails to release when worker process receives SIGTERM during checkout transaction.,bug,P0-Critical,-1,CONTRIBUTOR,9,[Bug Report] Deadlock in order fulfillment distributed lock,Redis distributed lock fails to release when worker process receives SIGTERM during checkout transaction.,[Bug Report] Deadlock in order fulfillment distributed lock Redis distributed lock fails to release when worker process receives SIGTERM during checkout transaction.,22
1520,[Bug Report] Checkbox state does not persist across tab switching,Form input resets when toggling between 'Account' and 'Billing' sub-tabs.,bug,P2-Medium,-1,FIRST_TIME_CONTRIBUTOR,0,[Bug Report] Checkbox state does not persist across tab switching,Form input resets when toggling between 'Account' and 'Billing' sub-tabs.,[Bug Report] Checkbox state does not persist across tab switching Form input resets when toggling between 'Account' and 'Billing' sub-tabs.,20
2108,Add architecture diagram to README,The repository needs an updated high-level diagram explaining the microservice event bus flow.,documentation,P3-Low,-1,CONTRIBUTOR,1,Add architecture diagram to README,The repository needs an updated high-level diagram explaining the microservice event bus flow.,Add architecture diagram to README The repository needs an updated high-level diagram explaining the microservice event bus flow.,18
2134,Fix broken example code in Quickstart tutorial,The quickstart snippet for initializing the client client.connect() causes TypeError: missing 1 required positional argument 'api_key'.,documentation,P2-Medium,-1,MEMBER,2,Fix broken example code in Quickstart tutorial,The quickstart snippet for initializing the client client.connect() causes TypeError: missing 1 required positional argument 'api_key'.,Fix broken example code in Quickstart tutorial The quickstart snippet for initializing the client client.connect() causes TypeError: missing 1 required positional argument 'api_key'.,23
1826,Implement bulk item deletion in admin console,Allow administrators to select multiple user records and execute soft-delete in a single batch operation.,feature,P2-Medium,-1,MEMBER,1,Implement bulk item deletion in admin console,Allow administrators to select multiple user records and execute soft-delete in a single batch operation.,Implement bulk item deletion in admin console Allow administrators to select multiple user records and execute soft-delete in a single batch operation.,22
1577,[Feature Request] Database connection pool exhausted under high concurrency,"HikariCP pool drops active connections after 500 concurrent requests. Error: Connection is not available, request timed out after 30000ms.",bug,P1-High,-1,MEMBER,7,[Feature Request] Database connection pool exhausted under high concurrency,"HikariCP pool drops active connections after 500 concurrent requests. Error: Connection is not available, request timed out after 30000ms.","[Feature Request] Database connection pool exhausted under high concurrency HikariCP pool drops active connections after 500 concurrent requests. Error: Connection is not available, request timed out after 30000ms.",28
1744,[Feature Request] Deadlock in order fulfillment distributed lock,Redis distributed lock fails to release when worker process receives SIGTERM during checkout transaction.,bug,P0-Critical,-1,MEMBER,20,[Feature Request] Deadlock in order fulfillment distributed lock,Redis distributed lock fails to release when worker process receives SIGTERM during checkout transaction.,[Feature Request] Deadlock in order fulfillment distributed lock Redis distributed lock fails to release when worker process receives SIGTERM during checkout transaction.,22
2456,[Bug Report] Broken hyperlink in settings footer,Clicking 'Terms of Service' in user settings redirects to 404 page.,bug,P3-Low,-1,MEMBER,6,[Bug Report] Broken hyperlink in settings footer,Clicking 'Terms of Service' in user settings redirects to 404 page.,[Bug Report] Broken hyperlink in settings footer Clicking 'Terms of Service' in user settings redirects to 404 page.,18
1444,Urgent: Broken hyperlink in settings footer,Clicking 'Terms of Service' in user settings redirects to 404 page.,bug,P3-Low,-1,CONTRIBUTOR,4,Urgent: Broken hyperlink in settings footer,Clicking 'Terms of Service' in user settings redirects to 404 page.,Urgent: Broken hyperlink in settings footer Clicking 'Terms of Service' in user settings redirects to 404 page.,17
1353,[Bug Report] Database connection pool exhausted under high concurrency,"HikariCP pool drops active connections after 500 concurrent requests. Error: Connection is not available, request timed out after 30000ms.",bug,P1-High,-1,NONE,3,[Bug Report] Database connection pool exhausted under high concurrency,"HikariCP pool drops active connections after 500 concurrent requests. Error: Connection is not available, request timed out after 30000ms.","[Bug Report] Database connection pool exhausted under high concurrency HikariCP pool drops active connections after 500 concurrent requests. Error: Connection is not available, request timed out after 30000ms.",28
2089,Document Docker Compose local setup steps,Add troubleshooting section for port conflicts on Windows WSL2 when starting PostgreSQL container.,documentation,P3-Low,-1,NONE,3,Document Docker Compose local setup steps,Add troubleshooting section for port conflicts on Windows WSL2 when starting PostgreSQL container.,Document Docker Compose local setup steps Add troubleshooting section for port conflicts on Windows WSL2 when starting PostgreSQL container.,19
1093,[Prod] Broken hyperlink in settings footer,Clicking 'Terms of Service' in user settings redirects to 404 page.,bug,P3-Low,-1,NONE,4,[Prod] Broken hyperlink in settings footer,Clicking 'Terms of Service' in user settings redirects to 404 page.,[Prod] Broken hyperlink in settings footer Clicking 'Terms of Service' in user settings redirects to 404 page.,17
2474,Fix broken example code in Quickstart tutorial,The quickstart snippet for initializing the client client.connect() causes TypeError: missing 1 required positional argument 'api_key'.,documentation,P2-Medium,-1,CONTRIBUTOR,3,Fix broken example code in Quickstart tutorial,The quickstart snippet for initializing the client client.connect() causes TypeError: missing 1 required positional argument 'api_key'.,Fix broken example code in Quickstart tutorial The quickstart snippet for initializing the client client.connect() causes TypeError: missing 1 required positional argument 'api_key'.,23
2434,Question: Checkbox state does not persist across tab switching,Form input resets when toggling between 'Account' and 'Billing' sub-tabs.,bug,P2-Medium,-1,FIRST_TIME_CONTRIBUTOR,1,Question: Checkbox state does not persist across tab switching,Form input resets when toggling between 'Account' and 'Billing' sub-tabs.,Question: Checkbox state does not persist across tab switching Form input resets when toggling between 'Account' and 'Billing' sub-tabs.,19
1209,API gateway p99 latency spikes above 1200ms,Downstream microservice connection timeouts lead to thread starvation in the upstream edge gateway.,performance,P1-High,-1,FIRST_TIME_CONTRIBUTOR,1,API gateway p99 latency spikes above 1200ms,Downstream microservice connection timeouts lead to thread starvation in the upstream edge gateway.,API gateway p99 latency spikes above 1200ms Downstream microservice connection timeouts lead to thread starvation in the upstream edge gateway.,20
1825,Support CSV export for monthly billing reports,Accounting teams require monthly transactions exported as standard RFC 4180 CSV files with tax breakdown.,feature,P2-Medium,-1,NONE,6,Support CSV export for monthly billing reports,Accounting teams require monthly transactions exported as standard RFC 4180 CSV files with tax breakdown.,Support CSV export for monthly billing reports Accounting teams require monthly transactions exported as standard RFC 4180 CSV files with tax breakdown.,22
1902,Memory leak in background token refresh worker,Process RSS memory grows continuously by ~50MB/hour. Profiling indicates unclosed TCP sessions in AuthService.,bug,P1-High,-1,FIRST_TIME_CONTRIBUTOR,5,Memory leak in background token refresh worker,Process RSS memory grows continuously by ~50MB/hour. Profiling indicates unclosed TCP sessions in AuthService.,Memory leak in background token refresh worker Process RSS memory grows continuously by ~50MB/hour. Profiling indicates unclosed TCP sessions in AuthService.,21
2030,Add support for OAuth2 Google Login,Users need the ability to authenticate via Google OAuth2 with PKCE flow. Needs configuration for client ID and secret.,feature,P2-Medium,-1,MEMBER,7,Add support for OAuth2 Google Login,Users need the ability to authenticate via Google OAuth2 with PKCE flow. Needs configuration for client ID and secret.,Add support for OAuth2 Google Login Users need the ability to authenticate via Google OAuth2 with PKCE flow. Needs configuration for client ID and secret.,25
1994,Implement bulk item deletion in admin console,Allow administrators to select multiple user records and execute soft-delete in a single batch operation.,feature,P2-Medium,-1,NONE,0,Implement bulk item deletion in admin console,Allow administrators to select multiple user records and execute soft-delete in a single batch operation.,Implement bulk item deletion in admin console Allow administrators to select multiple user records and execute soft-delete in a single batch operation.,22
1361,Optimize Docker image layer caching to speed up CI,Re-installing heavy Python packages on every single commit causes CI build times to exceed 18 minutes.,performance,P2-Medium,-1,NONE,4,Optimize Docker image layer caching to speed up CI,Re-installing heavy Python packages on every single commit causes CI build times to exceed 18 minutes.,Optimize Docker image layer caching to speed up CI Re-installing heavy Python packages on every single commit causes CI build times to exceed 18 minutes.,25
1645,[Feature Request] CSS overflow issue on mobile navigation drawer,"On iOS Safari viewport < 375px, the slide-over menu items clip outside the right screen border.",bug,P3-Low,-1,NONE,1,[Feature Request] CSS overflow issue on mobile navigation drawer,"On iOS Safari viewport < 375px, the slide-over menu items clip outside the right screen border.","[Feature Request] CSS overflow issue on mobile navigation drawer On iOS Safari viewport < 375px, the slide-over menu items clip outside the right screen border.",25
1446,Add support for OAuth2 Google Login,Users need the ability to authenticate via Google OAuth2 with PKCE flow. Needs configuration for client ID and secret.,feature,P2-Medium,-1,FIRST_TIME_CONTRIBUTOR,1,Add support for OAuth2 Google Login,Users need the ability to authenticate via Google OAuth2 with PKCE flow. Needs configuration for client ID and secret.,Add support for OAuth2 Google Login Users need the ability to authenticate via Google OAuth2 with PKCE flow. Needs configuration for client ID and secret.,25
1785,Question: Broken hyperlink in settings footer,Clicking 'Terms of Service' in user settings redirects to 404 page.,bug,P3-Low,-1,FIRST_TIME_CONTRIBUTOR,8,Question: Broken hyperlink in settings footer,Clicking 'Terms of Service' in user settings redirects to 404 page.,Question: Broken hyperlink in settings footer Clicking 'Terms of Service' in user settings redirects to 404 page.,17
2012,Implement bulk item deletion in admin console,Allow administrators to select multiple user records and execute soft-delete in a single batch operation.,feature,P2-Medium,-1,FIRST_TIME_CONTRIBUTOR,0,Implement bulk item deletion in admin console,Allow administrators to select multiple user records and execute soft-delete in a single batch operation.,Implement bulk item deletion in admin console Allow administrators to select multiple user records and execute soft-delete in a single batch operation.,22
2460,Dark mode theme preference toggle,Implement automatic dark mode switching based on CSS prefers-color-scheme media query.,feature,P3-Low,-1,MEMBER,1,Dark mode theme preference toggle,Implement automatic dark mode switching based on CSS prefers-color-scheme media query.,Dark mode theme preference toggle Implement automatic dark mode switching based on CSS prefers-color-scheme media query.,16
2310,Implement bulk item deletion in admin console,Allow administrators to select multiple user records and execute soft-delete in a single batch operation.,feature,P2-Medium,-1,FIRST_TIME_CONTRIBUTOR,3,Implement bulk item deletion in admin console,Allow administrators to select multiple user records and execute soft-delete in a single batch operation.,Implement bulk item deletion in admin console Allow administrators to select multiple user records and execute soft-delete in a single batch operation.,22
2101,[Prod] CSS overflow issue on mobile navigation drawer,"On iOS Safari viewport < 375px, the slide-over menu items clip outside the right screen border.",bug,P3-Low,-1,CONTRIBUTOR,0,[Prod] CSS overflow issue on mobile navigation drawer,"On iOS Safari viewport < 375px, the slide-over menu items clip outside the right screen border.","[Prod] CSS overflow issue on mobile navigation drawer On iOS Safari viewport < 375px, the slide-over menu items clip outside the right screen border.",24
1131,[Feature Request] Database connection pool exhausted under high concurrency,"HikariCP pool drops active connections after 500 concurrent requests. Error: Connection is not available, request timed out after 30000ms.",bug,P1-High,-1,NONE,0,[Feature Request] Database connection pool exhausted under high concurrency,"HikariCP pool drops active connections after 500 concurrent requests. Error: Connection is not available, request timed out after 30000ms.","[Feature Request] Database connection pool exhausted under high concurrency HikariCP pool drops active connections after 500 concurrent requests. Error: Connection is not available, request timed out after 30000ms.",28
1096,Deadlock in order fulfillment distributed lock,Redis distributed lock fails to release when worker process receives SIGTERM during checkout transaction.,bug,P0-Critical,-1,CONTRIBUTOR,21,Deadlock in order fulfillment distributed lock,Redis distributed lock fails to release when worker process receives SIGTERM during checkout transaction.,Deadlock in order fulfillment distributed lock Redis distributed lock fails to release when worker process receives SIGTERM during checkout transaction.,20
1663,[Prod] NullPointerException on user checkout,"When calling POST /api/v1/checkout with an empty cart item list, server throws NullPointerException at CheckoutService.java:142. Expected HTTP 400 Bad Request.",bug,P0-Critical,-1,FIRST_TIME_CONTRIBUTOR,6,[Prod] NullPointerException on user checkout,"When calling POST /api/v1/checkout with an empty cart item list, server throws NullPointerException at CheckoutService.java:142. Expected HTTP 400 Bad Request.","[Prod] NullPointerException on user checkout When calling POST /api/v1/checkout with an empty cart item list, server throws NullPointerException at CheckoutService.java:142. Expected HTTP 400 Bad Request.",25
2407,Dark mode theme preference toggle,Implement automatic dark mode switching based on CSS prefers-color-scheme media query.,feature,P3-Low,-1,CONTRIBUTOR,1,Dark mode theme preference toggle,Implement automatic dark mode switching based on CSS prefers-color-scheme media query.,Dark mode theme preference toggle Implement automatic dark mode switching based on CSS prefers-color-scheme media query.,16
1501,[Prod] Broken hyperlink in settings footer,Clicking 'Terms of Service' in user settings redirects to 404 page.,bug,P3-Low,-1,NONE,5,[Prod] Broken hyperlink in settings footer,Clicking 'Terms of Service' in user settings redirects to 404 page.,[Prod] Broken hyperlink in settings footer Clicking 'Terms of Service' in user settings redirects to 404 page.,17
2118,[Bug Report] Broken hyperlink in settings footer,Clicking 'Terms of Service' in user settings redirects to 404 page.,bug,P3-Low,-1,FIRST_TIME_CONTRIBUTOR,7,[Bug Report] Broken hyperlink in settings footer,Clicking 'Terms of Service' in user settings redirects to 404 page.,[Bug Report] Broken hyperlink in settings footer Clicking 'Terms of Service' in user settings redirects to 404 page.,18
2353,Memory leak in background token refresh worker,Process RSS memory grows continuously by ~50MB/hour. Profiling indicates unclosed TCP sessions in AuthService.,bug,P1-High,-1,FIRST_TIME_CONTRIBUTOR,3,Memory leak in background token refresh worker,Process RSS memory grows continuously by ~50MB/hour. Profiling indicates unclosed TCP sessions in AuthService.,Memory leak in background token refresh worker Process RSS memory grows continuously by ~50MB/hour. Profiling indicates unclosed TCP sessions in AuthService.,21
2018,Add webhook notifications for payment success,Developers need outbound HTTP webhooks triggered on invoice.paid events with signature verification header.,feature,P1-High,-1,MEMBER,1,Add webhook notifications for payment success,Developers need outbound HTTP webhooks triggered on invoice.paid events with signature verification header.,Add webhook notifications for payment success Developers need outbound HTTP webhooks triggered on invoice.paid events with signature verification header.,19
1834,Add support for OAuth2 Google Login,Users need the ability to authenticate via Google OAuth2 with PKCE flow. Needs configuration for client ID and secret.,feature,P2-Medium,-1,NONE,2,Add support for OAuth2 Google Login,Users need the ability to authenticate via Google OAuth2 with PKCE flow. Needs configuration for client ID and secret.,Add support for OAuth2 Google Login Users need the ability to authenticate via Google OAuth2 with PKCE flow. Needs configuration for client ID and secret.,25
1973,[Feature Request] Checkbox state does not persist across tab switching,Form input resets when toggling between 'Account' and 'Billing' sub-tabs.,bug,P2-Medium,-1,NONE,5,[Feature Request] Checkbox state does not persist across tab switching,Form input resets when toggling between 'Account' and 'Billing' sub-tabs.,[Feature Request] Checkbox state does not persist across tab switching Form input resets when toggling between 'Account' and 'Billing' sub-tabs.,20
2467,Add architecture diagram to README,The repository needs an updated high-level diagram explaining the microservice event bus flow.,documentation,P3-Low,-1,MEMBER,2,Add architecture diagram to README,The repository needs an updated high-level diagram explaining the microservice event bus flow.,Add architecture diagram to README The repository needs an updated high-level diagram explaining the microservice event bus flow.,18
1188,Dark mode theme preference toggle,Implement automatic dark mode switching based on CSS prefers-color-scheme media query.,feature,P3-Low,-1,NONE,6,Dark mode theme preference toggle,Implement automatic dark mode switching based on CSS prefers-color-scheme media query.,Dark mode theme preference toggle Implement automatic dark mode switching based on CSS prefers-color-scheme media query.,16
1486,Fix broken example code in Quickstart tutorial,The quickstart snippet for initializing the client client.connect() causes TypeError: missing 1 required positional argument 'api_key'.,documentation,P2-Medium,-1,MEMBER,7,Fix broken example code in Quickstart tutorial,The quickstart snippet for initializing the client client.connect() causes TypeError: missing 1 required positional argument 'api_key'.,Fix broken example code in Quickstart tutorial The quickstart snippet for initializing the client client.connect() causes TypeError: missing 1 required positional argument 'api_key'.,23
1713,Support CSV export for monthly billing reports,Accounting teams require monthly transactions exported as standard RFC 4180 CSV files with tax breakdown.,feature,P2-Medium,-1,NONE,7,Support CSV export for monthly billing reports,Accounting teams require monthly transactions exported as standard RFC 4180 CSV files with tax breakdown.,Support CSV export for monthly billing reports Accounting teams require monthly transactions exported as standard RFC 4180 CSV files with tax breakdown.,22
2446,Add architecture diagram to README,The repository needs an updated high-level diagram explaining the microservice event bus flow.,documentation,P3-Low,-1,FIRST_TIME_CONTRIBUTOR,8,Add architecture diagram to README,The repository needs an updated high-level diagram explaining the microservice event bus flow.,Add architecture diagram to README The repository needs an updated high-level diagram explaining the microservice event bus flow.,18
1366,Support CSV export for monthly billing reports,Accounting teams require monthly transactions exported as standard RFC 4180 CSV files with tax breakdown.,feature,P2-Medium,-1,MEMBER,8,Support CSV export for monthly billing reports,Accounting teams require monthly transactions exported as standard RFC 4180 CSV files with tax breakdown.,Support CSV export for monthly billing reports Accounting teams require monthly transactions exported as standard RFC 4180 CSV files with tax breakdown.,22
2392,Dark mode theme preference toggle,Implement automatic dark mode switching based on CSS prefers-color-scheme media query.,feature,P3-Low,-1,FIRST_TIME_CONTRIBUTOR,2,Dark mode theme preference toggle,Implement automatic dark mode switching based on CSS prefers-color-scheme media query.,Dark mode theme preference toggle Implement automatic dark mode switching based on CSS prefers-color-scheme media query.,16
2277,UnicodeDecodeError when parsing multibyte UTF-8 input,The JSON parser crashes on emoji input with UnicodeDecodeError: 'utf-8' codec can't decode byte 0xed in position 12.,bug,P2-Medium,-1,NONE,4,UnicodeDecodeError when parsing multibyte UTF-8 input,The JSON parser crashes on emoji input with UnicodeDecodeError: 'utf-8' codec can't decode byte 0xed in position 12.,UnicodeDecodeError when parsing multibyte UTF-8 input The JSON parser crashes on emoji input with UnicodeDecodeError: 'utf-8' codec can't decode byte 0xed in position 12.,24
2141,Urgent: UnicodeDecodeError when parsing multibyte UTF-8 input,The JSON parser crashes on emoji input with UnicodeDecodeError: 'utf-8' codec can't decode byte 0xed in position 12.,bug,P2-Medium,-1,MEMBER,0,Urgent: UnicodeDecodeError when parsing multibyte UTF-8 input,The JSON parser crashes on emoji input with UnicodeDecodeError: 'utf-8' codec can't decode byte 0xed in position 12.,Urgent: UnicodeDecodeError when parsing multibyte UTF-8 input The JSON parser crashes on emoji input with UnicodeDecodeError: 'utf-8' codec can't decode byte 0xed in position 12.,25
1115,Support CSV export for monthly billing reports,Accounting teams require monthly transactions exported as standard RFC 4180 CSV files with tax breakdown.,feature,P2-Medium,-1,FIRST_TIME_CONTRIBUTOR,4,Support CSV export for monthly billing reports,Accounting teams require monthly transactions exported as standard RFC 4180 CSV files with tax breakdown.,Support CSV export for monthly billing reports Accounting teams require monthly transactions exported as standard RFC 4180 CSV files with tax breakdown.,22
1009,Urgent: Memory leak in background token refresh worker,Process RSS memory grows continuously by ~50MB/hour. Profiling indicates unclosed TCP sessions in AuthService.,bug,P1-High,-1,CONTRIBUTOR,0,Urgent: Memory leak in background token refresh worker,Process RSS memory grows continuously by ~50MB/hour. Profiling indicates unclosed TCP sessions in AuthService.,Urgent: Memory leak in background token refresh worker Process RSS memory grows continuously by ~50MB/hour. Profiling indicates unclosed TCP sessions in AuthService.,22
1167,Add architecture diagram to README,The repository needs an updated high-level diagram explaining the microservice event bus flow.,documentation,P3-Low,-1,CONTRIBUTOR,1,Add architecture diagram to README,The repository needs an updated high-level diagram explaining the microservice event bus flow.,Add architecture diagram to README The repository needs an updated high-level diagram explaining the microservice event bus flow.,18
2125,Urgent: Deadlock in order fulfillment distributed lock,Redis distributed lock fails to release when worker process receives SIGTERM during checkout transaction.,bug,P0-Critical,-1,NONE,11,Urgent: Deadlock in order fulfillment distributed lock,Redis distributed lock fails to release when worker process receives SIGTERM during checkout transaction.,Urgent: Deadlock in order fulfillment distributed lock Redis distributed lock fails to release when worker process receives SIGTERM during checkout transaction.,21
1796,Fix broken example code in Quickstart tutorial,The quickstart snippet for initializing the client client.connect() causes TypeError: missing 1 required positional argument 'api_key'.,documentation,P2-Medium,-1,NONE,4,Fix broken example code in Quickstart tutorial,The quickstart snippet for initializing the client client.connect() causes TypeError: missing 1 required positional argument 'api_key'.,Fix broken example code in Quickstart tutorial The quickstart snippet for initializing the client client.connect() causes TypeError: missing 1 required positional argument 'api_key'.,23
1957,Update API documentation for v2 authentication header,"The current Swagger docs show 'Authorization: Token <key>', but v2 requires 'Authorization: Bearer <jwt>'.",documentation,P2-Medium,-1,FIRST_TIME_CONTRIBUTOR,7,Update API documentation for v2 authentication header,"The current Swagger docs show 'Authorization: Token <key>', but v2 requires 'Authorization: Bearer <jwt>'.","Update API documentation for v2 authentication header The current Swagger docs show 'Authorization: Token <key>', but v2 requires 'Authorization: Bearer <jwt>'.",21
1974,[Feature Request] Broken hyperlink in settings footer,Clicking 'Terms of Service' in user settings redirects to 404 page.,bug,P3-Low,-1,NONE,3,[Feature Request] Broken hyperlink in settings footer,Clicking 'Terms of Service' in user settings redirects to 404 page.,[Feature Request] Broken hyperlink in settings footer Clicking 'Terms of Service' in user settings redirects to 404 page.,18
2292,Implement bulk item deletion in admin console,Allow administrators to select multiple user records and execute soft-delete in a single batch operation.,feature,P2-Medium,-1,CONTRIBUTOR,1,Implement bulk item deletion in admin console,Allow administrators to select multiple user records and execute soft-delete in a single batch operation.,Implement bulk item deletion in admin console Allow administrators to select multiple user records and execute soft-delete in a single batch operation.,22
2496,Implement bulk item deletion in admin console,Allow administrators to select multiple user records and execute soft-delete in a single batch operation.,feature,P2-Medium,-1,FIRST_TIME_CONTRIBUTOR,6,Implement bulk item deletion in admin console,Allow administrators to select multiple user records and execute soft-delete in a single batch operation.,Implement bulk item deletion in admin console Allow administrators to select multiple user records and execute soft-delete in a single batch operation.,22
1602,Document Docker Compose local setup steps,Add troubleshooting section for port conflicts on Windows WSL2 when starting PostgreSQL container.,documentation,P3-Low,-1,CONTRIBUTOR,8,Document Docker Compose local setup steps,Add troubleshooting section for port conflicts on Windows WSL2 when starting PostgreSQL container.,Document Docker Compose local setup steps Add troubleshooting section for port conflicts on Windows WSL2 when starting PostgreSQL container.,19
1234,Add architecture diagram to README,The repository needs an updated high-level diagram explaining the microservice event bus flow.,documentation,P3-Low,-1,MEMBER,7,Add architecture diagram to README,The repository needs an updated high-level diagram explaining the microservice event bus flow.,Add architecture diagram to README The repository needs an updated high-level diagram explaining the microservice event bus flow.,18
1283,NullPointerException on user checkout,"When calling POST /api/v1/checkout with an empty cart item list, server throws NullPointerException at CheckoutService.java:142. Expected HTTP 400 Bad Request.",bug,P0-Critical,-1,CONTRIBUTOR,28,NullPointerException on user checkout,"When calling POST /api/v1/checkout with an empty cart item list, server throws NullPointerException at CheckoutService.java:142. Expected HTTP 400 Bad Request.","NullPointerException on user checkout When calling POST /api/v1/checkout with an empty cart item list, server throws NullPointerException at CheckoutService.java:142. Expected HTTP 400 Bad Request.",24
1490,Add support for OAuth2 Google Login,Users need the ability to authenticate via Google OAuth2 with PKCE flow. Needs configuration for client ID and secret.,feature,P2-Medium,-1,NONE,3,Add support for OAuth2 Google Login,Users need the ability to authenticate via Google OAuth2 with PKCE flow. Needs configuration for client ID and secret.,Add support for OAuth2 Google Login Users need the ability to authenticate via Google OAuth2 with PKCE flow. Needs configuration for client ID and secret.,25
2462,[Feature Request] Checkbox state does not persist across tab switching,Form input resets when toggling between 'Account' and 'Billing' sub-tabs.,bug,P2-Medium,-1,CONTRIBUTOR,5,[Feature Request] Checkbox state does not persist across tab switching,Form input resets when toggling between 'Account' and 'Billing' sub-tabs.,[Feature Request] Checkbox state does not persist across tab switching Form input resets when toggling between 'Account' and 'Billing' sub-tabs.,20
2016,Add webhook notifications for payment success,Developers need outbound HTTP webhooks triggered on invoice.paid events with signature verification header.,feature,P1-High,-1,FIRST_TIME_CONTRIBUTOR,2,Add webhook notifications for payment success,Developers need outbound HTTP webhooks triggered on invoice.paid events with signature verification header.,Add webhook notifications for payment success Developers need outbound HTTP webhooks triggered on invoice.paid events with signature verification header.,19
1175,Question: Broken hyperlink in settings footer,Clicking 'Terms of Service' in user settings redirects to 404 page.,bug,P3-Low,-1,FIRST_TIME_CONTRIBUTOR,4,Question: Broken hyperlink in settings footer,Clicking 'Terms of Service' in user settings redirects to 404 page.,Question: Broken hyperlink in settings footer Clicking 'Terms of Service' in user settings redirects to 404 page.,17
1339,[Prod] UnicodeDecodeError when parsing multibyte UTF-8 input,The JSON parser crashes on emoji input with UnicodeDecodeError: 'utf-8' codec can't decode byte 0xed in position 12.,bug,P2-Medium,-1,NONE,6,[Prod] UnicodeDecodeError when parsing multibyte UTF-8 input,The JSON parser crashes on emoji input with UnicodeDecodeError: 'utf-8' codec can't decode byte 0xed in position 12.,[Prod] UnicodeDecodeError when parsing multibyte UTF-8 input The JSON parser crashes on emoji input with UnicodeDecodeError: 'utf-8' codec can't decode byte 0xed in position 12.,25
1168,Urgent: Deadlock in order fulfillment distributed lock,Redis distributed lock fails to release when worker process receives SIGTERM during checkout transaction.,bug,P0-Critical,-1,CONTRIBUTOR,24,Urgent: Deadlock in order fulfillment distributed lock,Redis distributed lock fails to release when worker process receives SIGTERM during checkout transaction.,Urgent: Deadlock in order fulfillment distributed lock Redis distributed lock fails to release when worker process receives SIGTERM during checkout transaction.,21
1071,Slow SQL query on user activity feed endpoint,SELECT * FROM activities WHERE user_id = ? ORDER BY timestamp DESC takes 4.2 seconds on accounts with >50k events. Missing composite index.,performance,P1-High,-1,MEMBER,3,Slow SQL query on user activity feed endpoint,SELECT * FROM activities WHERE user_id = ? ORDER BY timestamp DESC takes 4.2 seconds on accounts with >50k events. Missing composite index.,Slow SQL query on user activity feed endpoint SELECT * FROM activities WHERE user_id = ? ORDER BY timestamp DESC takes 4.2 seconds on accounts with >50k events. Missing composite index.,31
1164,[Bug Report] NullPointerException on user checkout,"When calling POST /api/v1/checkout with an empty cart item list, server throws NullPointerException at CheckoutService.java:142. Expected HTTP 400 Bad Request.",bug,P0-Critical,-1,NONE,20,[Bug Report] NullPointerException on user checkout,"When calling POST /api/v1/checkout with an empty cart item list, server throws NullPointerException at CheckoutService.java:142. Expected HTTP 400 Bad Request.","[Bug Report] NullPointerException on user checkout When calling POST /api/v1/checkout with an empty cart item list, server throws NullPointerException at CheckoutService.java:142. Expected HTTP 400 Bad Request.",26
1039,[Prod] Missing CSRF token validation on password change endpoint,POST /api/v1/user/password-reset accepts cross-origin state-changing requests without checking X-CSRF-Token.,security,P0-Critical,-1,FIRST_TIME_CONTRIBUTOR,26,[Prod] Missing CSRF token validation on password change endpoint,POST /api/v1/user/password-reset accepts cross-origin state-changing requests without checking X-CSRF-Token.,[Prod] Missing CSRF token validation on password change endpoint POST /api/v1/user/password-reset accepts cross-origin state-changing requests without checking X-CSRF-Token.,18
2072,Fix broken example code in Quickstart tutorial,The quickstart snippet for initializing the client client.connect() causes TypeError: missing 1 required positional argument 'api_key'.,documentation,P2-Medium,-1,MEMBER,0,Fix broken example code in Quickstart tutorial,The quickstart snippet for initializing the client client.connect() causes TypeError: missing 1 required positional argument 'api_key'.,Fix broken example code in Quickstart tutorial The quickstart snippet for initializing the client client.connect() causes TypeError: missing 1 required positional argument 'api_key'.,23
1754,Fix broken example code in Quickstart tutorial,The quickstart snippet for initializing the client client.connect() causes TypeError: missing 1 required positional argument 'api_key'.,documentation,P2-Medium,-1,FIRST_TIME_CONTRIBUTOR,0,Fix broken example code in Quickstart tutorial,The quickstart snippet for initializing the client client.connect() causes TypeError: missing 1 required positional argument 'api_key'.,Fix broken example code in Quickstart tutorial The quickstart snippet for initializing the client client.connect() causes TypeError: missing 1 required positional argument 'api_key'.,23
1689,Dark mode theme preference toggle,Implement automatic dark mode switching based on CSS prefers-color-scheme media query.,feature,P3-Low,-1,NONE,2,Dark mode theme preference toggle,Implement automatic dark mode switching based on CSS prefers-color-scheme media query.,Dark mode theme preference toggle Implement automatic dark mode switching based on CSS prefers-color-scheme media query.,16
1944,Question: NullPointerException on user checkout,"When calling POST /api/v1/checkout with an empty cart item list, server throws NullPointerException at CheckoutService.java:142. Expected HTTP 400 Bad Request.",bug,P0-Critical,-1,CONTRIBUTOR,12,Question: NullPointerException on user checkout,"When calling POST /api/v1/checkout with an empty cart item list, server throws NullPointerException at CheckoutService.java:142. Expected HTTP 400 Bad Request.","Question: NullPointerException on user checkout When calling POST /api/v1/checkout with an empty cart item list, server throws NullPointerException at CheckoutService.java:142. Expected HTTP 400 Bad Request.",25
1934,Question: Memory leak in background token refresh worker,Process RSS memory grows continuously by ~50MB/hour. Profiling indicates unclosed TCP sessions in AuthService.,bug,P1-High,-1,MEMBER,6,Question: Memory leak in background token refresh worker,Process RSS memory grows continuously by ~50MB/hour. Profiling indicates unclosed TCP sessions in AuthService.,Question: Memory leak in background token refresh worker Process RSS memory grows continuously by ~50MB/hour. Profiling indicates unclosed TCP sessions in AuthService.,22
1379,Fix broken example code in Quickstart tutorial,The quickstart snippet for initializing the client client.connect() causes TypeError: missing 1 required positional argument 'api_key'.,documentation,P2-Medium,-1,FIRST_TIME_CONTRIBUTOR,4,Fix broken example code in Quickstart tutorial,The quickstart snippet for initializing the client client.connect() causes TypeError: missing 1 required positional argument 'api_key'.,Fix broken example code in Quickstart tutorial The quickstart snippet for initializing the client client.connect() causes TypeError: missing 1 required positional argument 'api_key'.,23
1459,Add architecture diagram to README,The repository needs an updated high-level diagram explaining the microservice event bus flow.,documentation,P3-Low,-1,FIRST_TIME_CONTRIBUTOR,1,Add architecture diagram to README,The repository needs an updated high-level diagram explaining the microservice event bus flow.,Add architecture diagram to README The repository needs an updated high-level diagram explaining the microservice event bus flow.,18
1308,Dark mode theme preference toggle,Implement automatic dark mode switching based on CSS prefers-color-scheme media query.,feature,P3-Low,-1,NONE,8,Dark mode theme preference toggle,Implement automatic dark mode switching based on CSS prefers-color-scheme media query.,Dark mode theme preference toggle Implement automatic dark mode switching based on CSS prefers-color-scheme media query.,16
1183,Question: Memory leak in background token refresh worker,Process RSS memory grows continuously by ~50MB/hour. Profiling indicates unclosed TCP sessions in AuthService.,bug,P1-High,-1,MEMBER,0,Question: Memory leak in background token refresh worker,Process RSS memory grows continuously by ~50MB/hour. Profiling indicates unclosed TCP sessions in AuthService.,Question: Memory leak in background token refresh worker Process RSS memory grows continuously by ~50MB/hour. Profiling indicates unclosed TCP sessions in AuthService.,22
1771,Fix broken example code in Quickstart tutorial,The quickstart snippet for initializing the client client.connect() causes TypeError: missing 1 required positional argument 'api_key'.,documentation,P2-Medium,-1,MEMBER,1,Fix broken example code in Quickstart tutorial,The quickstart snippet for initializing the client client.connect() causes TypeError: missing 1 required positional argument 'api_key'.,Fix broken example code in Quickstart tutorial The quickstart snippet for initializing the client client.connect() causes TypeError: missing 1 required positional argument 'api_key'.,23
1581,Add webhook notifications for payment success,Developers need outbound HTTP webhooks triggered on invoice.paid events with signature verification header.,feature,P1-High,-1,FIRST_TIME_CONTRIBUTOR,3,Add webhook notifications for payment success,Developers need outbound HTTP webhooks triggered on invoice.paid events with signature verification header.,Add webhook notifications for payment success Developers need outbound HTTP webhooks triggered on invoice.paid events with signature verification header.,19
1284,[Bug Report] Checkbox state does not persist across tab switching,Form input resets when toggling between 'Account' and 'Billing' sub-tabs.,bug,P2-Medium,-1,MEMBER,2,[Bug Report] Checkbox state does not persist across tab switching,Form input resets when toggling between 'Account' and 'Billing' sub-tabs.,[Bug Report] Checkbox state does not persist across tab switching Form input resets when toggling between 'Account' and 'Billing' sub-tabs.,20
2302,Dark mode theme preference toggle,Implement automatic dark mode switching based on CSS prefers-color-scheme media query.,feature,P3-Low,-1,NONE,4,Dark mode theme preference toggle,Implement automatic dark mode switching based on CSS prefers-color-scheme media query.,Dark mode theme preference toggle Implement automatic dark mode switching based on CSS prefers-color-scheme media query.,16
2377,[Prod] Deadlock in order fulfillment distributed lock,Redis distributed lock fails to release when worker process receives SIGTERM during checkout transaction.,bug,P0-Critical,-1,FIRST_TIME_CONTRIBUTOR,11,[Prod] Deadlock in order fulfillment distributed lock,Redis distributed lock fails to release when worker process receives SIGTERM during checkout transaction.,[Prod] Deadlock in order fulfillment distributed lock Redis distributed lock fails to release when worker process receives SIGTERM during checkout transaction.,21
2246,Urgent: UnicodeDecodeError when parsing multibyte UTF-8 input,The JSON parser crashes on emoji input with UnicodeDecodeError: 'utf-8' codec can't decode byte 0xed in position 12.,bug,P2-Medium,-1,MEMBER,5,Urgent: UnicodeDecodeError when parsing multibyte UTF-8 input,The JSON parser crashes on emoji input with UnicodeDecodeError: 'utf-8' codec can't decode byte 0xed in position 12.,Urgent: UnicodeDecodeError when parsing multibyte UTF-8 input The JSON parser crashes on emoji input with UnicodeDecodeError: 'utf-8' codec can't decode byte 0xed in position 12.,25
1671,[Prod] Checkbox state does not persist across tab switching,Form input resets when toggling between 'Account' and 'Billing' sub-tabs.,bug,P2-Medium,-1,CONTRIBUTOR,8,[Prod] Checkbox state does not persist across tab switching,Form input resets when toggling between 'Account' and 'Billing' sub-tabs.,[Prod] Checkbox state does not persist across tab switching Form input resets when toggling between 'Account' and 'Billing' sub-tabs.,19
1846,[Bug Report] Database connection pool exhausted under high concurrency,"HikariCP pool drops active connections after 500 concurrent requests. Error: Connection is not available, request timed out after 30000ms.",bug,P1-High,-1,NONE,5,[Bug Report] Database connection pool exhausted under high concurrency,"HikariCP pool drops active connections after 500 concurrent requests. Error: Connection is not available, request timed out after 30000ms.","[Bug Report] Database connection pool exhausted under high concurrency HikariCP pool drops active connections after 500 concurrent requests. Error: Connection is not available, request timed out after 30000ms.",28
2436,Optimize Docker image layer caching to speed up CI,Re-installing heavy Python packages on every single commit causes CI build times to exceed 18 minutes.,performance,P2-Medium,-1,CONTRIBUTOR,6,Optimize Docker image layer caching to speed up CI,Re-installing heavy Python packages on every single commit causes CI build times to exceed 18 minutes.,Optimize Docker image layer caching to speed up CI Re-installing heavy Python packages on every single commit causes CI build times to exceed 18 minutes.,25
1417,[Bug Report] Memory leak in background token refresh worker,Process RSS memory grows continuously by ~50MB/hour. Profiling indicates unclosed TCP sessions in AuthService.,bug,P1-High,-1,MEMBER,8,[Bug Report] Memory leak in background token refresh worker,Process RSS memory grows continuously by ~50MB/hour. Profiling indicates unclosed TCP sessions in AuthService.,[Bug Report] Memory leak in background token refresh worker Process RSS memory grows continuously by ~50MB/hour. Profiling indicates unclosed TCP sessions in AuthService.,23
2199,[Feature Request] Checkbox state does not persist across tab switching,Form input resets when toggling between 'Account' and 'Billing' sub-tabs.,bug,P2-Medium,-1,NONE,8,[Feature Request] Checkbox state does not persist across tab switching,Form input resets when toggling between 'Account' and 'Billing' sub-tabs.,[Feature Request] Checkbox state does not persist across tab switching Form input resets when toggling between 'Account' and 'Billing' sub-tabs.,20
2100,UnicodeDecodeError when parsing multibyte UTF-8 input,The JSON parser crashes on emoji input with UnicodeDecodeError: 'utf-8' codec can't decode byte 0xed in position 12.,bug,P2-Medium,-1,NONE,1,UnicodeDecodeError when parsing multibyte UTF-8 input,The JSON parser crashes on emoji input with UnicodeDecodeError: 'utf-8' codec can't decode byte 0xed in position 12.,UnicodeDecodeError when parsing multibyte UTF-8 input The JSON parser crashes on emoji input with UnicodeDecodeError: 'utf-8' codec can't decode byte 0xed in position 12.,24
1442,Question: Broken hyperlink in settings footer,Clicking 'Terms of Service' in user settings redirects to 404 page.,bug,P3-Low,-1,MEMBER,1,Question: Broken hyperlink in settings footer,Clicking 'Terms of Service' in user settings redirects to 404 page.,Question: Broken hyperlink in settings footer Clicking 'Terms of Service' in user settings redirects to 404 page.,17
2149,Add support for OAuth2 Google Login,Users need the ability to authenticate via Google OAuth2 with PKCE flow. Needs configuration for client ID and secret.,feature,P2-Medium,-1,NONE,6,Add support for OAuth2 Google Login,Users need the ability to authenticate via Google OAuth2 with PKCE flow. Needs configuration for client ID and secret.,Add support for OAuth2 Google Login Users need the ability to authenticate via Google OAuth2 with PKCE flow. Needs configuration for client ID and secret.,25
1659,[Bug Report] Deadlock in order fulfillment distributed lock,Redis distributed lock fails to release when worker process receives SIGTERM during checkout transaction.,bug,P0-Critical,-1,NONE,21,[Bug Report] Deadlock in order fulfillment distributed lock,Redis distributed lock fails to release when worker process receives SIGTERM during checkout transaction.,[Bug Report] Deadlock in order fulfillment distributed lock Redis distributed lock fails to release when worker process receives SIGTERM during checkout transaction.,22
1493,Question: CSS overflow issue on mobile navigation drawer,"On iOS Safari viewport < 375px, the slide-over menu items clip outside the right screen border.",bug,P3-Low,-1,CONTRIBUTOR,8,Question: CSS overflow issue on mobile navigation drawer,"On iOS Safari viewport < 375px, the slide-over menu items clip outside the right screen border.","Question: CSS overflow issue on mobile navigation drawer On iOS Safari viewport < 375px, the slide-over menu items clip outside the right screen border.",24
2166,Question: CSS overflow issue on mobile navigation drawer,"On iOS Safari viewport < 375px, the slide-over menu items clip outside the right screen border.",bug,P3-Low,-1,MEMBER,2,Question: CSS overflow issue on mobile navigation drawer,"On iOS Safari viewport < 375px, the slide-over menu items clip outside the right screen border.","Question: CSS overflow issue on mobile navigation drawer On iOS Safari viewport < 375px, the slide-over menu items clip outside the right screen border.",24
2482,Document Docker Compose local setup steps,Add troubleshooting section for port conflicts on Windows WSL2 when starting PostgreSQL container.,documentation,P3-Low,-1,CONTRIBUTOR,6,Document Docker Compose local setup steps,Add troubleshooting section for port conflicts on Windows WSL2 when starting PostgreSQL container.,Document Docker Compose local setup steps Add troubleshooting section for port conflicts on Windows WSL2 when starting PostgreSQL container.,19
1155,Dark mode theme preference toggle,Implement automatic dark mode switching based on CSS prefers-color-scheme media query.,feature,P3-Low,-1,MEMBER,7,Dark mode theme preference toggle,Implement automatic dark mode switching based on CSS prefers-color-scheme media query.,Dark mode theme preference toggle Implement automatic dark mode switching based on CSS prefers-color-scheme media query.,16
1252,Fix broken example code in Quickstart tutorial,The quickstart snippet for initializing the client client.connect() causes TypeError: missing 1 required positional argument 'api_key'.,documentation,P2-Medium,-1,CONTRIBUTOR,2,Fix broken example code in Quickstart tutorial,The quickstart snippet for initializing the client client.connect() causes TypeError: missing 1 required positional argument 'api_key'.,Fix broken example code in Quickstart tutorial The quickstart snippet for initializing the client client.connect() causes TypeError: missing 1 required positional argument 'api_key'.,23
1543,Question: Deadlock in order fulfillment distributed lock,Redis distributed lock fails to release when worker process receives SIGTERM during checkout transaction.,bug,P0-Critical,-1,CONTRIBUTOR,30,Question: Deadlock in order fulfillment distributed lock,Redis distributed lock fails to release when worker process receives SIGTERM during checkout transaction.,Question: Deadlock in order fulfillment distributed lock Redis distributed lock fails to release when worker process receives SIGTERM during checkout transaction.,21
1320,[Bug Report] Database connection pool exhausted under high concurrency,"HikariCP pool drops active connections after 500 concurrent requests. Error: Connection is not available, request timed out after 30000ms.",bug,P1-High,-1,FIRST_TIME_CONTRIBUTOR,8,[Bug Report] Database connection pool exhausted under high concurrency,"HikariCP pool drops active connections after 500 concurrent requests. Error: Connection is not available, request timed out after 30000ms.","[Bug Report] Database connection pool exhausted under high concurrency HikariCP pool drops active connections after 500 concurrent requests. Error: Connection is not available, request timed out after 30000ms.",28
1421,Add webhook notifications for payment success,Developers need outbound HTTP webhooks triggered on invoice.paid events with signature verification header.,feature,P1-High,-1,NONE,8,Add webhook notifications for payment success,Developers need outbound HTTP webhooks triggered on invoice.paid events with signature verification header.,Add webhook notifications for payment success Developers need outbound HTTP webhooks triggered on invoice.paid events with signature verification header.,19
1448,[Feature Request] Missing CSRF token validation on password change endpoint,POST /api/v1/user/password-reset accepts cross-origin state-changing requests without checking X-CSRF-Token.,security,P0-Critical,-1,FIRST_TIME_CONTRIBUTOR,25,[Feature Request] Missing CSRF token validation on password change endpoint,POST /api/v1/user/password-reset accepts cross-origin state-changing requests without checking X-CSRF-Token.,[Feature Request] Missing CSRF token validation on password change endpoint POST /api/v1/user/password-reset accepts cross-origin state-changing requests without checking X-CSRF-Token.,19
1077,Dark mode theme preference toggle,Implement automatic dark mode switching based on CSS prefers-color-scheme media query.,feature,P3-Low,-1,NONE,0,Dark mode theme preference toggle,Implement automatic dark mode switching based on CSS prefers-color-scheme media query.,Dark mode theme preference toggle Implement automatic dark mode switching based on CSS prefers-color-scheme media query.,16
2039,Add webhook notifications for payment success,Developers need outbound HTTP webhooks triggered on invoice.paid events with signature verification header.,feature,P1-High,-1,FIRST_TIME_CONTRIBUTOR,4,Add webhook notifications for payment success,Developers need outbound HTTP webhooks triggered on invoice.paid events with signature verification header.,Add webhook notifications for payment success Developers need outbound HTTP webhooks triggered on invoice.paid events with signature verification header.,19
2450,CORS policy allows wildcard origin with credentials,"Access-Control-Allow-Origin is set to '*' while Access-Control-Allow-Credentials is true, violating CORS specification.",security,P1-High,-1,FIRST_TIME_CONTRIBUTOR,4,CORS policy allows wildcard origin with credentials,"Access-Control-Allow-Origin is set to '*' while Access-Control-Allow-Credentials is true, violating CORS specification.","CORS policy allows wildcard origin with credentials Access-Control-Allow-Origin is set to '*' while Access-Control-Allow-Credentials is true, violating CORS specification.",19
2349,Document Docker Compose local setup steps,Add troubleshooting section for port conflicts on Windows WSL2 when starting PostgreSQL container.,documentation,P3-Low,-1,FIRST_TIME_CONTRIBUTOR,0,Document Docker Compose local setup steps,Add troubleshooting section for port conflicts on Windows WSL2 when starting PostgreSQL container.,Document Docker Compose local setup steps Add troubleshooting section for port conflicts on Windows WSL2 when starting PostgreSQL container.,19
1712,High CPU utilization in regex router matching,Regex matching in URL routing consumes 85% CPU during high request spikes due to catastrophic backtracking in greedy pattern.,performance,P1-High,-1,FIRST_TIME_CONTRIBUTOR,3,High CPU utilization in regex router matching,Regex matching in URL routing consumes 85% CPU during high request spikes due to catastrophic backtracking in greedy pattern.,High CPU utilization in regex router matching Regex matching in URL routing consumes 85% CPU during high request spikes due to catastrophic backtracking in greedy pattern.,26
1046,Slow SQL query on user activity feed endpoint,SELECT * FROM activities WHERE user_id = ? ORDER BY timestamp DESC takes 4.2 seconds on accounts with >50k events. Missing composite index.,performance,P1-High,-1,CONTRIBUTOR,8,Slow SQL query on user activity feed endpoint,SELECT * FROM activities WHERE user_id = ? ORDER BY timestamp DESC takes 4.2 seconds on accounts with >50k events. Missing composite index.,Slow SQL query on user activity feed endpoint SELECT * FROM activities WHERE user_id = ? ORDER BY timestamp DESC takes 4.2 seconds on accounts with >50k events. Missing composite index.,31
1882,[Bug Report] CSS overflow issue on mobile navigation drawer,"On iOS Safari viewport < 375px, the slide-over menu items clip outside the right screen border.",bug,P3-Low,-1,CONTRIBUTOR,4,[Bug Report] CSS overflow issue on mobile navigation drawer,"On iOS Safari viewport < 375px, the slide-over menu items clip outside the right screen border.","[Bug Report] CSS overflow issue on mobile navigation drawer On iOS Safari viewport < 375px, the slide-over menu items clip outside the right screen border.",25
1221,Dark mode theme preference toggle,Implement automatic dark mode switching based on CSS prefers-color-scheme media query.,feature,P3-Low,-1,MEMBER,7,Dark mode theme preference toggle,Implement automatic dark mode switching based on CSS prefers-color-scheme media query.,Dark mode theme preference toggle Implement automatic dark mode switching based on CSS prefers-color-scheme media query.,16
2290,Update API documentation for v2 authentication header,"The current Swagger docs show 'Authorization: Token <key>', but v2 requires 'Authorization: Bearer <jwt>'.",documentation,P2-Medium,-1,NONE,7,Update API documentation for v2 authentication header,"The current Swagger docs show 'Authorization: Token <key>', but v2 requires 'Authorization: Bearer <jwt>'.","Update API documentation for v2 authentication header The current Swagger docs show 'Authorization: Token <key>', but v2 requires 'Authorization: Bearer <jwt>'.",21
2182,Add webhook notifications for payment success,Developers need outbound HTTP webhooks triggered on invoice.paid events with signature verification header.,feature,P1-High,-1,NONE,7,Add webhook notifications for payment success,Developers need outbound HTTP webhooks triggered on invoice.paid events with signature verification header.,Add webhook notifications for payment success Developers need outbound HTTP webhooks triggered on invoice.paid events with signature verification header.,19
1818,[Prod] CSS overflow issue on mobile navigation drawer,"On iOS Safari viewport < 375px, the slide-over menu items clip outside the right screen border.",bug,P3-Low,-1,CONTRIBUTOR,0,[Prod] CSS overflow issue on mobile navigation drawer,"On iOS Safari viewport < 375px, the slide-over menu items clip outside the right screen border.","[Prod] CSS overflow issue on mobile navigation drawer On iOS Safari viewport < 375px, the slide-over menu items clip outside the right screen border.",24
2139,[Feature Request] Broken hyperlink in settings footer,Clicking 'Terms of Service' in user settings redirects to 404 page.,bug,P3-Low,-1,NONE,5,[Feature Request] Broken hyperlink in settings footer,Clicking 'Terms of Service' in user settings redirects to 404 page.,[Feature Request] Broken hyperlink in settings footer Clicking 'Terms of Service' in user settings redirects to 404 page.,18
1855,[Feature Request] Database connection pool exhausted under high concurrency,"HikariCP pool drops active connections after 500 concurrent requests. Error: Connection is not available, request timed out after 30000ms.",bug,P1-High,-1,NONE,0,[Feature Request] Database connection pool exhausted under high concurrency,"HikariCP pool drops active connections after 500 concurrent requests. Error: Connection is not available, request timed out after 30000ms.","[Feature Request] Database connection pool exhausted under high concurrency HikariCP pool drops active connections after 500 concurrent requests. Error: Connection is not available, request timed out after 30000ms.",28
1995,Optimize Docker image layer caching to speed up CI,Re-installing heavy Python packages on every single commit causes CI build times to exceed 18 minutes.,performance,P2-Medium,-1,MEMBER,8,Optimize Docker image layer caching to speed up CI,Re-installing heavy Python packages on every single commit causes CI build times to exceed 18 minutes.,Optimize Docker image layer caching to speed up CI Re-installing heavy Python packages on every single commit causes CI build times to exceed 18 minutes.,25
2095,Urgent: Broken hyperlink in settings footer,Clicking 'Terms of Service' in user settings redirects to 404 page.,bug,P3-Low,-1,FIRST_TIME_CONTRIBUTOR,5,Urgent: Broken hyperlink in settings footer,Clicking 'Terms of Service' in user settings redirects to 404 page.,Urgent: Broken hyperlink in settings footer Clicking 'Terms of Service' in user settings redirects to 404 page.,17
2281,Add architecture diagram to README,The repository needs an updated high-level diagram explaining the microservice event bus flow.,documentation,P3-Low,-1,CONTRIBUTOR,6,Add architecture diagram to README,The repository needs an updated high-level diagram explaining the microservice event bus flow.,Add architecture diagram to README The repository needs an updated high-level diagram explaining the microservice event bus flow.,18
1148,Urgent: Checkbox state does not persist across tab switching,Form input resets when toggling between 'Account' and 'Billing' sub-tabs.,bug,P2-Medium,-1,MEMBER,6,Urgent: Checkbox state does not persist across tab switching,Form input resets when toggling between 'Account' and 'Billing' sub-tabs.,Urgent: Checkbox state does not persist across tab switching Form input resets when toggling between 'Account' and 'Billing' sub-tabs.,19
1173,Support CSV export for monthly billing reports,Accounting teams require monthly transactions exported as standard RFC 4180 CSV files with tax breakdown.,feature,P2-Medium,-1,FIRST_TIME_CONTRIBUTOR,0,Support CSV export for monthly billing reports,Accounting teams require monthly transactions exported as standard RFC 4180 CSV files with tax breakdown.,Support CSV export for monthly billing reports Accounting teams require monthly transactions exported as standard RFC 4180 CSV files with tax breakdown.,22
1614,Question: Broken hyperlink in settings footer,Clicking 'Terms of Service' in user settings redirects to 404 page.,bug,P3-Low,-1,FIRST_TIME_CONTRIBUTOR,6,Question: Broken hyperlink in settings footer,Clicking 'Terms of Service' in user settings redirects to 404 page.,Question: Broken hyperlink in settings footer Clicking 'Terms of Service' in user settings redirects to 404 page.,17
1190,Urgent: Deadlock in order fulfillment distributed lock,Redis distributed lock fails to release when worker process receives SIGTERM during checkout transaction.,bug,P0-Critical,-1,FIRST_TIME_CONTRIBUTOR,5,Urgent: Deadlock in order fulfillment distributed lock,Redis distributed lock fails to release when worker process receives SIGTERM during checkout transaction.,Urgent: Deadlock in order fulfillment distributed lock Redis distributed lock fails to release when worker process receives SIGTERM during checkout transaction.,21
1886,Add support for OAuth2 Google Login,Users need the ability to authenticate via Google OAuth2 with PKCE flow. Needs configuration for client ID and secret.,feature,P2-Medium,-1,FIRST_TIME_CONTRIBUTOR,6,Add support for OAuth2 Google Login,Users need the ability to authenticate via Google OAuth2 with PKCE flow. Needs configuration for client ID and secret.,Add support for OAuth2 Google Login Users need the ability to authenticate via Google OAuth2 with PKCE flow. Needs configuration for client ID and secret.,25
1907,High CPU utilization in regex router matching,Regex matching in URL routing consumes 85% CPU during high request spikes due to catastrophic backtracking in greedy pattern.,performance,P1-High,-1,NONE,8,High CPU utilization in regex router matching,Regex matching in URL routing consumes 85% CPU during high request spikes due to catastrophic backtracking in greedy pattern.,High CPU utilization in regex router matching Regex matching in URL routing consumes 85% CPU during high request spikes due to catastrophic backtracking in greedy pattern.,26
2345,Add webhook notifications for payment success,Developers need outbound HTTP webhooks triggered on invoice.paid events with signature verification header.,feature,P1-High,-1,NONE,0,Add webhook notifications for payment success,Developers need outbound HTTP webhooks triggered on invoice.paid events with signature verification header.,Add webhook notifications for payment success Developers need outbound HTTP webhooks triggered on invoice.paid events with signature verification header.,19
1927,Implement bulk item deletion in admin console,Allow administrators to select multiple user records and execute soft-delete in a single batch operation.,feature,P2-Medium,-1,FIRST_TIME_CONTRIBUTOR,0,Implement bulk item deletion in admin console,Allow administrators to select multiple user records and execute soft-delete in a single batch operation.,Implement bulk item deletion in admin console Allow administrators to select multiple user records and execute soft-delete in a single batch operation.,22
1126,Question: Deadlock in order fulfillment distributed lock,Redis distributed lock fails to release when worker process receives SIGTERM during checkout transaction.,bug,P0-Critical,-1,FIRST_TIME_CONTRIBUTOR,10,Question: Deadlock in order fulfillment distributed lock,Redis distributed lock fails to release when worker process receives SIGTERM during checkout transaction.,Question: Deadlock in order fulfillment distributed lock Redis distributed lock fails to release when worker process receives SIGTERM during checkout transaction.,21
1811,Urgent: Insecure direct object reference (IDOR) on document download,Authenticated users can access arbitrary tenant invoices by altering the numeric invoice_id in the URL.,security,P0-Critical,-1,NONE,11,Urgent: Insecure direct object reference (IDOR) on document download,Authenticated users can access arbitrary tenant invoices by altering the numeric invoice_id in the URL.,Urgent: Insecure direct object reference (IDOR) on document download Authenticated users can access arbitrary tenant invoices by altering the numeric invoice_id in the URL.,24
2447,Urgent: Broken hyperlink in settings footer,Clicking 'Terms of Service' in user settings redirects to 404 page.,bug,P3-Low,-1,FIRST_TIME_CONTRIBUTOR,4,Urgent: Broken hyperlink in settings footer,Clicking 'Terms of Service' in user settings redirects to 404 page.,Urgent: Broken hyperlink in settings footer Clicking 'Terms of Service' in user settings redirects to 404 page.,17
2272,Dark mode theme preference toggle,Implement automatic dark mode switching based on CSS prefers-color-scheme media query.,feature,P3-Low,-1,FIRST_TIME_CONTRIBUTOR,6,Dark mode theme preference toggle,Implement automatic dark mode switching based on CSS prefers-color-scheme media query.,Dark mode theme preference toggle Implement automatic dark mode switching based on CSS prefers-color-scheme media query.,16
2203,Implement bulk item deletion in admin console,Allow administrators to select multiple user records and execute soft-delete in a single batch operation.,feature,P2-Medium,-1,NONE,3,Implement bulk item deletion in admin console,Allow administrators to select multiple user records and execute soft-delete in a single batch operation.,Implement bulk item deletion in admin console Allow administrators to select multiple user records and execute soft-delete in a single batch operation.,22
1325,Missing CSRF token validation on password change endpoint,POST /api/v1/user/password-reset accepts cross-origin state-changing requests without checking X-CSRF-Token.,security,P0-Critical,-1,NONE,14,Missing CSRF token validation on password change endpoint,POST /api/v1/user/password-reset accepts cross-origin state-changing requests without checking X-CSRF-Token.,Missing CSRF token validation on password change endpoint POST /api/v1/user/password-reset accepts cross-origin state-changing requests without checking X-CSRF-Token.,17
1563,Question: CORS policy allows wildcard origin with credentials,"Access-Control-Allow-Origin is set to '*' while Access-Control-Allow-Credentials is true, violating CORS specification.",security,P1-High,-1,FIRST_TIME_CONTRIBUTOR,3,Question: CORS policy allows wildcard origin with credentials,"Access-Control-Allow-Origin is set to '*' while Access-Control-Allow-Credentials is true, violating CORS specification.","Question: CORS policy allows wildcard origin with credentials Access-Control-Allow-Origin is set to '*' while Access-Control-Allow-Credentials is true, violating CORS specification.",20
1357,Checkbox state does not persist across tab switching,Form input resets when toggling between 'Account' and 'Billing' sub-tabs.,bug,P2-Medium,-1,CONTRIBUTOR,4,Checkbox state does not persist across tab switching,Form input resets when toggling between 'Account' and 'Billing' sub-tabs.,Checkbox state does not persist across tab switching Form input resets when toggling between 'Account' and 'Billing' sub-tabs.,18
1153,Add webhook notifications for payment success,Developers need outbound HTTP webhooks triggered on invoice.paid events with signature verification header.,feature,P1-High,-1,NONE,7,Add webhook notifications for payment success,Developers need outbound HTTP webhooks triggered on invoice.paid events with signature verification header.,Add webhook notifications for payment success Developers need outbound HTTP webhooks triggered on invoice.paid events with signature verification header.,19
1318,[Bug Report] Deadlock in order fulfillment distributed lock,Redis distributed lock fails to release when worker process receives SIGTERM during checkout transaction.,bug,P0-Critical,-1,CONTRIBUTOR,13,[Bug Report] Deadlock in order fulfillment distributed lock,Redis distributed lock fails to release when worker process receives SIGTERM during checkout transaction.,[Bug Report] Deadlock in order fulfillment distributed lock Redis distributed lock fails to release when worker process receives SIGTERM during checkout transaction.,22
1852,Urgent: SQL Injection vulnerability in search filter query,The 'filter' parameter in /api/v1/search is concatenated directly into the SQL string without parameterized binding. Exploitable via ' OR 1=1 --,security,P0-Critical,-1,FIRST_TIME_CONTRIBUTOR,12,Urgent: SQL Injection vulnerability in search filter query,The 'filter' parameter in /api/v1/search is concatenated directly into the SQL string without parameterized binding. Exploitable via ' OR 1=1 --,Urgent: SQL Injection vulnerability in search filter query The 'filter' parameter in /api/v1/search is concatenated directly into the SQL string without parameterized binding. Exploitable via ' OR 1=1 --,29
1492,[Prod] Broken hyperlink in settings footer,Clicking 'Terms of Service' in user settings redirects to 404 page.,bug,P3-Low,-1,MEMBER,5,[Prod] Broken hyperlink in settings footer,Clicking 'Terms of Service' in user settings redirects to 404 page.,[Prod] Broken hyperlink in settings footer Clicking 'Terms of Service' in user settings redirects to 404 page.,17
1698,Optimize Docker image layer caching to speed up CI,Re-installing heavy Python packages on every single commit causes CI build times to exceed 18 minutes.,performance,P2-Medium,-1,FIRST_TIME_CONTRIBUTOR,4,Optimize Docker image layer caching to speed up CI,Re-installing heavy Python packages on every single commit causes CI build times to exceed 18 minutes.,Optimize Docker image layer caching to speed up CI Re-installing heavy Python packages on every single commit causes CI build times to exceed 18 minutes.,25
1741,UnicodeDecodeError when parsing multibyte UTF-8 input,The JSON parser crashes on emoji input with UnicodeDecodeError: 'utf-8' codec can't decode byte 0xed in position 12.,bug,P2-Medium,-1,NONE,6,UnicodeDecodeError when parsing multibyte UTF-8 input,The JSON parser crashes on emoji input with UnicodeDecodeError: 'utf-8' codec can't decode byte 0xed in position 12.,UnicodeDecodeError when parsing multibyte UTF-8 input The JSON parser crashes on emoji input with UnicodeDecodeError: 'utf-8' codec can't decode byte 0xed in position 12.,24
1358,Memory leak in background token refresh worker,Process RSS memory grows continuously by ~50MB/hour. Profiling indicates unclosed TCP sessions in AuthService.,bug,P1-High,-1,MEMBER,5,Memory leak in background token refresh worker,Process RSS memory grows continuously by ~50MB/hour. Profiling indicates unclosed TCP sessions in AuthService.,Memory leak in background token refresh worker Process RSS memory grows continuously by ~50MB/hour. Profiling indicates unclosed TCP sessions in AuthService.,21
1843,Urgent: Checkbox state does not persist across tab switching,Form input resets when toggling between 'Account' and 'Billing' sub-tabs.,bug,P2-Medium,-1,CONTRIBUTOR,7,Urgent: Checkbox state does not persist across tab switching,Form input resets when toggling between 'Account' and 'Billing' sub-tabs.,Urgent: Checkbox state does not persist across tab switching Form input resets when toggling between 'Account' and 'Billing' sub-tabs.,19
1236,[Prod] Missing CSRF token validation on password change endpoint,POST /api/v1/user/password-reset accepts cross-origin state-changing requests without checking X-CSRF-Token.,security,P0-Critical,-1,FIRST_TIME_CONTRIBUTOR,26,[Prod] Missing CSRF token validation on password change endpoint,POST /api/v1/user/password-reset accepts cross-origin state-changing requests without checking X-CSRF-Token.,[Prod] Missing CSRF token validation on password change endpoint POST /api/v1/user/password-reset accepts cross-origin state-changing requests without checking X-CSRF-Token.,18
1447,Checkbox state does not persist across tab switching,Form input resets when toggling between 'Account' and 'Billing' sub-tabs.,bug,P2-Medium,-1,NONE,2,Checkbox state does not persist across tab switching,Form input resets when toggling between 'Account' and 'Billing' sub-tabs.,Checkbox state does not persist across tab switching Form input resets when toggling between 'Account' and 'Billing' sub-tabs.,18
1978,[Prod] Database connection pool exhausted under high concurrency,"HikariCP pool drops active connections after 500 concurrent requests. Error: Connection is not available, request timed out after 30000ms.",bug,P1-High,-1,MEMBER,6,[Prod] Database connection pool exhausted under high concurrency,"HikariCP pool drops active connections after 500 concurrent requests. Error: Connection is not available, request timed out after 30000ms.","[Prod] Database connection pool exhausted under high concurrency HikariCP pool drops active connections after 500 concurrent requests. Error: Connection is not available, request timed out after 30000ms.",27
1740,Database connection pool exhausted under high concurrency,"HikariCP pool drops active connections after 500 concurrent requests. Error: Connection is not available, request timed out after 30000ms.",bug,P1-High,-1,FIRST_TIME_CONTRIBUTOR,6,Database connection pool exhausted under high concurrency,"HikariCP pool drops active connections after 500 concurrent requests. Error: Connection is not available, request timed out after 30000ms.","Database connection pool exhausted under high concurrency HikariCP pool drops active connections after 500 concurrent requests. Error: Connection is not available, request timed out after 30000ms.",26
1779,[Prod] NullPointerException on user checkout,"When calling POST /api/v1/checkout with an empty cart item list, server throws NullPointerException at CheckoutService.java:142. Expected HTTP 400 Bad Request.",bug,P0-Critical,-1,CONTRIBUTOR,23,[Prod] NullPointerException on user checkout,"When calling POST /api/v1/checkout with an empty cart item list, server throws NullPointerException at CheckoutService.java:142. Expected HTTP 400 Bad Request.","[Prod] NullPointerException on user checkout When calling POST /api/v1/checkout with an empty cart item list, server throws NullPointerException at CheckoutService.java:142. Expected HTTP 400 Bad Request.",25
1157,Memory leak in background token refresh worker,Process RSS memory grows continuously by ~50MB/hour. Profiling indicates unclosed TCP sessions in AuthService.,bug,P1-High,-1,MEMBER,3,Memory leak in background token refresh worker,Process RSS memory grows continuously by ~50MB/hour. Profiling indicates unclosed TCP sessions in AuthService.,Memory leak in background token refresh worker Process RSS memory grows continuously by ~50MB/hour. Profiling indicates unclosed TCP sessions in AuthService.,21
2241,NullPointerException on user checkout,"When calling POST /api/v1/checkout with an empty cart item list, server throws NullPointerException at CheckoutService.java:142. Expected HTTP 400 Bad Request.",bug,P0-Critical,-1,MEMBER,21,NullPointerException on user checkout,"When calling POST /api/v1/checkout with an empty cart item list, server throws NullPointerException at CheckoutService.java:142. Expected HTTP 400 Bad Request.","NullPointerException on user checkout When calling POST /api/v1/checkout with an empty cart item list, server throws NullPointerException at CheckoutService.java:142. Expected HTTP 400 Bad Request.",24
2048,Dark mode theme preference toggle,Implement automatic dark mode switching based on CSS prefers-color-scheme media query.,feature,P3-Low,-1,FIRST_TIME_CONTRIBUTOR,7,Dark mode theme preference toggle,Implement automatic dark mode switching based on CSS prefers-color-scheme media query.,Dark mode theme preference toggle Implement automatic dark mode switching based on CSS prefers-color-scheme media query.,16
2169,[Prod] Broken hyperlink in settings footer,Clicking 'Terms of Service' in user settings redirects to 404 page.,bug,P3-Low,-1,NONE,3,[Prod] Broken hyperlink in settings footer,Clicking 'Terms of Service' in user settings redirects to 404 page.,[Prod] Broken hyperlink in settings footer Clicking 'Terms of Service' in user settings redirects to 404 page.,17
1193,Dark mode theme preference toggle,Implement automatic dark mode switching based on CSS prefers-color-scheme media query.,feature,P3-Low,-1,FIRST_TIME_CONTRIBUTOR,7,Dark mode theme preference toggle,Implement automatic dark mode switching based on CSS prefers-color-scheme media query.,Dark mode theme preference toggle Implement automatic dark mode switching based on CSS prefers-color-scheme media query.,16
2321,Database connection pool exhausted under high concurrency,"HikariCP pool drops active connections after 500 concurrent requests. Error: Connection is not available, request timed out after 30000ms.",bug,P1-High,-1,NONE,3,Database connection pool exhausted under high concurrency,"HikariCP pool drops active connections after 500 concurrent requests. Error: Connection is not available, request timed out after 30000ms.","Database connection pool exhausted under high concurrency HikariCP pool drops active connections after 500 concurrent requests. Error: Connection is not available, request timed out after 30000ms.",26
2245,Database connection pool exhausted under high concurrency,"HikariCP pool drops active connections after 500 concurrent requests. Error: Connection is not available, request timed out after 30000ms.",bug,P1-High,-1,NONE,8,Database connection pool exhausted under high concurrency,"HikariCP pool drops active connections after 500 concurrent requests. Error: Connection is not available, request timed out after 30000ms.","Database connection pool exhausted under high concurrency HikariCP pool drops active connections after 500 concurrent requests. Error: Connection is not available, request timed out after 30000ms.",26
1208,Implement bulk item deletion in admin console,Allow administrators to select multiple user records and execute soft-delete in a single batch operation.,feature,P2-Medium,-1,NONE,5,Implement bulk item deletion in admin console,Allow administrators to select multiple user records and execute soft-delete in a single batch operation.,Implement bulk item deletion in admin console Allow administrators to select multiple user records and execute soft-delete in a single batch operation.,22
2194,Deadlock in order fulfillment distributed lock,Redis distributed lock fails to release when worker process receives SIGTERM during checkout transaction.,bug,P0-Critical,-1,CONTRIBUTOR,29,Deadlock in order fulfillment distributed lock,Redis distributed lock fails to release when worker process receives SIGTERM during checkout transaction.,Deadlock in order fulfillment distributed lock Redis distributed lock fails to release when worker process receives SIGTERM during checkout transaction.,20
1917,Slow SQL query on user activity feed endpoint,SELECT * FROM activities WHERE user_id = ? ORDER BY timestamp DESC takes 4.2 seconds on accounts with >50k events. Missing composite index.,performance,P1-High,-1,MEMBER,4,Slow SQL query on user activity feed endpoint,SELECT * FROM activities WHERE user_id = ? ORDER BY timestamp DESC takes 4.2 seconds on accounts with >50k events. Missing composite index.,Slow SQL query on user activity feed endpoint SELECT * FROM activities WHERE user_id = ? ORDER BY timestamp DESC takes 4.2 seconds on accounts with >50k events. Missing composite index.,31
1084,Add support for OAuth2 Google Login,Users need the ability to authenticate via Google OAuth2 with PKCE flow. Needs configuration for client ID and secret.,feature,P2-Medium,-1,FIRST_TIME_CONTRIBUTOR,5,Add support for OAuth2 Google Login,Users need the ability to authenticate via Google OAuth2 with PKCE flow. Needs configuration for client ID and secret.,Add support for OAuth2 Google Login Users need the ability to authenticate via Google OAuth2 with PKCE flow. Needs configuration for client ID and secret.,25
1831,Database connection pool exhausted under high concurrency,"HikariCP pool drops active connections after 500 concurrent requests. Error: Connection is not available, request timed out after 30000ms.",bug,P1-High,-1,CONTRIBUTOR,7,Database connection pool exhausted under high concurrency,"HikariCP pool drops active connections after 500 concurrent requests. Error: Connection is not available, request timed out after 30000ms.","Database connection pool exhausted under high concurrency HikariCP pool drops active connections after 500 concurrent requests. Error: Connection is not available, request timed out after 30000ms.",26
1829,Urgent: NullPointerException on user checkout,"When calling POST /api/v1/checkout with an empty cart item list, server throws NullPointerException at CheckoutService.java:142. Expected HTTP 400 Bad Request.",bug,P0-Critical,-1,CONTRIBUTOR,20,Urgent: NullPointerException on user checkout,"When calling POST /api/v1/checkout with an empty cart item list, server throws NullPointerException at CheckoutService.java:142. Expected HTTP 400 Bad Request.","Urgent: NullPointerException on user checkout When calling POST /api/v1/checkout with an empty cart item list, server throws NullPointerException at CheckoutService.java:142. Expected HTTP 400 Bad Request.",25
2129,Optimize Docker image layer caching to speed up CI,Re-installing heavy Python packages on every single commit causes CI build times to exceed 18 minutes.,performance,P2-Medium,-1,FIRST_TIME_CONTRIBUTOR,5,Optimize Docker image layer caching to speed up CI,Re-installing heavy Python packages on every single commit causes CI build times to exceed 18 minutes.,Optimize Docker image layer caching to speed up CI Re-installing heavy Python packages on every single commit causes CI build times to exceed 18 minutes.,25
1420,Dark mode theme preference toggle,Implement automatic dark mode switching based on CSS prefers-color-scheme media query.,feature,P3-Low,-1,CONTRIBUTOR,2,Dark mode theme preference toggle,Implement automatic dark mode switching based on CSS prefers-color-scheme media query.,Dark mode theme preference toggle Implement automatic dark mode switching based on CSS prefers-color-scheme media query.,16
1682,Support CSV export for monthly billing reports,Accounting teams require monthly transactions exported as standard RFC 4180 CSV files with tax breakdown.,feature,P2-Medium,-1,CONTRIBUTOR,1,Support CSV export for monthly billing reports,Accounting teams require monthly transactions exported as standard RFC 4180 CSV files with tax breakdown.,Support CSV export for monthly billing reports Accounting teams require monthly transactions exported as standard RFC 4180 CSV files with tax breakdown.,22
1739,Implement bulk item deletion in admin console,Allow administrators to select multiple user records and execute soft-delete in a single batch operation.,feature,P2-Medium,-1,MEMBER,4,Implement bulk item deletion in admin console,Allow administrators to select multiple user records and execute soft-delete in a single batch operation.,Implement bulk item deletion in admin console Allow administrators to select multiple user records and execute soft-delete in a single batch operation.,22
1363,API gateway p99 latency spikes above 1200ms,Downstream microservice connection timeouts lead to thread starvation in the upstream edge gateway.,performance,P1-High,-1,CONTRIBUTOR,5,API gateway p99 latency spikes above 1200ms,Downstream microservice connection timeouts lead to thread starvation in the upstream edge gateway.,API gateway p99 latency spikes above 1200ms Downstream microservice connection timeouts lead to thread starvation in the upstream edge gateway.,20
2455,Question: Checkbox state does not persist across tab switching,Form input resets when toggling between 'Account' and 'Billing' sub-tabs.,bug,P2-Medium,-1,MEMBER,2,Question: Checkbox state does not persist across tab switching,Form input resets when toggling between 'Account' and 'Billing' sub-tabs.,Question: Checkbox state does not persist across tab switching Form input resets when toggling between 'Account' and 'Billing' sub-tabs.,19
2391,Question: Memory leak in background token refresh worker,Process RSS memory grows continuously by ~50MB/hour. Profiling indicates unclosed TCP sessions in AuthService.,bug,P1-High,-1,NONE,1,Question: Memory leak in background token refresh worker,Process RSS memory grows continuously by ~50MB/hour. Profiling indicates unclosed TCP sessions in AuthService.,Question: Memory leak in background token refresh worker Process RSS memory grows continuously by ~50MB/hour. Profiling indicates unclosed TCP sessions in AuthService.,22
1859,Fix broken example code in Quickstart tutorial,The quickstart snippet for initializing the client client.connect() causes TypeError: missing 1 required positional argument 'api_key'.,documentation,P2-Medium,-1,MEMBER,7,Fix broken example code in Quickstart tutorial,The quickstart snippet for initializing the client client.connect() causes TypeError: missing 1 required positional argument 'api_key'.,Fix broken example code in Quickstart tutorial The quickstart snippet for initializing the client client.connect() causes TypeError: missing 1 required positional argument 'api_key'.,23
2463,Urgent: CSS overflow issue on mobile navigation drawer,"On iOS Safari viewport < 375px, the slide-over menu items clip outside the right screen border.",bug,P3-Low,-1,CONTRIBUTOR,3,Urgent: CSS overflow issue on mobile navigation drawer,"On iOS Safari viewport < 375px, the slide-over menu items clip outside the right screen border.","Urgent: CSS overflow issue on mobile navigation drawer On iOS Safari viewport < 375px, the slide-over menu items clip outside the right screen border.",24
1895,Slow SQL query on user activity feed endpoint,SELECT * FROM activities WHERE user_id = ? ORDER BY timestamp DESC takes 4.2 seconds on accounts with >50k events. Missing composite index.,performance,P1-High,-1,FIRST_TIME_CONTRIBUTOR,4,Slow SQL query on user activity feed endpoint,SELECT * FROM activities WHERE user_id = ? ORDER BY timestamp DESC takes 4.2 seconds on accounts with >50k events. Missing composite index.,Slow SQL query on user activity feed endpoint SELECT * FROM activities WHERE user_id = ? ORDER BY timestamp DESC takes 4.2 seconds on accounts with >50k events. Missing composite index.,31
2489,API gateway p99 latency spikes above 1200ms,Downstream microservice connection timeouts lead to thread starvation in the upstream edge gateway.,performance,P1-High,-1,CONTRIBUTOR,5,API gateway p99 latency spikes above 1200ms,Downstream microservice connection timeouts lead to thread starvation in the upstream edge gateway.,API gateway p99 latency spikes above 1200ms Downstream microservice connection timeouts lead to thread starvation in the upstream edge gateway.,20
1649,Update API documentation for v2 authentication header,"The current Swagger docs show 'Authorization: Token <key>', but v2 requires 'Authorization: Bearer <jwt>'.",documentation,P2-Medium,-1,CONTRIBUTOR,8,Update API documentation for v2 authentication header,"The current Swagger docs show 'Authorization: Token <key>', but v2 requires 'Authorization: Bearer <jwt>'.","Update API documentation for v2 authentication header The current Swagger docs show 'Authorization: Token <key>', but v2 requires 'Authorization: Bearer <jwt>'.",21
1438,Optimize Docker image layer caching to speed up CI,Re-installing heavy Python packages on every single commit causes CI build times to exceed 18 minutes.,performance,P2-Medium,-1,CONTRIBUTOR,4,Optimize Docker image layer caching to speed up CI,Re-installing heavy Python packages on every single commit causes CI build times to exceed 18 minutes.,Optimize Docker image layer caching to speed up CI Re-installing heavy Python packages on every single commit causes CI build times to exceed 18 minutes.,25
2001,Document Docker Compose local setup steps,Add troubleshooting section for port conflicts on Windows WSL2 when starting PostgreSQL container.,documentation,P3-Low,-1,NONE,7,Document Docker Compose local setup steps,Add troubleshooting section for port conflicts on Windows WSL2 when starting PostgreSQL container.,Document Docker Compose local setup steps Add troubleshooting section for port conflicts on Windows WSL2 when starting PostgreSQL container.,19
1984,[Bug Report] Deadlock in order fulfillment distributed lock,Redis distributed lock fails to release when worker process receives SIGTERM during checkout transaction.,bug,P0-Critical,-1,NONE,30,[Bug Report] Deadlock in order fulfillment distributed lock,Redis distributed lock fails to release when worker process receives SIGTERM during checkout transaction.,[Bug Report] Deadlock in order fulfillment distributed lock Redis distributed lock fails to release when worker process receives SIGTERM during checkout transaction.,22
1195,Implement bulk item deletion in admin console,Allow administrators to select multiple user records and execute soft-delete in a single batch operation.,feature,P2-Medium,-1,NONE,6,Implement bulk item deletion in admin console,Allow administrators to select multiple user records and execute soft-delete in a single batch operation.,Implement bulk item deletion in admin console Allow administrators to select multiple user records and execute soft-delete in a single batch operation.,22
1546,[Prod] Database connection pool exhausted under high concurrency,"HikariCP pool drops active connections after 500 concurrent requests. Error: Connection is not available, request timed out after 30000ms.",bug,P1-High,-1,FIRST_TIME_CONTRIBUTOR,6,[Prod] Database connection pool exhausted under high concurrency,"HikariCP pool drops active connections after 500 concurrent requests. Error: Connection is not available, request timed out after 30000ms.","[Prod] Database connection pool exhausted under high concurrency HikariCP pool drops active connections after 500 concurrent requests. Error: Connection is not available, request timed out after 30000ms.",27
1717,Urgent: CSS overflow issue on mobile navigation drawer,"On iOS Safari viewport < 375px, the slide-over menu items clip outside the right screen border.",bug,P3-Low,-1,NONE,2,Urgent: CSS overflow issue on mobile navigation drawer,"On iOS Safari viewport < 375px, the slide-over menu items clip outside the right screen border.","Urgent: CSS overflow issue on mobile navigation drawer On iOS Safari viewport < 375px, the slide-over menu items clip outside the right screen border.",24
1287,[Feature Request] Deadlock in order fulfillment distributed lock,Redis distributed lock fails to release when worker process receives SIGTERM during checkout transaction.,bug,P0-Critical,-1,FIRST_TIME_CONTRIBUTOR,24,[Feature Request] Deadlock in order fulfillment distributed lock,Redis distributed lock fails to release when worker process receives SIGTERM during checkout transaction.,[Feature Request] Deadlock in order fulfillment distributed lock Redis distributed lock fails to release when worker process receives SIGTERM during checkout transaction.,22
2173,Question: Checkbox state does not persist across tab switching,Form input resets when toggling between 'Account' and 'Billing' sub-tabs.,bug,P2-Medium,-1,CONTRIBUTOR,5,Question: Checkbox state does not persist across tab switching,Form input resets when toggling between 'Account' and 'Billing' sub-tabs.,Question: Checkbox state does not persist across tab switching Form input resets when toggling between 'Account' and 'Billing' sub-tabs.,19
2201,Add webhook notifications for payment success,Developers need outbound HTTP webhooks triggered on invoice.paid events with signature verification header.,feature,P1-High,-1,FIRST_TIME_CONTRIBUTOR,7,Add webhook notifications for payment success,Developers need outbound HTTP webhooks triggered on invoice.paid events with signature verification header.,Add webhook notifications for payment success Developers need outbound HTTP webhooks triggered on invoice.paid events with signature verification header.,19
1455,[Prod] CORS policy allows wildcard origin with credentials,"Access-Control-Allow-Origin is set to '*' while Access-Control-Allow-Credentials is true, violating CORS specification.",security,P1-High,-1,FIRST_TIME_CONTRIBUTOR,8,[Prod] CORS policy allows wildcard origin with credentials,"Access-Control-Allow-Origin is set to '*' while Access-Control-Allow-Credentials is true, violating CORS specification.","[Prod] CORS policy allows wildcard origin with credentials Access-Control-Allow-Origin is set to '*' while Access-Control-Allow-Credentials is true, violating CORS specification.",20
2438,[Bug Report] Broken hyperlink in settings footer,Clicking 'Terms of Service' in user settings redirects to 404 page.,bug,P3-Low,-1,MEMBER,5,[Bug Report] Broken hyperlink in settings footer,Clicking 'Terms of Service' in user settings redirects to 404 page.,[Bug Report] Broken hyperlink in settings footer Clicking 'Terms of Service' in user settings redirects to 404 page.,18
2197,Document Docker Compose local setup steps,Add troubleshooting section for port conflicts on Windows WSL2 when starting PostgreSQL container.,documentation,P3-Low,-1,CONTRIBUTOR,4,Document Docker Compose local setup steps,Add troubleshooting section for port conflicts on Windows WSL2 when starting PostgreSQL container.,Document Docker Compose local setup steps Add troubleshooting section for port conflicts on Windows WSL2 when starting PostgreSQL container.,19
1893,Broken hyperlink in settings footer,Clicking 'Terms of Service' in user settings redirects to 404 page.,bug,P3-Low,-1,FIRST_TIME_CONTRIBUTOR,5,Broken hyperlink in settings footer,Clicking 'Terms of Service' in user settings redirects to 404 page.,Broken hyperlink in settings footer Clicking 'Terms of Service' in user settings redirects to 404 page.,16
2028,Add architecture diagram to README,The repository needs an updated high-level diagram explaining the microservice event bus flow.,documentation,P3-Low,-1,NONE,4,Add architecture diagram to README,The repository needs an updated high-level diagram explaining the microservice event bus flow.,Add architecture diagram to README The repository needs an updated high-level diagram explaining the microservice event bus flow.,18
1638,Document Docker Compose local setup steps,Add troubleshooting section for port conflicts on Windows WSL2 when starting PostgreSQL container.,documentation,P3-Low,-1,FIRST_TIME_CONTRIBUTOR,5,Document Docker Compose local setup steps,Add troubleshooting section for port conflicts on Windows WSL2 when starting PostgreSQL container.,Document Docker Compose local setup steps Add troubleshooting section for port conflicts on Windows WSL2 when starting PostgreSQL container.,19
1035,Urgent: CSS overflow issue on mobile navigation drawer,"On iOS Safari viewport < 375px, the slide-over menu items clip outside the right screen border.",bug,P3-Low,-1,NONE,8,Urgent: CSS overflow issue on mobile navigation drawer,"On iOS Safari viewport < 375px, the slide-over menu items clip outside the right screen border.","Urgent: CSS overflow issue on mobile navigation drawer On iOS Safari viewport < 375px, the slide-over menu items clip outside the right screen border.",24
2104,Database connection pool exhausted under high concurrency,"HikariCP pool drops active connections after 500 concurrent requests. Error: Connection is not available, request timed out after 30000ms.",bug,P1-High,-1,FIRST_TIME_CONTRIBUTOR,3,Database connection pool exhausted under high concurrency,"HikariCP pool drops active connections after 500 concurrent requests. Error: Connection is not available, request timed out after 30000ms.","Database connection pool exhausted under high concurrency HikariCP pool drops active connections after 500 concurrent requests. Error: Connection is not available, request timed out after 30000ms.",26
1670,Question: Broken hyperlink in settings footer,Clicking 'Terms of Service' in user settings redirects to 404 page.,bug,P3-Low,-1,FIRST_TIME_CONTRIBUTOR,3,Question: Broken hyperlink in settings footer,Clicking 'Terms of Service' in user settings redirects to 404 page.,Question: Broken hyperlink in settings footer Clicking 'Terms of Service' in user settings redirects to 404 page.,17
1232,[Bug Report] Broken hyperlink in settings footer,Clicking 'Terms of Service' in user settings redirects to 404 page.,bug,P3-Low,-1,CONTRIBUTOR,6,[Bug Report] Broken hyperlink in settings footer,Clicking 'Terms of Service' in user settings redirects to 404 page.,[Bug Report] Broken hyperlink in settings footer Clicking 'Terms of Service' in user settings redirects to 404 page.,18
1395,Support CSV export for monthly billing reports,Accounting teams require monthly transactions exported as standard RFC 4180 CSV files with tax breakdown.,feature,P2-Medium,-1,CONTRIBUTOR,2,Support CSV export for monthly billing reports,Accounting teams require monthly transactions exported as standard RFC 4180 CSV files with tax breakdown.,Support CSV export for monthly billing reports Accounting teams require monthly transactions exported as standard RFC 4180 CSV files with tax breakdown.,22
1654,Deadlock in order fulfillment distributed lock,Redis distributed lock fails to release when worker process receives SIGTERM during checkout transaction.,bug,P0-Critical,-1,NONE,19,Deadlock in order fulfillment distributed lock,Redis distributed lock fails to release when worker process receives SIGTERM during checkout transaction.,Deadlock in order fulfillment distributed lock Redis distributed lock fails to release when worker process receives SIGTERM during checkout transaction.,20
1239,Dark mode theme preference toggle,Implement automatic dark mode switching based on CSS prefers-color-scheme media query.,feature,P3-Low,-1,CONTRIBUTOR,1,Dark mode theme preference toggle,Implement automatic dark mode switching based on CSS prefers-color-scheme media query.,Dark mode theme preference toggle Implement automatic dark mode switching based on CSS prefers-color-scheme media query.,16
1116,Dark mode theme preference toggle,Implement automatic dark mode switching based on CSS prefers-color-scheme media query.,feature,P3-Low,-1,NONE,7,Dark mode theme preference toggle,Implement automatic dark mode switching based on CSS prefers-color-scheme media query.,Dark mode theme preference toggle Implement automatic dark mode switching based on CSS prefers-color-scheme media query.,16
1030,Urgent: Checkbox state does not persist across tab switching,Form input resets when toggling between 'Account' and 'Billing' sub-tabs.,bug,P2-Medium,-1,NONE,4,Urgent: Checkbox state does not persist across tab switching,Form input resets when toggling between 'Account' and 'Billing' sub-tabs.,Urgent: Checkbox state does not persist across tab switching Form input resets when toggling between 'Account' and 'Billing' sub-tabs.,19
1730,[Prod] Deadlock in order fulfillment distributed lock,Redis distributed lock fails to release when worker process receives SIGTERM during checkout transaction.,bug,P0-Critical,-1,FIRST_TIME_CONTRIBUTOR,18,[Prod] Deadlock in order fulfillment distributed lock,Redis distributed lock fails to release when worker process receives SIGTERM during checkout transaction.,[Prod] Deadlock in order fulfillment distributed lock Redis distributed lock fails to release when worker process receives SIGTERM during checkout transaction.,21
1607,API gateway p99 latency spikes above 1200ms,Downstream microservice connection timeouts lead to thread starvation in the upstream edge gateway.,performance,P1-High,-1,CONTRIBUTOR,2,API gateway p99 latency spikes above 1200ms,Downstream microservice connection timeouts lead to thread starvation in the upstream edge gateway.,API gateway p99 latency spikes above 1200ms Downstream microservice connection timeouts lead to thread starvation in the upstream edge gateway.,20
1054,Memory leak in background token refresh worker,Process RSS memory grows continuously by ~50MB/hour. Profiling indicates unclosed TCP sessions in AuthService.,bug,P1-High,-1,NONE,7,Memory leak in background token refresh worker,Process RSS memory grows continuously by ~50MB/hour. Profiling indicates unclosed TCP sessions in AuthService.,Memory leak in background token refresh worker Process RSS memory grows continuously by ~50MB/hour. Profiling indicates unclosed TCP sessions in AuthService.,21
1172,[Prod] Database connection pool exhausted under high concurrency,"HikariCP pool drops active connections after 500 concurrent requests. Error: Connection is not available, request timed out after 30000ms.",bug,P1-High,-1,CONTRIBUTOR,3,[Prod] Database connection pool exhausted under high concurrency,"HikariCP pool drops active connections after 500 concurrent requests. Error: Connection is not available, request timed out after 30000ms.","[Prod] Database connection pool exhausted under high concurrency HikariCP pool drops active connections after 500 concurrent requests. Error: Connection is not available, request timed out after 30000ms.",27
1254,Urgent: CSS overflow issue on mobile navigation drawer,"On iOS Safari viewport < 375px, the slide-over menu items clip outside the right screen border.",bug,P3-Low,-1,MEMBER,0,Urgent: CSS overflow issue on mobile navigation drawer,"On iOS Safari viewport < 375px, the slide-over menu items clip outside the right screen border.","Urgent: CSS overflow issue on mobile navigation drawer On iOS Safari viewport < 375px, the slide-over menu items clip outside the right screen border.",24
1169,Document Docker Compose local setup steps,Add troubleshooting section for port conflicts on Windows WSL2 when starting PostgreSQL container.,documentation,P3-Low,-1,FIRST_TIME_CONTRIBUTOR,7,Document Docker Compose local setup steps,Add troubleshooting section for port conflicts on Windows WSL2 when starting PostgreSQL container.,Document Docker Compose local setup steps Add troubleshooting section for port conflicts on Windows WSL2 when starting PostgreSQL container.,19
1657,Dark mode theme preference toggle,Implement automatic dark mode switching based on CSS prefers-color-scheme media query.,feature,P3-Low,-1,MEMBER,2,Dark mode theme preference toggle,Implement automatic dark mode switching based on CSS prefers-color-scheme media query.,Dark mode theme preference toggle Implement automatic dark mode switching based on CSS prefers-color-scheme media query.,16
2120,Implement bulk item deletion in admin console,Allow administrators to select multiple user records and execute soft-delete in a single batch operation.,feature,P2-Medium,-1,MEMBER,2,Implement bulk item deletion in admin console,Allow administrators to select multiple user records and execute soft-delete in a single batch operation.,Implement bulk item deletion in admin console Allow administrators to select multiple user records and execute soft-delete in a single batch operation.,22
2067,[Bug Report] Insecure direct object reference (IDOR) on document download,Authenticated users can access arbitrary tenant invoices by altering the numeric invoice_id in the URL.,security,P0-Critical,-1,FIRST_TIME_CONTRIBUTOR,9,[Bug Report] Insecure direct object reference (IDOR) on document download,Authenticated users can access arbitrary tenant invoices by altering the numeric invoice_id in the URL.,[Bug Report] Insecure direct object reference (IDOR) on document download Authenticated users can access arbitrary tenant invoices by altering the numeric invoice_id in the URL.,25
2093,Dark mode theme preference toggle,Implement automatic dark mode switching based on CSS prefers-color-scheme media query.,feature,P3-Low,-1,MEMBER,7,Dark mode theme preference toggle,Implement automatic dark mode switching based on CSS prefers-color-scheme media query.,Dark mode theme preference toggle Implement automatic dark mode switching based on CSS prefers-color-scheme media query.,16
1691,[Prod] Database connection pool exhausted under high concurrency,"HikariCP pool drops active connections after 500 concurrent requests. Error: Connection is not available, request timed out after 30000ms.",bug,P1-High,-1,NONE,1,[Prod] Database connection pool exhausted under high concurrency,"HikariCP pool drops active connections after 500 concurrent requests. Error: Connection is not available, request timed out after 30000ms.","[Prod] Database connection pool exhausted under high concurrency HikariCP pool drops active connections after 500 concurrent requests. Error: Connection is not available, request timed out after 30000ms.",27
2192,Question: Checkbox state does not persist across tab switching,Form input resets when toggling between 'Account' and 'Billing' sub-tabs.,bug,P2-Medium,-1,NONE,5,Question: Checkbox state does not persist across tab switching,Form input resets when toggling between 'Account' and 'Billing' sub-tabs.,Question: Checkbox state does not persist across tab switching Form input resets when toggling between 'Account' and 'Billing' sub-tabs.,19
1057,High CPU utilization in regex router matching,Regex matching in URL routing consumes 85% CPU during high request spikes due to catastrophic backtracking in greedy pattern.,performance,P1-High,-1,NONE,6,High CPU utilization in regex router matching,Regex matching in URL routing consumes 85% CPU during high request spikes due to catastrophic backtracking in greedy pattern.,High CPU utilization in regex router matching Regex matching in URL routing consumes 85% CPU during high request spikes due to catastrophic backtracking in greedy pattern.,26
1915,Urgent: Database connection pool exhausted under high concurrency,"HikariCP pool drops active connections after 500 concurrent requests. Error: Connection is not available, request timed out after 30000ms.",bug,P1-High,-1,NONE,0,Urgent: Database connection pool exhausted under high concurrency,"HikariCP pool drops active connections after 500 concurrent requests. Error: Connection is not available, request timed out after 30000ms.","Urgent: Database connection pool exhausted under high concurrency HikariCP pool drops active connections after 500 concurrent requests. Error: Connection is not available, request timed out after 30000ms.",27
1166,Add support for OAuth2 Google Login,Users need the ability to authenticate via Google OAuth2 with PKCE flow. Needs configuration for client ID and secret.,feature,P2-Medium,-1,CONTRIBUTOR,2,Add support for OAuth2 Google Login,Users need the ability to authenticate via Google OAuth2 with PKCE flow. Needs configuration for client ID and secret.,Add support for OAuth2 Google Login Users need the ability to authenticate via Google OAuth2 with PKCE flow. Needs configuration for client ID and secret.,25
1435,[Feature Request] CSS overflow issue on mobile navigation drawer,"On iOS Safari viewport < 375px, the slide-over menu items clip outside the right screen border.",bug,P3-Low,-1,MEMBER,8,[Feature Request] CSS overflow issue on mobile navigation drawer,"On iOS Safari viewport < 375px, the slide-over menu items clip outside the right screen border.","[Feature Request] CSS overflow issue on mobile navigation drawer On iOS Safari viewport < 375px, the slide-over menu items clip outside the right screen border.",25
1977,Add webhook notifications for payment success,Developers need outbound HTTP webhooks triggered on invoice.paid events with signature verification header.,feature,P1-High,-1,MEMBER,3,Add webhook notifications for payment success,Developers need outbound HTTP webhooks triggered on invoice.paid events with signature verification header.,Add webhook notifications for payment success Developers need outbound HTTP webhooks triggered on invoice.paid events with signature verification header.,19
1415,Document Docker Compose local setup steps,Add troubleshooting section for port conflicts on Windows WSL2 when starting PostgreSQL container.,documentation,P3-Low,-1,MEMBER,2,Document Docker Compose local setup steps,Add troubleshooting section for port conflicts on Windows WSL2 when starting PostgreSQL container.,Document Docker Compose local setup steps Add troubleshooting section for port conflicts on Windows WSL2 when starting PostgreSQL container.,19
1145,Urgent: Broken hyperlink in settings footer,Clicking 'Terms of Service' in user settings redirects to 404 page.,bug,P3-Low,-1,FIRST_TIME_CONTRIBUTOR,8,Urgent: Broken hyperlink in settings footer,Clicking 'Terms of Service' in user settings redirects to 404 page.,Urgent: Broken hyperlink in settings footer Clicking 'Terms of Service' in user settings redirects to 404 page.,17
2222,Update API documentation for v2 authentication header,"The current Swagger docs show 'Authorization: Token <key>', but v2 requires 'Authorization: Bearer <jwt>'.",documentation,P2-Medium,-1,MEMBER,5,Update API documentation for v2 authentication header,"The current Swagger docs show 'Authorization: Token <key>', but v2 requires 'Authorization: Bearer <jwt>'.","Update API documentation for v2 authentication header The current Swagger docs show 'Authorization: Token <key>', but v2 requires 'Authorization: Bearer <jwt>'.",21
1241,High CPU utilization in regex router matching,Regex matching in URL routing consumes 85% CPU during high request spikes due to catastrophic backtracking in greedy pattern.,performance,P1-High,-1,FIRST_TIME_CONTRIBUTOR,1,High CPU utilization in regex router matching,Regex matching in URL routing consumes 85% CPU during high request spikes due to catastrophic backtracking in greedy pattern.,High CPU utilization in regex router matching Regex matching in URL routing consumes 85% CPU during high request spikes due to catastrophic backtracking in greedy pattern.,26
1437,Urgent: Insecure direct object reference (IDOR) on document download,Authenticated users can access arbitrary tenant invoices by altering the numeric invoice_id in the URL.,security,P0-Critical,-1,CONTRIBUTOR,14,Urgent: Insecure direct object reference (IDOR) on document download,Authenticated users can access arbitrary tenant invoices by altering the numeric invoice_id in the URL.,Urgent: Insecure direct object reference (IDOR) on document download Authenticated users can access arbitrary tenant invoices by altering the numeric invoice_id in the URL.,24
2234,Dark mode theme preference toggle,Implement automatic dark mode switching based on CSS prefers-color-scheme media query.,feature,P3-Low,-1,MEMBER,3,Dark mode theme preference toggle,Implement automatic dark mode switching based on CSS prefers-color-scheme media query.,Dark mode theme preference toggle Implement automatic dark mode switching based on CSS prefers-color-scheme media query.,16
1803,[Prod] CSS overflow issue on mobile navigation drawer,"On iOS Safari viewport < 375px, the slide-over menu items clip outside the right screen border.",bug,P3-Low,-1,MEMBER,3,[Prod] CSS overflow issue on mobile navigation drawer,"On iOS Safari viewport < 375px, the slide-over menu items clip outside the right screen border.","[Prod] CSS overflow issue on mobile navigation drawer On iOS Safari viewport < 375px, the slide-over menu items clip outside the right screen border.",24
1828,Fix broken example code in Quickstart tutorial,The quickstart snippet for initializing the client client.connect() causes TypeError: missing 1 required positional argument 'api_key'.,documentation,P2-Medium,-1,FIRST_TIME_CONTRIBUTOR,5,Fix broken example code in Quickstart tutorial,The quickstart snippet for initializing the client client.connect() causes TypeError: missing 1 required positional argument 'api_key'.,Fix broken example code in Quickstart tutorial The quickstart snippet for initializing the client client.connect() causes TypeError: missing 1 required positional argument 'api_key'.,23
1539,Implement bulk item deletion in admin console,Allow administrators to select multiple user records and execute soft-delete in a single batch operation.,feature,P2-Medium,-1,MEMBER,6,Implement bulk item deletion in admin console,Allow administrators to select multiple user records and execute soft-delete in a single batch operation.,Implement bulk item deletion in admin console Allow administrators to select multiple user records and execute soft-delete in a single batch operation.,22
2259,[Prod] Checkbox state does not persist across tab switching,Form input resets when toggling between 'Account' and 'Billing' sub-tabs.,bug,P2-Medium,-1,MEMBER,4,[Prod] Checkbox state does not persist across tab switching,Form input resets when toggling between 'Account' and 'Billing' sub-tabs.,[Prod] Checkbox state does not persist across tab switching Form input resets when toggling between 'Account' and 'Billing' sub-tabs.,19
1716,Add architecture diagram to README,The repository needs an updated high-level diagram explaining the microservice event bus flow.,documentation,P3-Low,-1,MEMBER,2,Add architecture diagram to README,The repository needs an updated high-level diagram explaining the microservice event bus flow.,Add architecture diagram to README The repository needs an updated high-level diagram explaining the microservice event bus flow.,18
1416,Document Docker Compose local setup steps,Add troubleshooting section for port conflicts on Windows WSL2 when starting PostgreSQL container.,documentation,P3-Low,-1,NONE,5,Document Docker Compose local setup steps,Add troubleshooting section for port conflicts on Windows WSL2 when starting PostgreSQL container.,Document Docker Compose local setup steps Add troubleshooting section for port conflicts on Windows WSL2 when starting PostgreSQL container.,19
1804,[Prod] Checkbox state does not persist across tab switching,Form input resets when toggling between 'Account' and 'Billing' sub-tabs.,bug,P2-Medium,-1,CONTRIBUTOR,5,[Prod] Checkbox state does not persist across tab switching,Form input resets when toggling between 'Account' and 'Billing' sub-tabs.,[Prod] Checkbox state does not persist across tab switching Form input resets when toggling between 'Account' and 'Billing' sub-tabs.,19
2478,Update API documentation for v2 authentication header,"The current Swagger docs show 'Authorization: Token <key>', but v2 requires 'Authorization: Bearer <jwt>'.",documentation,P2-Medium,-1,CONTRIBUTOR,8,Update API documentation for v2 authentication header,"The current Swagger docs show 'Authorization: Token <key>', but v2 requires 'Authorization: Bearer <jwt>'.","Update API documentation for v2 authentication header The current Swagger docs show 'Authorization: Token <key>', but v2 requires 'Authorization: Bearer <jwt>'.",21
1332,Dark mode theme preference toggle,Implement automatic dark mode switching based on CSS prefers-color-scheme media query.,feature,P3-Low,-1,FIRST_TIME_CONTRIBUTOR,6,Dark mode theme preference toggle,Implement automatic dark mode switching based on CSS prefers-color-scheme media query.,Dark mode theme preference toggle Implement automatic dark mode switching based on CSS prefers-color-scheme media query.,16
2317,Support CSV export for monthly billing reports,Accounting teams require monthly transactions exported as standard RFC 4180 CSV files with tax breakdown.,feature,P2-Medium,-1,NONE,5,Support CSV export for monthly billing reports,Accounting teams require monthly transactions exported as standard RFC 4180 CSV files with tax breakdown.,Support CSV export for monthly billing reports Accounting teams require monthly transactions exported as standard RFC 4180 CSV files with tax breakdown.,22
2167,[Prod] Database connection pool exhausted under high concurrency,"HikariCP pool drops active connections after 500 concurrent requests. Error: Connection is not available, request timed out after 30000ms.",bug,P1-High,-1,CONTRIBUTOR,5,[Prod] Database connection pool exhausted under high concurrency,"HikariCP pool drops active connections after 500 concurrent requests. Error: Connection is not available, request timed out after 30000ms.","[Prod] Database connection pool exhausted under high concurrency HikariCP pool drops active connections after 500 concurrent requests. Error: Connection is not available, request timed out after 30000ms.",27
2464,Update API documentation for v2 authentication header,"The current Swagger docs show 'Authorization: Token <key>', but v2 requires 'Authorization: Bearer <jwt>'.",documentation,P2-Medium,-1,FIRST_TIME_CONTRIBUTOR,6,Update API documentation for v2 authentication header,"The current Swagger docs show 'Authorization: Token <key>', but v2 requires 'Authorization: Bearer <jwt>'.","Update API documentation for v2 authentication header The current Swagger docs show 'Authorization: Token <key>', but v2 requires 'Authorization: Bearer <jwt>'.",21
1833,Add webhook notifications for payment success,Developers need outbound HTTP webhooks triggered on invoice.paid events with signature verification header.,feature,P1-High,-1,MEMBER,4,Add webhook notifications for payment success,Developers need outbound HTTP webhooks triggered on invoice.paid events with signature verification header.,Add webhook notifications for payment success Developers need outbound HTTP webhooks triggered on invoice.paid events with signature verification header.,19
2412,[Feature Request] CSS overflow issue on mobile navigation drawer,"On iOS Safari viewport < 375px, the slide-over menu items clip outside the right screen border.",bug,P3-Low,-1,FIRST_TIME_CONTRIBUTOR,5,[Feature Request] CSS overflow issue on mobile navigation drawer,"On iOS Safari viewport < 375px, the slide-over menu items clip outside the right screen border.","[Feature Request] CSS overflow issue on mobile navigation drawer On iOS Safari viewport < 375px, the slide-over menu items clip outside the right screen border.",25
1365,Document Docker Compose local setup steps,Add troubleshooting section for port conflicts on Windows WSL2 when starting PostgreSQL container.,documentation,P3-Low,-1,FIRST_TIME_CONTRIBUTOR,1,Document Docker Compose local setup steps,Add troubleshooting section for port conflicts on Windows WSL2 when starting PostgreSQL container.,Document Docker Compose local setup steps Add troubleshooting section for port conflicts on Windows WSL2 when starting PostgreSQL container.,19
2007,Dark mode theme preference toggle,Implement automatic dark mode switching based on CSS prefers-color-scheme media query.,feature,P3-Low,-1,MEMBER,3,Dark mode theme preference toggle,Implement automatic dark mode switching based on CSS prefers-color-scheme media query.,Dark mode theme preference toggle Implement automatic dark mode switching based on CSS prefers-color-scheme media query.,16
1064,Support CSV export for monthly billing reports,Accounting teams require monthly transactions exported as standard RFC 4180 CSV files with tax breakdown.,feature,P2-Medium,-1,NONE,6,Support CSV export for monthly billing reports,Accounting teams require monthly transactions exported as standard RFC 4180 CSV files with tax breakdown.,Support CSV export for monthly billing reports Accounting teams require monthly transactions exported as standard RFC 4180 CSV files with tax breakdown.,22
1731,Optimize Docker image layer caching to speed up CI,Re-installing heavy Python packages on every single commit causes CI build times to exceed 18 minutes.,performance,P2-Medium,-1,FIRST_TIME_CONTRIBUTOR,8,Optimize Docker image layer caching to speed up CI,Re-installing heavy Python packages on every single commit causes CI build times to exceed 18 minutes.,Optimize Docker image layer caching to speed up CI Re-installing heavy Python packages on every single commit causes CI build times to exceed 18 minutes.,25
1199,Add webhook notifications for payment success,Developers need outbound HTTP webhooks triggered on invoice.paid events with signature verification header.,feature,P1-High,-1,CONTRIBUTOR,3,Add webhook notifications for payment success,Developers need outbound HTTP webhooks triggered on invoice.paid events with signature verification header.,Add webhook notifications for payment success Developers need outbound HTTP webhooks triggered on invoice.paid events with signature verification header.,19
1204,Dark mode theme preference toggle,Implement automatic dark mode switching based on CSS prefers-color-scheme media query.,feature,P3-Low,-1,CONTRIBUTOR,3,Dark mode theme preference toggle,Implement automatic dark mode switching based on CSS prefers-color-scheme media query.,Dark mode theme preference toggle Implement automatic dark mode switching based on CSS prefers-color-scheme media query.,16
1879,Add webhook notifications for payment success,Developers need outbound HTTP webhooks triggered on invoice.paid events with signature verification header.,feature,P1-High,-1,MEMBER,8,Add webhook notifications for payment success,Developers need outbound HTTP webhooks triggered on invoice.paid events with signature verification header.,Add webhook notifications for payment success Developers need outbound HTTP webhooks triggered on invoice.paid events with signature verification header.,19
1590,[Bug Report] Memory leak in background token refresh worker,Process RSS memory grows continuously by ~50MB/hour. Profiling indicates unclosed TCP sessions in AuthService.,bug,P1-High,-1,CONTRIBUTOR,1,[Bug Report] Memory leak in background token refresh worker,Process RSS memory grows continuously by ~50MB/hour. Profiling indicates unclosed TCP sessions in AuthService.,[Bug Report] Memory leak in background token refresh worker Process RSS memory grows continuously by ~50MB/hour. Profiling indicates unclosed TCP sessions in AuthService.,23
1766,[Bug Report] Broken hyperlink in settings footer,Clicking 'Terms of Service' in user settings redirects to 404 page.,bug,P3-Low,-1,FIRST_TIME_CONTRIBUTOR,4,[Bug Report] Broken hyperlink in settings footer,Clicking 'Terms of Service' in user settings redirects to 404 page.,[Bug Report] Broken hyperlink in settings footer Clicking 'Terms of Service' in user settings redirects to 404 page.,18
2262,Document Docker Compose local setup steps,Add troubleshooting section for port conflicts on Windows WSL2 when starting PostgreSQL container.,documentation,P3-Low,-1,FIRST_TIME_CONTRIBUTOR,6,Document Docker Compose local setup steps,Add troubleshooting section for port conflicts on Windows WSL2 when starting PostgreSQL container.,Document Docker Compose local setup steps Add troubleshooting section for port conflicts on Windows WSL2 when starting PostgreSQL container.,19
1635,Support CSV export for monthly billing reports,Accounting teams require monthly transactions exported as standard RFC 4180 CSV files with tax breakdown.,feature,P2-Medium,-1,MEMBER,7,Support CSV export for monthly billing reports,Accounting teams require monthly transactions exported as standard RFC 4180 CSV files with tax breakdown.,Support CSV export for monthly billing reports Accounting teams require monthly transactions exported as standard RFC 4180 CSV files with tax breakdown.,22
2060,[Feature Request] Deadlock in order fulfillment distributed lock,Redis distributed lock fails to release when worker process receives SIGTERM during checkout transaction.,bug,P0-Critical,-1,MEMBER,12,[Feature Request] Deadlock in order fulfillment distributed lock,Redis distributed lock fails to release when worker process receives SIGTERM during checkout transaction.,[Feature Request] Deadlock in order fulfillment distributed lock Redis distributed lock fails to release when worker process receives SIGTERM during checkout transaction.,22
2364,Update API documentation for v2 authentication header,"The current Swagger docs show 'Authorization: Token <key>', but v2 requires 'Authorization: Bearer <jwt>'.",documentation,P2-Medium,-1,MEMBER,4,Update API documentation for v2 authentication header,"The current Swagger docs show 'Authorization: Token <key>', but v2 requires 'Authorization: Bearer <jwt>'.","Update API documentation for v2 authentication header The current Swagger docs show 'Authorization: Token <key>', but v2 requires 'Authorization: Bearer <jwt>'.",21
1315,[Feature Request] Checkbox state does not persist across tab switching,Form input resets when toggling between 'Account' and 'Billing' sub-tabs.,bug,P2-Medium,-1,CONTRIBUTOR,8,[Feature Request] Checkbox state does not persist across tab switching,Form input resets when toggling between 'Account' and 'Billing' sub-tabs.,[Feature Request] Checkbox state does not persist across tab switching Form input resets when toggling between 'Account' and 'Billing' sub-tabs.,20
2124,[Prod] Memory leak in background token refresh worker,Process RSS memory grows continuously by ~50MB/hour. Profiling indicates unclosed TCP sessions in AuthService.,bug,P1-High,-1,MEMBER,4,[Prod] Memory leak in background token refresh worker,Process RSS memory grows continuously by ~50MB/hour. Profiling indicates unclosed TCP sessions in AuthService.,[Prod] Memory leak in background token refresh worker Process RSS memory grows continuously by ~50MB/hour. Profiling indicates unclosed TCP sessions in AuthService.,22
1958,Implement bulk item deletion in admin console,Allow administrators to select multiple user records and execute soft-delete in a single batch operation.,feature,P2-Medium,-1,FIRST_TIME_CONTRIBUTOR,2,Implement bulk item deletion in admin console,Allow administrators to select multiple user records and execute soft-delete in a single batch operation.,Implement bulk item deletion in admin console Allow administrators to select multiple user records and execute soft-delete in a single batch operation.,22
1908,Support CSV export for monthly billing reports,Accounting teams require monthly transactions exported as standard RFC 4180 CSV files with tax breakdown.,feature,P2-Medium,-1,FIRST_TIME_CONTRIBUTOR,3,Support CSV export for monthly billing reports,Accounting teams require monthly transactions exported as standard RFC 4180 CSV files with tax breakdown.,Support CSV export for monthly billing reports Accounting teams require monthly transactions exported as standard RFC 4180 CSV files with tax breakdown.,22
1326,Implement bulk item deletion in admin console,Allow administrators to select multiple user records and execute soft-delete in a single batch operation.,feature,P2-Medium,-1,NONE,8,Implement bulk item deletion in admin console,Allow administrators to select multiple user records and execute soft-delete in a single batch operation.,Implement bulk item deletion in admin console Allow administrators to select multiple user records and execute soft-delete in a single batch operation.,22
1960,Urgent: NullPointerException on user checkout,"When calling POST /api/v1/checkout with an empty cart item list, server throws NullPointerException at CheckoutService.java:142. Expected HTTP 400 Bad Request.",bug,P0-Critical,-1,NONE,9,Urgent: NullPointerException on user checkout,"When calling POST /api/v1/checkout with an empty cart item list, server throws NullPointerException at CheckoutService.java:142. Expected HTTP 400 Bad Request.","Urgent: NullPointerException on user checkout When calling POST /api/v1/checkout with an empty cart item list, server throws NullPointerException at CheckoutService.java:142. Expected HTTP 400 Bad Request.",25
2298,Urgent: Checkbox state does not persist across tab switching,Form input resets when toggling between 'Account' and 'Billing' sub-tabs.,bug,P2-Medium,-1,NONE,2,Urgent: Checkbox state does not persist across tab switching,Form input resets when toggling between 'Account' and 'Billing' sub-tabs.,Urgent: Checkbox state does not persist across tab switching Form input resets when toggling between 'Account' and 'Billing' sub-tabs.,19
1841,Fix broken example code in Quickstart tutorial,The quickstart snippet for initializing the client client.connect() causes TypeError: missing 1 required positional argument 'api_key'.,documentation,P2-Medium,-1,CONTRIBUTOR,1,Fix broken example code in Quickstart tutorial,The quickstart snippet for initializing the client client.connect() causes TypeError: missing 1 required positional argument 'api_key'.,Fix broken example code in Quickstart tutorial The quickstart snippet for initializing the client client.connect() causes TypeError: missing 1 required positional argument 'api_key'.,23
1617,Question: NullPointerException on user checkout,"When calling POST /api/v1/checkout with an empty cart item list, server throws NullPointerException at CheckoutService.java:142. Expected HTTP 400 Bad Request.",bug,P0-Critical,-1,FIRST_TIME_CONTRIBUTOR,7,Question: NullPointerException on user checkout,"When calling POST /api/v1/checkout with an empty cart item list, server throws NullPointerException at CheckoutService.java:142. Expected HTTP 400 Bad Request.","Question: NullPointerException on user checkout When calling POST /api/v1/checkout with an empty cart item list, server throws NullPointerException at CheckoutService.java:142. Expected HTTP 400 Bad Request.",25
1845,Add webhook notifications for payment success,Developers need outbound HTTP webhooks triggered on invoice.paid events with signature verification header.,feature,P1-High,-1,FIRST_TIME_CONTRIBUTOR,1,Add webhook notifications for payment success,Developers need outbound HTTP webhooks triggered on invoice.paid events with signature verification header.,Add webhook notifications for payment success Developers need outbound HTTP webhooks triggered on invoice.paid events with signature verification header.,19
2315,Broken hyperlink in settings footer,Clicking 'Terms of Service' in user settings redirects to 404 page.,bug,P3-Low,-1,FIRST_TIME_CONTRIBUTOR,4,Broken hyperlink in settings footer,Clicking 'Terms of Service' in user settings redirects to 404 page.,Broken hyperlink in settings footer Clicking 'Terms of Service' in user settings redirects to 404 page.,16
2344,Add support for OAuth2 Google Login,Users need the ability to authenticate via Google OAuth2 with PKCE flow. Needs configuration for client ID and secret.,feature,P2-Medium,-1,MEMBER,8,Add support for OAuth2 Google Login,Users need the ability to authenticate via Google OAuth2 with PKCE flow. Needs configuration for client ID and secret.,Add support for OAuth2 Google Login Users need the ability to authenticate via Google OAuth2 with PKCE flow. Needs configuration for client ID and secret.,25
2033,Implement bulk item deletion in admin console,Allow administrators to select multiple user records and execute soft-delete in a single batch operation.,feature,P2-Medium,-1,MEMBER,2,Implement bulk item deletion in admin console,Allow administrators to select multiple user records and execute soft-delete in a single batch operation.,Implement bulk item deletion in admin console Allow administrators to select multiple user records and execute soft-delete in a single batch operation.,22
2126,Document Docker Compose local setup steps,Add troubleshooting section for port conflicts on Windows WSL2 when starting PostgreSQL container.,documentation,P3-Low,-1,FIRST_TIME_CONTRIBUTOR,2,Document Docker Compose local setup steps,Add troubleshooting section for port conflicts on Windows WSL2 when starting PostgreSQL container.,Document Docker Compose local setup steps Add troubleshooting section for port conflicts on Windows WSL2 when starting PostgreSQL container.,19
1821,Add support for OAuth2 Google Login,Users need the ability to authenticate via Google OAuth2 with PKCE flow. Needs configuration for client ID and secret.,feature,P2-Medium,-1,NONE,0,Add support for OAuth2 Google Login,Users need the ability to authenticate via Google OAuth2 with PKCE flow. Needs configuration for client ID and secret.,Add support for OAuth2 Google Login Users need the ability to authenticate via Google OAuth2 with PKCE flow. Needs configuration for client ID and secret.,25
1798,Optimize Docker image layer caching to speed up CI,Re-installing heavy Python packages on every single commit causes CI build times to exceed 18 minutes.,performance,P2-Medium,-1,CONTRIBUTOR,1,Optimize Docker image layer caching to speed up CI,Re-installing heavy Python packages on every single commit causes CI build times to exceed 18 minutes.,Optimize Docker image layer caching to speed up CI Re-installing heavy Python packages on every single commit causes CI build times to exceed 18 minutes.,25
1120,Urgent: UnicodeDecodeError when parsing multibyte UTF-8 input,The JSON parser crashes on emoji input with UnicodeDecodeError: 'utf-8' codec can't decode byte 0xed in position 12.,bug,P2-Medium,-1,FIRST_TIME_CONTRIBUTOR,7,Urgent: UnicodeDecodeError when parsing multibyte UTF-8 input,The JSON parser crashes on emoji input with UnicodeDecodeError: 'utf-8' codec can't decode byte 0xed in position 12.,Urgent: UnicodeDecodeError when parsing multibyte UTF-8 input The JSON parser crashes on emoji input with UnicodeDecodeError: 'utf-8' codec can't decode byte 0xed in position 12.,25
1218,Implement bulk item deletion in admin console,Allow administrators to select multiple user records and execute soft-delete in a single batch operation.,feature,P2-Medium,-1,CONTRIBUTOR,2,Implement bulk item deletion in admin console,Allow administrators to select multiple user records and execute soft-delete in a single batch operation.,Implement bulk item deletion in admin console Allow administrators to select multiple user records and execute soft-delete in a single batch operation.,22
1170,[Bug Report] Deadlock in order fulfillment distributed lock,Redis distributed lock fails to release when worker process receives SIGTERM during checkout transaction.,bug,P0-Critical,-1,NONE,23,[Bug Report] Deadlock in order fulfillment distributed lock,Redis distributed lock fails to release when worker process receives SIGTERM during checkout transaction.,[Bug Report] Deadlock in order fulfillment distributed lock Redis distributed lock fails to release when worker process receives SIGTERM during checkout transaction.,22
1203,Dark mode theme preference toggle,Implement automatic dark mode switching based on CSS prefers-color-scheme media query.,feature,P3-Low,-1,FIRST_TIME_CONTRIBUTOR,5,Dark mode theme preference toggle,Implement automatic dark mode switching based on CSS prefers-color-scheme media query.,Dark mode theme preference toggle Implement automatic dark mode switching based on CSS prefers-color-scheme media query.,16
1650,Broken hyperlink in settings footer,Clicking 'Terms of Service' in user settings redirects to 404 page.,bug,P3-Low,-1,CONTRIBUTOR,8,Broken hyperlink in settings footer,Clicking 'Terms of Service' in user settings redirects to 404 page.,Broken hyperlink in settings footer Clicking 'Terms of Service' in user settings redirects to 404 page.,16
1594,[Bug Report] CSS overflow issue on mobile navigation drawer,"On iOS Safari viewport < 375px, the slide-over menu items clip outside the right screen border.",bug,P3-Low,-1,NONE,7,[Bug Report] CSS overflow issue on mobile navigation drawer,"On iOS Safari viewport < 375px, the slide-over menu items clip outside the right screen border.","[Bug Report] CSS overflow issue on mobile navigation drawer On iOS Safari viewport < 375px, the slide-over menu items clip outside the right screen border.",25
1747,Support CSV export for monthly billing reports,Accounting teams require monthly transactions exported as standard RFC 4180 CSV files with tax breakdown.,feature,P2-Medium,-1,NONE,4,Support CSV export for monthly billing reports,Accounting teams require monthly transactions exported as standard RFC 4180 CSV files with tax breakdown.,Support CSV export for monthly billing reports Accounting teams require monthly transactions exported as standard RFC 4180 CSV files with tax breakdown.,22
1368,[Prod] Deadlock in order fulfillment distributed lock,Redis distributed lock fails to release when worker process receives SIGTERM during checkout transaction.,bug,P0-Critical,-1,FIRST_TIME_CONTRIBUTOR,27,[Prod] Deadlock in order fulfillment distributed lock,Redis distributed lock fails to release when worker process receives SIGTERM during checkout transaction.,[Prod] Deadlock in order fulfillment distributed lock Redis distributed lock fails to release when worker process receives SIGTERM during checkout transaction.,21
1887,Urgent: UnicodeDecodeError when parsing multibyte UTF-8 input,The JSON parser crashes on emoji input with UnicodeDecodeError: 'utf-8' codec can't decode byte 0xed in position 12.,bug,P2-Medium,-1,NONE,0,Urgent: UnicodeDecodeError when parsing multibyte UTF-8 input,The JSON parser crashes on emoji input with UnicodeDecodeError: 'utf-8' codec can't decode byte 0xed in position 12.,Urgent: UnicodeDecodeError when parsing multibyte UTF-8 input The JSON parser crashes on emoji input with UnicodeDecodeError: 'utf-8' codec can't decode byte 0xed in position 12.,25
2144,Update API documentation for v2 authentication header,"The current Swagger docs show 'Authorization: Token <key>', but v2 requires 'Authorization: Bearer <jwt>'.",documentation,P2-Medium,-1,NONE,1,Update API documentation for v2 authentication header,"The current Swagger docs show 'Authorization: Token <key>', but v2 requires 'Authorization: Bearer <jwt>'.","Update API documentation for v2 authentication header The current Swagger docs show 'Authorization: Token <key>', but v2 requires 'Authorization: Bearer <jwt>'.",21
1770,Question: Deadlock in order fulfillment distributed lock,Redis distributed lock fails to release when worker process receives SIGTERM during checkout transaction.,bug,P0-Critical,-1,MEMBER,20,Question: Deadlock in order fulfillment distributed lock,Redis distributed lock fails to release when worker process receives SIGTERM during checkout transaction.,Question: Deadlock in order fulfillment distributed lock Redis distributed lock fails to release when worker process receives SIGTERM during checkout transaction.,21
1194,Question: Memory leak in background token refresh worker,Process RSS memory grows continuously by ~50MB/hour. Profiling indicates unclosed TCP sessions in AuthService.,bug,P1-High,-1,MEMBER,2,Question: Memory leak in background token refresh worker,Process RSS memory grows continuously by ~50MB/hour. Profiling indicates unclosed TCP sessions in AuthService.,Question: Memory leak in background token refresh worker Process RSS memory grows continuously by ~50MB/hour. Profiling indicates unclosed TCP sessions in AuthService.,22
1815,Add architecture diagram to README,The repository needs an updated high-level diagram explaining the microservice event bus flow.,documentation,P3-Low,-1,CONTRIBUTOR,6,Add architecture diagram to README,The repository needs an updated high-level diagram explaining the microservice event bus flow.,Add architecture diagram to README The repository needs an updated high-level diagram explaining the microservice event bus flow.,18
1515,Dark mode theme preference toggle,Implement automatic dark mode switching based on CSS prefers-color-scheme media query.,feature,P3-Low,-1,FIRST_TIME_CONTRIBUTOR,4,Dark mode theme preference toggle,Implement automatic dark mode switching based on CSS prefers-color-scheme media query.,Dark mode theme preference toggle Implement automatic dark mode switching based on CSS prefers-color-scheme media query.,16
1690,Urgent: CORS policy allows wildcard origin with credentials,"Access-Control-Allow-Origin is set to '*' while Access-Control-Allow-Credentials is true, violating CORS specification.",security,P1-High,-1,CONTRIBUTOR,8,Urgent: CORS policy allows wildcard origin with credentials,"Access-Control-Allow-Origin is set to '*' while Access-Control-Allow-Credentials is true, violating CORS specification.","Urgent: CORS policy allows wildcard origin with credentials Access-Control-Allow-Origin is set to '*' while Access-Control-Allow-Credentials is true, violating CORS specification.",20
1688,[Bug Report] Memory leak in background token refresh worker,Process RSS memory grows continuously by ~50MB/hour. Profiling indicates unclosed TCP sessions in AuthService.,bug,P1-High,-1,NONE,6,[Bug Report] Memory leak in background token refresh worker,Process RSS memory grows continuously by ~50MB/hour. Profiling indicates unclosed TCP sessions in AuthService.,[Bug Report] Memory leak in background token refresh worker Process RSS memory grows continuously by ~50MB/hour. Profiling indicates unclosed TCP sessions in AuthService.,23
1613,Fix broken example code in Quickstart tutorial,The quickstart snippet for initializing the client client.connect() causes TypeError: missing 1 required positional argument 'api_key'.,documentation,P2-Medium,-1,FIRST_TIME_CONTRIBUTOR,6,Fix broken example code in Quickstart tutorial,The quickstart snippet for initializing the client client.connect() causes TypeError: missing 1 required positional argument 'api_key'.,Fix broken example code in Quickstart tutorial The quickstart snippet for initializing the client client.connect() causes TypeError: missing 1 required positional argument 'api_key'.,23
2112,Add architecture diagram to README,The repository needs an updated high-level diagram explaining the microservice event bus flow.,documentation,P3-Low,-1,FIRST_TIME_CONTRIBUTOR,7,Add architecture diagram to README,The repository needs an updated high-level diagram explaining the microservice event bus flow.,Add architecture diagram to README The repository needs an updated high-level diagram explaining the microservice event bus flow.,18
1474,Document Docker Compose local setup steps,Add troubleshooting section for port conflicts on Windows WSL2 when starting PostgreSQL container.,documentation,P3-Low,-1,FIRST_TIME_CONTRIBUTOR,2,Document Docker Compose local setup steps,Add troubleshooting section for port conflicts on Windows WSL2 when starting PostgreSQL container.,Document Docker Compose local setup steps Add troubleshooting section for port conflicts on Windows WSL2 when starting PostgreSQL container.,19
1125,[Feature Request] Deadlock in order fulfillment distributed lock,Redis distributed lock fails to release when worker process receives SIGTERM during checkout transaction.,bug,P0-Critical,-1,FIRST_TIME_CONTRIBUTOR,5,[Feature Request] Deadlock in order fulfillment distributed lock,Redis distributed lock fails to release when worker process receives SIGTERM during checkout transaction.,[Feature Request] Deadlock in order fulfillment distributed lock Redis distributed lock fails to release when worker process receives SIGTERM during checkout transaction.,22
1340,[Bug Report] NullPointerException on user checkout,"When calling POST /api/v1/checkout with an empty cart item list, server throws NullPointerException at CheckoutService.java:142. Expected HTTP 400 Bad Request.",bug,P0-Critical,-1,MEMBER,8,[Bug Report] NullPointerException on user checkout,"When calling POST /api/v1/checkout with an empty cart item list, server throws NullPointerException at CheckoutService.java:142. Expected HTTP 400 Bad Request.","[Bug Report] NullPointerException on user checkout When calling POST /api/v1/checkout with an empty cart item list, server throws NullPointerException at CheckoutService.java:142. Expected HTTP 400 Bad Request.",26
2042,Add support for OAuth2 Google Login,Users need the ability to authenticate via Google OAuth2 with PKCE flow. Needs configuration for client ID and secret.,feature,P2-Medium,-1,CONTRIBUTOR,3,Add support for OAuth2 Google Login,Users need the ability to authenticate via Google OAuth2 with PKCE flow. Needs configuration for client ID and secret.,Add support for OAuth2 Google Login Users need the ability to authenticate via Google OAuth2 with PKCE flow. Needs configuration for client ID and secret.,25
1968,Support CSV export for monthly billing reports,Accounting teams require monthly transactions exported as standard RFC 4180 CSV files with tax breakdown.,feature,P2-Medium,-1,NONE,7,Support CSV export for monthly billing reports,Accounting teams require monthly transactions exported as standard RFC 4180 CSV files with tax breakdown.,Support CSV export for monthly billing reports Accounting teams require monthly transactions exported as standard RFC 4180 CSV files with tax breakdown.,22
2269,Question: Database connection pool exhausted under high concurrency,"HikariCP pool drops active connections after 500 concurrent requests. Error: Connection is not available, request timed out after 30000ms.",bug,P1-High,-1,MEMBER,6,Question: Database connection pool exhausted under high concurrency,"HikariCP pool drops active connections after 500 concurrent requests. Error: Connection is not available, request timed out after 30000ms.","Question: Database connection pool exhausted under high concurrency HikariCP pool drops active connections after 500 concurrent requests. Error: Connection is not available, request timed out after 30000ms.",27
1705,Memory leak in background token refresh worker,Process RSS memory grows continuously by ~50MB/hour. Profiling indicates unclosed TCP sessions in AuthService.,bug,P1-High,-1,NONE,4,Memory leak in background token refresh worker,Process RSS memory grows continuously by ~50MB/hour. Profiling indicates unclosed TCP sessions in AuthService.,Memory leak in background token refresh worker Process RSS memory grows continuously by ~50MB/hour. Profiling indicates unclosed TCP sessions in AuthService.,21
1880,API gateway p99 latency spikes above 1200ms,Downstream microservice connection timeouts lead to thread starvation in the upstream edge gateway.,performance,P1-High,-1,NONE,0,API gateway p99 latency spikes above 1200ms,Downstream microservice connection timeouts lead to thread starvation in the upstream edge gateway.,API gateway p99 latency spikes above 1200ms Downstream microservice connection timeouts lead to thread starvation in the upstream edge gateway.,20
1947,[Prod] Checkbox state does not persist across tab switching,Form input resets when toggling between 'Account' and 'Billing' sub-tabs.,bug,P2-Medium,-1,MEMBER,1,[Prod] Checkbox state does not persist across tab switching,Form input resets when toggling between 'Account' and 'Billing' sub-tabs.,[Prod] Checkbox state does not persist across tab switching Form input resets when toggling between 'Account' and 'Billing' sub-tabs.,19
1253,Urgent: Memory leak in background token refresh worker,Process RSS memory grows continuously by ~50MB/hour. Profiling indicates unclosed TCP sessions in AuthService.,bug,P1-High,-1,CONTRIBUTOR,3,Urgent: Memory leak in background token refresh worker,Process RSS memory grows continuously by ~50MB/hour. Profiling indicates unclosed TCP sessions in AuthService.,Urgent: Memory leak in background token refresh worker Process RSS memory grows continuously by ~50MB/hour. Profiling indicates unclosed TCP sessions in AuthService.,22
1990,Question: Memory leak in background token refresh worker,Process RSS memory grows continuously by ~50MB/hour. Profiling indicates unclosed TCP sessions in AuthService.,bug,P1-High,-1,MEMBER,8,Question: Memory leak in background token refresh worker,Process RSS memory grows continuously by ~50MB/hour. Profiling indicates unclosed TCP sessions in AuthService.,Question: Memory leak in background token refresh worker Process RSS memory grows continuously by ~50MB/hour. Profiling indicates unclosed TCP sessions in AuthService.,22
1182,Add webhook notifications for payment success,Developers need outbound HTTP webhooks triggered on invoice.paid events with signature verification header.,feature,P1-High,-1,MEMBER,5,Add webhook notifications for payment success,Developers need outbound HTTP webhooks triggered on invoice.paid events with signature verification header.,Add webhook notifications for payment success Developers need outbound HTTP webhooks triggered on invoice.paid events with signature verification header.,19
2218,Add support for OAuth2 Google Login,Users need the ability to authenticate via Google OAuth2 with PKCE flow. Needs configuration for client ID and secret.,feature,P2-Medium,-1,FIRST_TIME_CONTRIBUTOR,3,Add support for OAuth2 Google Login,Users need the ability to authenticate via Google OAuth2 with PKCE flow. Needs configuration for client ID and secret.,Add support for OAuth2 Google Login Users need the ability to authenticate via Google OAuth2 with PKCE flow. Needs configuration for client ID and secret.,25
1036,Add webhook notifications for payment success,Developers need outbound HTTP webhooks triggered on invoice.paid events with signature verification header.,feature,P1-High,-1,NONE,0,Add webhook notifications for payment success,Developers need outbound HTTP webhooks triggered on invoice.paid events with signature verification header.,Add webhook notifications for payment success Developers need outbound HTTP webhooks triggered on invoice.paid events with signature verification header.,19
1912,[Bug Report] CSS overflow issue on mobile navigation drawer,"On iOS Safari viewport < 375px, the slide-over menu items clip outside the right screen border.",bug,P3-Low,-1,NONE,8,[Bug Report] CSS overflow issue on mobile navigation drawer,"On iOS Safari viewport < 375px, the slide-over menu items clip outside the right screen border.","[Bug Report] CSS overflow issue on mobile navigation drawer On iOS Safari viewport < 375px, the slide-over menu items clip outside the right screen border.",25
2428,Dark mode theme preference toggle,Implement automatic dark mode switching based on CSS prefers-color-scheme media query.,feature,P3-Low,-1,FIRST_TIME_CONTRIBUTOR,2,Dark mode theme preference toggle,Implement automatic dark mode switching based on CSS prefers-color-scheme media query.,Dark mode theme preference toggle Implement automatic dark mode switching based on CSS prefers-color-scheme media query.,16
1942,Support CSV export for monthly billing reports,Accounting teams require monthly transactions exported as standard RFC 4180 CSV files with tax breakdown.,feature,P2-Medium,-1,FIRST_TIME_CONTRIBUTOR,5,Support CSV export for monthly billing reports,Accounting teams require monthly transactions exported as standard RFC 4180 CSV files with tax breakdown.,Support CSV export for monthly billing reports Accounting teams require monthly transactions exported as standard RFC 4180 CSV files with tax breakdown.,22
1630,UnicodeDecodeError when parsing multibyte UTF-8 input,The JSON parser crashes on emoji input with UnicodeDecodeError: 'utf-8' codec can't decode byte 0xed in position 12.,bug,P2-Medium,-1,CONTRIBUTOR,6,UnicodeDecodeError when parsing multibyte UTF-8 input,The JSON parser crashes on emoji input with UnicodeDecodeError: 'utf-8' codec can't decode byte 0xed in position 12.,UnicodeDecodeError when parsing multibyte UTF-8 input The JSON parser crashes on emoji input with UnicodeDecodeError: 'utf-8' codec can't decode byte 0xed in position 12.,24
1948,Question: NullPointerException on user checkout,"When calling POST /api/v1/checkout with an empty cart item list, server throws NullPointerException at CheckoutService.java:142. Expected HTTP 400 Bad Request.",bug,P0-Critical,-1,MEMBER,11,Question: NullPointerException on user checkout,"When calling POST /api/v1/checkout with an empty cart item list, server throws NullPointerException at CheckoutService.java:142. Expected HTTP 400 Bad Request.","Question: NullPointerException on user checkout When calling POST /api/v1/checkout with an empty cart item list, server throws NullPointerException at CheckoutService.java:142. Expected HTTP 400 Bad Request.",25
1869,Urgent: NullPointerException on user checkout,"When calling POST /api/v1/checkout with an empty cart item list, server throws NullPointerException at CheckoutService.java:142. Expected HTTP 400 Bad Request.",bug,P0-Critical,-1,FIRST_TIME_CONTRIBUTOR,18,Urgent: NullPointerException on user checkout,"When calling POST /api/v1/checkout with an empty cart item list, server throws NullPointerException at CheckoutService.java:142. Expected HTTP 400 Bad Request.","Urgent: NullPointerException on user checkout When calling POST /api/v1/checkout with an empty cart item list, server throws NullPointerException at CheckoutService.java:142. Expected HTTP 400 Bad Request.",25
1067,[Prod] Deadlock in order fulfillment distributed lock,Redis distributed lock fails to release when worker process receives SIGTERM during checkout transaction.,bug,P0-Critical,-1,MEMBER,26,[Prod] Deadlock in order fulfillment distributed lock,Redis distributed lock fails to release when worker process receives SIGTERM during checkout transaction.,[Prod] Deadlock in order fulfillment distributed lock Redis distributed lock fails to release when worker process receives SIGTERM during checkout transaction.,21
2325,Add architecture diagram to README,The repository needs an updated high-level diagram explaining the microservice event bus flow.,documentation,P3-Low,-1,CONTRIBUTOR,4,Add architecture diagram to README,The repository needs an updated high-level diagram explaining the microservice event bus flow.,Add architecture diagram to README The repository needs an updated high-level diagram explaining the microservice event bus flow.,18
2404,Urgent: Broken hyperlink in settings footer,Clicking 'Terms of Service' in user settings redirects to 404 page.,bug,P3-Low,-1,MEMBER,6,Urgent: Broken hyperlink in settings footer,Clicking 'Terms of Service' in user settings redirects to 404 page.,Urgent: Broken hyperlink in settings footer Clicking 'Terms of Service' in user settings redirects to 404 page.,17
2200,Add webhook notifications for payment success,Developers need outbound HTTP webhooks triggered on invoice.paid events with signature verification header.,feature,P1-High,-1,CONTRIBUTOR,3,Add webhook notifications for payment success,Developers need outbound HTTP webhooks triggered on invoice.paid events with signature verification header.,Add webhook notifications for payment success Developers need outbound HTTP webhooks triggered on invoice.paid events with signature verification header.,19
1222,Add webhook notifications for payment success,Developers need outbound HTTP webhooks triggered on invoice.paid events with signature verification header.,feature,P1-High,-1,CONTRIBUTOR,4,Add webhook notifications for payment success,Developers need outbound HTTP webhooks triggered on invoice.paid events with signature verification header.,Add webhook notifications for payment success Developers need outbound HTTP webhooks triggered on invoice.paid events with signature verification header.,19
1507,High CPU utilization in regex router matching,Regex matching in URL routing consumes 85% CPU during high request spikes due to catastrophic backtracking in greedy pattern.,performance,P1-High,-1,CONTRIBUTOR,6,High CPU utilization in regex router matching,Regex matching in URL routing consumes 85% CPU during high request spikes due to catastrophic backtracking in greedy pattern.,High CPU utilization in regex router matching Regex matching in URL routing consumes 85% CPU during high request spikes due to catastrophic backtracking in greedy pattern.,26
2215,[Prod] UnicodeDecodeError when parsing multibyte UTF-8 input,The JSON parser crashes on emoji input with UnicodeDecodeError: 'utf-8' codec can't decode byte 0xed in position 12.,bug,P2-Medium,-1,FIRST_TIME_CONTRIBUTOR,7,[Prod] UnicodeDecodeError when parsing multibyte UTF-8 input,The JSON parser crashes on emoji input with UnicodeDecodeError: 'utf-8' codec can't decode byte 0xed in position 12.,[Prod] UnicodeDecodeError when parsing multibyte UTF-8 input The JSON parser crashes on emoji input with UnicodeDecodeError: 'utf-8' codec can't decode byte 0xed in position 12.,25
1988,API gateway p99 latency spikes above 1200ms,Downstream microservice connection timeouts lead to thread starvation in the upstream edge gateway.,performance,P1-High,-1,MEMBER,8,API gateway p99 latency spikes above 1200ms,Downstream microservice connection timeouts lead to thread starvation in the upstream edge gateway.,API gateway p99 latency spikes above 1200ms Downstream microservice connection timeouts lead to thread starvation in the upstream edge gateway.,20
1931,Optimize Docker image layer caching to speed up CI,Re-installing heavy Python packages on every single commit causes CI build times to exceed 18 minutes.,performance,P2-Medium,-1,FIRST_TIME_CONTRIBUTOR,7,Optimize Docker image layer caching to speed up CI,Re-installing heavy Python packages on every single commit causes CI build times to exceed 18 minutes.,Optimize Docker image layer caching to speed up CI Re-installing heavy Python packages on every single commit causes CI build times to exceed 18 minutes.,25
1331,[Prod] Checkbox state does not persist across tab switching,Form input resets when toggling between 'Account' and 'Billing' sub-tabs.,bug,P2-Medium,-1,FIRST_TIME_CONTRIBUTOR,5,[Prod] Checkbox state does not persist across tab switching,Form input resets when toggling between 'Account' and 'Billing' sub-tabs.,[Prod] Checkbox state does not persist across tab switching Form input resets when toggling between 'Account' and 'Billing' sub-tabs.,19
1580,Implement bulk item deletion in admin console,Allow administrators to select multiple user records and execute soft-delete in a single batch operation.,feature,P2-Medium,-1,MEMBER,2,Implement bulk item deletion in admin console,Allow administrators to select multiple user records and execute soft-delete in a single batch operation.,Implement bulk item deletion in admin console Allow administrators to select multiple user records and execute soft-delete in a single batch operation.,22
1424,[Prod] UnicodeDecodeError when parsing multibyte UTF-8 input,The JSON parser crashes on emoji input with UnicodeDecodeError: 'utf-8' codec can't decode byte 0xed in position 12.,bug,P2-Medium,-1,MEMBER,6,[Prod] UnicodeDecodeError when parsing multibyte UTF-8 input,The JSON parser crashes on emoji input with UnicodeDecodeError: 'utf-8' codec can't decode byte 0xed in position 12.,[Prod] UnicodeDecodeError when parsing multibyte UTF-8 input The JSON parser crashes on emoji input with UnicodeDecodeError: 'utf-8' codec can't decode byte 0xed in position 12.,25
1128,[Prod] Deadlock in order fulfillment distributed lock,Redis distributed lock fails to release when worker process receives SIGTERM during checkout transaction.,bug,P0-Critical,-1,CONTRIBUTOR,19,[Prod] Deadlock in order fulfillment distributed lock,Redis distributed lock fails to release when worker process receives SIGTERM during checkout transaction.,[Prod] Deadlock in order fulfillment distributed lock Redis distributed lock fails to release when worker process receives SIGTERM during checkout transaction.,21
2288,Fix broken example code in Quickstart tutorial,The quickstart snippet for initializing the client client.connect() causes TypeError: missing 1 required positional argument 'api_key'.,documentation,P2-Medium,-1,MEMBER,8,Fix broken example code in Quickstart tutorial,The quickstart snippet for initializing the client client.connect() causes TypeError: missing 1 required positional argument 'api_key'.,Fix broken example code in Quickstart tutorial The quickstart snippet for initializing the client client.connect() causes TypeError: missing 1 required positional argument 'api_key'.,23
2311,Add webhook notifications for payment success,Developers need outbound HTTP webhooks triggered on invoice.paid events with signature verification header.,feature,P1-High,-1,MEMBER,7,Add webhook notifications for payment success,Developers need outbound HTTP webhooks triggered on invoice.paid events with signature verification header.,Add webhook notifications for payment success Developers need outbound HTTP webhooks triggered on invoice.paid events with signature verification header.,19
1086,Slow SQL query on user activity feed endpoint,SELECT * FROM activities WHERE user_id = ? ORDER BY timestamp DESC takes 4.2 seconds on accounts with >50k events. Missing composite index.,performance,P1-High,-1,MEMBER,2,Slow SQL query on user activity feed endpoint,SELECT * FROM activities WHERE user_id = ? ORDER BY timestamp DESC takes 4.2 seconds on accounts with >50k events. Missing composite index.,Slow SQL query on user activity feed endpoint SELECT * FROM activities WHERE user_id = ? ORDER BY timestamp DESC takes 4.2 seconds on accounts with >50k events. Missing composite index.,31
2429,Question: Database connection pool exhausted under high concurrency,"HikariCP pool drops active connections after 500 concurrent requests. Error: Connection is not available, request timed out after 30000ms.",bug,P1-High,-1,NONE,7,Question: Database connection pool exhausted under high concurrency,"HikariCP pool drops active connections after 500 concurrent requests. Error: Connection is not available, request timed out after 30000ms.","Question: Database connection pool exhausted under high concurrency HikariCP pool drops active connections after 500 concurrent requests. Error: Connection is not available, request timed out after 30000ms.",27
1920,Urgent: Deadlock in order fulfillment distributed lock,Redis distributed lock fails to release when worker process receives SIGTERM during checkout transaction.,bug,P0-Critical,-1,CONTRIBUTOR,14,Urgent: Deadlock in order fulfillment distributed lock,Redis distributed lock fails to release when worker process receives SIGTERM during checkout transaction.,Urgent: Deadlock in order fulfillment distributed lock Redis distributed lock fails to release when worker process receives SIGTERM during checkout transaction.,21
1516,[Feature Request] CORS policy allows wildcard origin with credentials,"Access-Control-Allow-Origin is set to '*' while Access-Control-Allow-Credentials is true, violating CORS specification.",security,P1-High,-1,MEMBER,2,[Feature Request] CORS policy allows wildcard origin with credentials,"Access-Control-Allow-Origin is set to '*' while Access-Control-Allow-Credentials is true, violating CORS specification.","[Feature Request] CORS policy allows wildcard origin with credentials Access-Control-Allow-Origin is set to '*' while Access-Control-Allow-Credentials is true, violating CORS specification.",21
1939,Question: Database connection pool exhausted under high concurrency,"HikariCP pool drops active connections after 500 concurrent requests. Error: Connection is not available, request timed out after 30000ms.",bug,P1-High,-1,NONE,1,Question: Database connection pool exhausted under high concurrency,"HikariCP pool drops active connections after 500 concurrent requests. Error: Connection is not available, request timed out after 30000ms.","Question: Database connection pool exhausted under high concurrency HikariCP pool drops active connections after 500 concurrent requests. Error: Connection is not available, request timed out after 30000ms.",27
2380,[Bug Report] NullPointerException on user checkout,"When calling POST /api/v1/checkout with an empty cart item list, server throws NullPointerException at CheckoutService.java:142. Expected HTTP 400 Bad Request.",bug,P0-Critical,-1,NONE,9,[Bug Report] NullPointerException on user checkout,"When calling POST /api/v1/checkout with an empty cart item list, server throws NullPointerException at CheckoutService.java:142. Expected HTTP 400 Bad Request.","[Bug Report] NullPointerException on user checkout When calling POST /api/v1/checkout with an empty cart item list, server throws NullPointerException at CheckoutService.java:142. Expected HTTP 400 Bad Request.",26
1933,Document Docker Compose local setup steps,Add troubleshooting section for port conflicts on Windows WSL2 when starting PostgreSQL container.,documentation,P3-Low,-1,NONE,2,Document Docker Compose local setup steps,Add troubleshooting section for port conflicts on Windows WSL2 when starting PostgreSQL container.,Document Docker Compose local setup steps Add troubleshooting section for port conflicts on Windows WSL2 when starting PostgreSQL container.,19
1081,Urgent: CSS overflow issue on mobile navigation drawer,"On iOS Safari viewport < 375px, the slide-over menu items clip outside the right screen border.",bug,P3-Low,-1,MEMBER,0,Urgent: CSS overflow issue on mobile navigation drawer,"On iOS Safari viewport < 375px, the slide-over menu items clip outside the right screen border.","Urgent: CSS overflow issue on mobile navigation drawer On iOS Safari viewport < 375px, the slide-over menu items clip outside the right screen border.",24
1460,Support CSV export for monthly billing reports,Accounting teams require monthly transactions exported as standard RFC 4180 CSV files with tax breakdown.,feature,P2-Medium,-1,FIRST_TIME_CONTRIBUTOR,2,Support CSV export for monthly billing reports,Accounting teams require monthly transactions exported as standard RFC 4180 CSV files with tax breakdown.,Support CSV export for monthly billing reports Accounting teams require monthly transactions exported as standard RFC 4180 CSV files with tax breakdown.,22
1971,API gateway p99 latency spikes above 1200ms,Downstream microservice connection timeouts lead to thread starvation in the upstream edge gateway.,performance,P1-High,-1,FIRST_TIME_CONTRIBUTOR,8,API gateway p99 latency spikes above 1200ms,Downstream microservice connection timeouts lead to thread starvation in the upstream edge gateway.,API gateway p99 latency spikes above 1200ms Downstream microservice connection timeouts lead to thread starvation in the upstream edge gateway.,20
1247,Optimize Docker image layer caching to speed up CI,Re-installing heavy Python packages on every single commit causes CI build times to exceed 18 minutes.,performance,P2-Medium,-1,MEMBER,0,Optimize Docker image layer caching to speed up CI,Re-installing heavy Python packages on every single commit causes CI build times to exceed 18 minutes.,Optimize Docker image layer caching to speed up CI Re-installing heavy Python packages on every single commit causes CI build times to exceed 18 minutes.,25
1016,Add architecture diagram to README,The repository needs an updated high-level diagram explaining the microservice event bus flow.,documentation,P3-Low,-1,NONE,3,Add architecture diagram to README,The repository needs an updated high-level diagram explaining the microservice event bus flow.,Add architecture diagram to README The repository needs an updated high-level diagram explaining the microservice event bus flow.,18
1285,Urgent: UnicodeDecodeError when parsing multibyte UTF-8 input,The JSON parser crashes on emoji input with UnicodeDecodeError: 'utf-8' codec can't decode byte 0xed in position 12.,bug,P2-Medium,-1,NONE,1,Urgent: UnicodeDecodeError when parsing multibyte UTF-8 input,The JSON parser crashes on emoji input with UnicodeDecodeError: 'utf-8' codec can't decode byte 0xed in position 12.,Urgent: UnicodeDecodeError when parsing multibyte UTF-8 input The JSON parser crashes on emoji input with UnicodeDecodeError: 'utf-8' codec can't decode byte 0xed in position 12.,25
1932,Question: Broken hyperlink in settings footer,Clicking 'Terms of Service' in user settings redirects to 404 page.,bug,P3-Low,-1,MEMBER,2,Question: Broken hyperlink in settings footer,Clicking 'Terms of Service' in user settings redirects to 404 page.,Question: Broken hyperlink in settings footer Clicking 'Terms of Service' in user settings redirects to 404 page.,17
1149,[Prod] UnicodeDecodeError when parsing multibyte UTF-8 input,The JSON parser crashes on emoji input with UnicodeDecodeError: 'utf-8' codec can't decode byte 0xed in position 12.,bug,P2-Medium,-1,CONTRIBUTOR,7,[Prod] UnicodeDecodeError when parsing multibyte UTF-8 input,The JSON parser crashes on emoji input with UnicodeDecodeError: 'utf-8' codec can't decode byte 0xed in position 12.,[Prod] UnicodeDecodeError when parsing multibyte UTF-8 input The JSON parser crashes on emoji input with UnicodeDecodeError: 'utf-8' codec can't decode byte 0xed in position 12.,25
1953,[Feature Request] UnicodeDecodeError when parsing multibyte UTF-8 input,The JSON parser crashes on emoji input with UnicodeDecodeError: 'utf-8' codec can't decode byte 0xed in position 12.,bug,P2-Medium,-1,NONE,7,[Feature Request] UnicodeDecodeError when parsing multibyte UTF-8 input,The JSON parser crashes on emoji input with UnicodeDecodeError: 'utf-8' codec can't decode byte 0xed in position 12.,[Feature Request] UnicodeDecodeError when parsing multibyte UTF-8 input The JSON parser crashes on emoji input with UnicodeDecodeError: 'utf-8' codec can't decode byte 0xed in position 12.,26
1518,Add support for OAuth2 Google Login,Users need the ability to authenticate via Google OAuth2 with PKCE flow. Needs configuration for client ID and secret.,feature,P2-Medium,-1,NONE,0,Add support for OAuth2 Google Login,Users need the ability to authenticate via Google OAuth2 with PKCE flow. Needs configuration for client ID and secret.,Add support for OAuth2 Google Login Users need the ability to authenticate via Google OAuth2 with PKCE flow. Needs configuration for client ID and secret.,25
1319,[Bug Report] CSS overflow issue on mobile navigation drawer,"On iOS Safari viewport < 375px, the slide-over menu items clip outside the right screen border.",bug,P3-Low,-1,FIRST_TIME_CONTRIBUTOR,4,[Bug Report] CSS overflow issue on mobile navigation drawer,"On iOS Safari viewport < 375px, the slide-over menu items clip outside the right screen border.","[Bug Report] CSS overflow issue on mobile navigation drawer On iOS Safari viewport < 375px, the slide-over menu items clip outside the right screen border.",25
2062,Implement bulk item deletion in admin console,Allow administrators to select multiple user records and execute soft-delete in a single batch operation.,feature,P2-Medium,-1,FIRST_TIME_CONTRIBUTOR,4,Implement bulk item deletion in admin console,Allow administrators to select multiple user records and execute soft-delete in a single batch operation.,Implement bulk item deletion in admin console Allow administrators to select multiple user records and execute soft-delete in a single batch operation.,22
2493,[Bug Report] Memory leak in background token refresh worker,Process RSS memory grows continuously by ~50MB/hour. Profiling indicates unclosed TCP sessions in AuthService.,bug,P1-High,-1,FIRST_TIME_CONTRIBUTOR,3,[Bug Report] Memory leak in background token refresh worker,Process RSS memory grows continuously by ~50MB/hour. Profiling indicates unclosed TCP sessions in AuthService.,[Bug Report] Memory leak in background token refresh worker Process RSS memory grows continuously by ~50MB/hour. Profiling indicates unclosed TCP sessions in AuthService.,23
1201,Optimize Docker image layer caching to speed up CI,Re-installing heavy Python packages on every single commit causes CI build times to exceed 18 minutes.,performance,P2-Medium,-1,MEMBER,0,Optimize Docker image layer caching to speed up CI,Re-installing heavy Python packages on every single commit causes CI build times to exceed 18 minutes.,Optimize Docker image layer caching to speed up CI Re-installing heavy Python packages on every single commit causes CI build times to exceed 18 minutes.,25
2314,Optimize Docker image layer caching to speed up CI,Re-installing heavy Python packages on every single commit causes CI build times to exceed 18 minutes.,performance,P2-Medium,-1,MEMBER,6,Optimize Docker image layer caching to speed up CI,Re-installing heavy Python packages on every single commit causes CI build times to exceed 18 minutes.,Optimize Docker image layer caching to speed up CI Re-installing heavy Python packages on every single commit causes CI build times to exceed 18 minutes.,25
1134,Urgent: NullPointerException on user checkout,"When calling POST /api/v1/checkout with an empty cart item list, server throws NullPointerException at CheckoutService.java:142. Expected HTTP 400 Bad Request.",bug,P0-Critical,-1,CONTRIBUTOR,9,Urgent: NullPointerException on user checkout,"When calling POST /api/v1/checkout with an empty cart item list, server throws NullPointerException at CheckoutService.java:142. Expected HTTP 400 Bad Request.","Urgent: NullPointerException on user checkout When calling POST /api/v1/checkout with an empty cart item list, server throws NullPointerException at CheckoutService.java:142. Expected HTTP 400 Bad Request.",25
2356,[Prod] Broken hyperlink in settings footer,Clicking 'Terms of Service' in user settings redirects to 404 page.,bug,P3-Low,-1,CONTRIBUTOR,6,[Prod] Broken hyperlink in settings footer,Clicking 'Terms of Service' in user settings redirects to 404 page.,[Prod] Broken hyperlink in settings footer Clicking 'Terms of Service' in user settings redirects to 404 page.,17
1806,NullPointerException on user checkout,"When calling POST /api/v1/checkout with an empty cart item list, server throws NullPointerException at CheckoutService.java:142. Expected HTTP 400 Bad Request.",bug,P0-Critical,-1,MEMBER,19,NullPointerException on user checkout,"When calling POST /api/v1/checkout with an empty cart item list, server throws NullPointerException at CheckoutService.java:142. Expected HTTP 400 Bad Request.","NullPointerException on user checkout When calling POST /api/v1/checkout with an empty cart item list, server throws NullPointerException at CheckoutService.java:142. Expected HTTP 400 Bad Request.",24
2223,[Prod] NullPointerException on user checkout,"When calling POST /api/v1/checkout with an empty cart item list, server throws NullPointerException at CheckoutService.java:142. Expected HTTP 400 Bad Request.",bug,P0-Critical,-1,MEMBER,11,[Prod] NullPointerException on user checkout,"When calling POST /api/v1/checkout with an empty cart item list, server throws NullPointerException at CheckoutService.java:142. Expected HTTP 400 Bad Request.","[Prod] NullPointerException on user checkout When calling POST /api/v1/checkout with an empty cart item list, server throws NullPointerException at CheckoutService.java:142. Expected HTTP 400 Bad Request.",25
1462,[Bug Report] Broken hyperlink in settings footer,Clicking 'Terms of Service' in user settings redirects to 404 page.,bug,P3-Low,-1,NONE,4,[Bug Report] Broken hyperlink in settings footer,Clicking 'Terms of Service' in user settings redirects to 404 page.,[Bug Report] Broken hyperlink in settings footer Clicking 'Terms of Service' in user settings redirects to 404 page.,18
2342,API gateway p99 latency spikes above 1200ms,Downstream microservice connection timeouts lead to thread starvation in the upstream edge gateway.,performance,P1-High,-1,CONTRIBUTOR,3,API gateway p99 latency spikes above 1200ms,Downstream microservice connection timeouts lead to thread starvation in the upstream edge gateway.,API gateway p99 latency spikes above 1200ms Downstream microservice connection timeouts lead to thread starvation in the upstream edge gateway.,20
1373,Urgent: NullPointerException on user checkout,"When calling POST /api/v1/checkout with an empty cart item list, server throws NullPointerException at CheckoutService.java:142. Expected HTTP 400 Bad Request.",bug,P0-Critical,-1,FIRST_TIME_CONTRIBUTOR,9,Urgent: NullPointerException on user checkout,"When calling POST /api/v1/checkout with an empty cart item list, server throws NullPointerException at CheckoutService.java:142. Expected HTTP 400 Bad Request.","Urgent: NullPointerException on user checkout When calling POST /api/v1/checkout with an empty cart item list, server throws NullPointerException at CheckoutService.java:142. Expected HTTP 400 Bad Request.",25
1706,Document Docker Compose local setup steps,Add troubleshooting section for port conflicts on Windows WSL2 when starting PostgreSQL container.,documentation,P3-Low,-1,MEMBER,8,Document Docker Compose local setup steps,Add troubleshooting section for port conflicts on Windows WSL2 when starting PostgreSQL container.,Document Docker Compose local setup steps Add troubleshooting section for port conflicts on Windows WSL2 when starting PostgreSQL container.,19
1249,Urgent: Insecure direct object reference (IDOR) on document download,Authenticated users can access arbitrary tenant invoices by altering the numeric invoice_id in the URL.,security,P0-Critical,-1,MEMBER,25,Urgent: Insecure direct object reference (IDOR) on document download,Authenticated users can access arbitrary tenant invoices by altering the numeric invoice_id in the URL.,Urgent: Insecure direct object reference (IDOR) on document download Authenticated users can access arbitrary tenant invoices by altering the numeric invoice_id in the URL.,24
2150,[Bug Report] NullPointerException on user checkout,"When calling POST /api/v1/checkout with an empty cart item list, server throws NullPointerException at CheckoutService.java:142. Expected HTTP 400 Bad Request.",bug,P0-Critical,-1,MEMBER,11,[Bug Report] NullPointerException on user checkout,"When calling POST /api/v1/checkout with an empty cart item list, server throws NullPointerException at CheckoutService.java:142. Expected HTTP 400 Bad Request.","[Bug Report] NullPointerException on user checkout When calling POST /api/v1/checkout with an empty cart item list, server throws NullPointerException at CheckoutService.java:142. Expected HTTP 400 Bad Request.",26
2254,Document Docker Compose local setup steps,Add troubleshooting section for port conflicts on Windows WSL2 when starting PostgreSQL container.,documentation,P3-Low,-1,FIRST_TIME_CONTRIBUTOR,1,Document Docker Compose local setup steps,Add troubleshooting section for port conflicts on Windows WSL2 when starting PostgreSQL container.,Document Docker Compose local setup steps Add troubleshooting section for port conflicts on Windows WSL2 when starting PostgreSQL container.,19
1772,Document Docker Compose local setup steps,Add troubleshooting section for port conflicts on Windows WSL2 when starting PostgreSQL container.,documentation,P3-Low,-1,NONE,2,Document Docker Compose local setup steps,Add troubleshooting section for port conflicts on Windows WSL2 when starting PostgreSQL container.,Document Docker Compose local setup steps Add troubleshooting section for port conflicts on Windows WSL2 when starting PostgreSQL container.,19
2231,Add webhook notifications for payment success,Developers need outbound HTTP webhooks triggered on invoice.paid events with signature verification header.,feature,P1-High,-1,NONE,2,Add webhook notifications for payment success,Developers need outbound HTTP webhooks triggered on invoice.paid events with signature verification header.,Add webhook notifications for payment success Developers need outbound HTTP webhooks triggered on invoice.paid events with signature verification header.,19
1196,[Feature Request] Database connection pool exhausted under high concurrency,"HikariCP pool drops active connections after 500 concurrent requests. Error: Connection is not available, request timed out after 30000ms.",bug,P1-High,-1,CONTRIBUTOR,1,[Feature Request] Database connection pool exhausted under high concurrency,"HikariCP pool drops active connections after 500 concurrent requests. Error: Connection is not available, request timed out after 30000ms.","[Feature Request] Database connection pool exhausted under high concurrency HikariCP pool drops active connections after 500 concurrent requests. Error: Connection is not available, request timed out after 30000ms.",28
1147,Slow SQL query on user activity feed endpoint,SELECT * FROM activities WHERE user_id = ? ORDER BY timestamp DESC takes 4.2 seconds on accounts with >50k events. Missing composite index.,performance,P1-High,-1,FIRST_TIME_CONTRIBUTOR,4,Slow SQL query on user activity feed endpoint,SELECT * FROM activities WHERE user_id = ? ORDER BY timestamp DESC takes 4.2 seconds on accounts with >50k events. Missing composite index.,Slow SQL query on user activity feed endpoint SELECT * FROM activities WHERE user_id = ? ORDER BY timestamp DESC takes 4.2 seconds on accounts with >50k events. Missing composite index.,31
1210,[Feature Request] CSS overflow issue on mobile navigation drawer,"On iOS Safari viewport < 375px, the slide-over menu items clip outside the right screen border.",bug,P3-Low,-1,NONE,2,[Feature Request] CSS overflow issue on mobile navigation drawer,"On iOS Safari viewport < 375px, the slide-over menu items clip outside the right screen border.","[Feature Request] CSS overflow issue on mobile navigation drawer On iOS Safari viewport < 375px, the slide-over menu items clip outside the right screen border.",25
1737,High CPU utilization in regex router matching,Regex matching in URL routing consumes 85% CPU during high request spikes due to catastrophic backtracking in greedy pattern.,performance,P1-High,-1,CONTRIBUTOR,6,High CPU utilization in regex router matching,Regex matching in URL routing consumes 85% CPU during high request spikes due to catastrophic backtracking in greedy pattern.,High CPU utilization in regex router matching Regex matching in URL routing consumes 85% CPU during high request spikes due to catastrophic backtracking in greedy pattern.,26
2214,Add architecture diagram to README,The repository needs an updated high-level diagram explaining the microservice event bus flow.,documentation,P3-Low,-1,MEMBER,6,Add architecture diagram to README,The repository needs an updated high-level diagram explaining the microservice event bus flow.,Add architecture diagram to README The repository needs an updated high-level diagram explaining the microservice event bus flow.,18
1527,Support CSV export for monthly billing reports,Accounting teams require monthly transactions exported as standard RFC 4180 CSV files with tax breakdown.,feature,P2-Medium,-1,MEMBER,3,Support CSV export for monthly billing reports,Accounting teams require monthly transactions exported as standard RFC 4180 CSV files with tax breakdown.,Support CSV export for monthly billing reports Accounting teams require monthly transactions exported as standard RFC 4180 CSV files with tax breakdown.,22
2386,Urgent: Memory leak in background token refresh worker,Process RSS memory grows continuously by ~50MB/hour. Profiling indicates unclosed TCP sessions in AuthService.,bug,P1-High,-1,NONE,2,Urgent: Memory leak in background token refresh worker,Process RSS memory grows continuously by ~50MB/hour. Profiling indicates unclosed TCP sessions in AuthService.,Urgent: Memory leak in background token refresh worker Process RSS memory grows continuously by ~50MB/hour. Profiling indicates unclosed TCP sessions in AuthService.,22
1870,High CPU utilization in regex router matching,Regex matching in URL routing consumes 85% CPU during high request spikes due to catastrophic backtracking in greedy pattern.,performance,P1-High,-1,CONTRIBUTOR,2,High CPU utilization in regex router matching,Regex matching in URL routing consumes 85% CPU during high request spikes due to catastrophic backtracking in greedy pattern.,High CPU utilization in regex router matching Regex matching in URL routing consumes 85% CPU during high request spikes due to catastrophic backtracking in greedy pattern.,26
1523,Add webhook notifications for payment success,Developers need outbound HTTP webhooks triggered on invoice.paid events with signature verification header.,feature,P1-High,-1,NONE,2,Add webhook notifications for payment success,Developers need outbound HTTP webhooks triggered on invoice.paid events with signature verification header.,Add webhook notifications for payment success Developers need outbound HTTP webhooks triggered on invoice.paid events with signature verification header.,19
1027,Urgent: CSS overflow issue on mobile navigation drawer,"On iOS Safari viewport < 375px, the slide-over menu items clip outside the right screen border.",bug,P3-Low,-1,NONE,7,Urgent: CSS overflow issue on mobile navigation drawer,"On iOS Safari viewport < 375px, the slide-over menu items clip outside the right screen border.","Urgent: CSS overflow issue on mobile navigation drawer On iOS Safari viewport < 375px, the slide-over menu items clip outside the right screen border.",24
2031,Urgent: UnicodeDecodeError when parsing multibyte UTF-8 input,The JSON parser crashes on emoji input with UnicodeDecodeError: 'utf-8' codec can't decode byte 0xed in position 12.,bug,P2-Medium,-1,MEMBER,8,Urgent: UnicodeDecodeError when parsing multibyte UTF-8 input,The JSON parser crashes on emoji input with UnicodeDecodeError: 'utf-8' codec can't decode byte 0xed in position 12.,Urgent: UnicodeDecodeError when parsing multibyte UTF-8 input The JSON parser crashes on emoji input with UnicodeDecodeError: 'utf-8' codec can't decode byte 0xed in position 12.,25
2440,Document Docker Compose local setup steps,Add troubleshooting section for port conflicts on Windows WSL2 when starting PostgreSQL container.,documentation,P3-Low,-1,MEMBER,7,Document Docker Compose local setup steps,Add troubleshooting section for port conflicts on Windows WSL2 when starting PostgreSQL container.,Document Docker Compose local setup steps Add troubleshooting section for port conflicts on Windows WSL2 when starting PostgreSQL container.,19
1466,[Prod] Memory leak in background token refresh worker,Process RSS memory grows continuously by ~50MB/hour. Profiling indicates unclosed TCP sessions in AuthService.,bug,P1-High,-1,FIRST_TIME_CONTRIBUTOR,2,[Prod] Memory leak in background token refresh worker,Process RSS memory grows continuously by ~50MB/hour. Profiling indicates unclosed TCP sessions in AuthService.,[Prod] Memory leak in background token refresh worker Process RSS memory grows continuously by ~50MB/hour. Profiling indicates unclosed TCP sessions in AuthService.,22
1769,Add support for OAuth2 Google Login,Users need the ability to authenticate via Google OAuth2 with PKCE flow. Needs configuration for client ID and secret.,feature,P2-Medium,-1,FIRST_TIME_CONTRIBUTOR,3,Add support for OAuth2 Google Login,Users need the ability to authenticate via Google OAuth2 with PKCE flow. Needs configuration for client ID and secret.,Add support for OAuth2 Google Login Users need the ability to authenticate via Google OAuth2 with PKCE flow. Needs configuration for client ID and secret.,25
1648,Implement bulk item deletion in admin console,Allow administrators to select multiple user records and execute soft-delete in a single batch operation.,feature,P2-Medium,-1,FIRST_TIME_CONTRIBUTOR,6,Implement bulk item deletion in admin console,Allow administrators to select multiple user records and execute soft-delete in a single batch operation.,Implement bulk item deletion in admin console Allow administrators to select multiple user records and execute soft-delete in a single batch operation.,22
1378,Slow SQL query on user activity feed endpoint,SELECT * FROM activities WHERE user_id = ? ORDER BY timestamp DESC takes 4.2 seconds on accounts with >50k events. Missing composite index.,performance,P1-High,-1,MEMBER,4,Slow SQL query on user activity feed endpoint,SELECT * FROM activities WHERE user_id = ? ORDER BY timestamp DESC takes 4.2 seconds on accounts with >50k events. Missing composite index.,Slow SQL query on user activity feed endpoint SELECT * FROM activities WHERE user_id = ? ORDER BY timestamp DESC takes 4.2 seconds on accounts with >50k events. Missing composite index.,31
1568,Dark mode theme preference toggle,Implement automatic dark mode switching based on CSS prefers-color-scheme media query.,feature,P3-Low,-1,NONE,8,Dark mode theme preference toggle,Implement automatic dark mode switching based on CSS prefers-color-scheme media query.,Dark mode theme preference toggle Implement automatic dark mode switching based on CSS prefers-color-scheme media query.,16
1929,Question: Memory leak in background token refresh worker,Process RSS memory grows continuously by ~50MB/hour. Profiling indicates unclosed TCP sessions in AuthService.,bug,P1-High,-1,MEMBER,7,Question: Memory leak in background token refresh worker,Process RSS memory grows continuously by ~50MB/hour. Profiling indicates unclosed TCP sessions in AuthService.,Question: Memory leak in background token refresh worker Process RSS memory grows continuously by ~50MB/hour. Profiling indicates unclosed TCP sessions in AuthService.,22
1268,Question: Database connection pool exhausted under high concurrency,"HikariCP pool drops active connections after 500 concurrent requests. Error: Connection is not available, request timed out after 30000ms.",bug,P1-High,-1,CONTRIBUTOR,8,Question: Database connection pool exhausted under high concurrency,"HikariCP pool drops active connections after 500 concurrent requests. Error: Connection is not available, request timed out after 30000ms.","Question: Database connection pool exhausted under high concurrency HikariCP pool drops active connections after 500 concurrent requests. Error: Connection is not available, request timed out after 30000ms.",27
1533,Dark mode theme preference toggle,Implement automatic dark mode switching based on CSS prefers-color-scheme media query.,feature,P3-Low,-1,NONE,8,Dark mode theme preference toggle,Implement automatic dark mode switching based on CSS prefers-color-scheme media query.,Dark mode theme preference toggle Implement automatic dark mode switching based on CSS prefers-color-scheme media query.,16
2470,[Feature Request] Database connection pool exhausted under high concurrency,"HikariCP pool drops active connections after 500 concurrent requests. Error: Connection is not available, request timed out after 30000ms.",bug,P1-High,-1,NONE,1,[Feature Request] Database connection pool exhausted under high concurrency,"HikariCP pool drops active connections after 500 concurrent requests. Error: Connection is not available, request timed out after 30000ms.","[Feature Request] Database connection pool exhausted under high concurrency HikariCP pool drops active connections after 500 concurrent requests. Error: Connection is not available, request timed out after 30000ms.",28
2357,Implement bulk item deletion in admin console,Allow administrators to select multiple user records and execute soft-delete in a single batch operation.,feature,P2-Medium,-1,FIRST_TIME_CONTRIBUTOR,2,Implement bulk item deletion in admin console,Allow administrators to select multiple user records and execute soft-delete in a single batch operation.,Implement bulk item deletion in admin console Allow administrators to select multiple user records and execute soft-delete in a single batch operation.,22
1110,Question: CSS overflow issue on mobile navigation drawer,"On iOS Safari viewport < 375px, the slide-over menu items clip outside the right screen border.",bug,P3-Low,-1,NONE,0,Question: CSS overflow issue on mobile navigation drawer,"On iOS Safari viewport < 375px, the slide-over menu items clip outside the right screen border.","Question: CSS overflow issue on mobile navigation drawer On iOS Safari viewport < 375px, the slide-over menu items clip outside the right screen border.",24
1427,[Feature Request] Database connection pool exhausted under high concurrency,"HikariCP pool drops active connections after 500 concurrent requests. Error: Connection is not available, request timed out after 30000ms.",bug,P1-High,-1,NONE,4,[Feature Request] Database connection pool exhausted under high concurrency,"HikariCP pool drops active connections after 500 concurrent requests. Error: Connection is not available, request timed out after 30000ms.","[Feature Request] Database connection pool exhausted under high concurrency HikariCP pool drops active connections after 500 concurrent requests. Error: Connection is not available, request timed out after 30000ms.",28
1207,[Feature Request] Missing CSRF token validation on password change endpoint,POST /api/v1/user/password-reset accepts cross-origin state-changing requests without checking X-CSRF-Token.,security,P0-Critical,-1,CONTRIBUTOR,6,[Feature Request] Missing CSRF token validation on password change endpoint,POST /api/v1/user/password-reset accepts cross-origin state-changing requests without checking X-CSRF-Token.,[Feature Request] Missing CSRF token validation on password change endpoint POST /api/v1/user/password-reset accepts cross-origin state-changing requests without checking X-CSRF-Token.,19
1317,Add support for OAuth2 Google Login,Users need the ability to authenticate via Google OAuth2 with PKCE flow. Needs configuration for client ID and secret.,feature,P2-Medium,-1,NONE,5,Add support for OAuth2 Google Login,Users need the ability to authenticate via Google OAuth2 with PKCE flow. Needs configuration for client ID and secret.,Add support for OAuth2 Google Login Users need the ability to authenticate via Google OAuth2 with PKCE flow. Needs configuration for client ID and secret.,25
1660,[Feature Request] Database connection pool exhausted under high concurrency,"HikariCP pool drops active connections after 500 concurrent requests. Error: Connection is not available, request timed out after 30000ms.",bug,P1-High,-1,MEMBER,7,[Feature Request] Database connection pool exhausted under high concurrency,"HikariCP pool drops active connections after 500 concurrent requests. Error: Connection is not available, request timed out after 30000ms.","[Feature Request] Database connection pool exhausted under high concurrency HikariCP pool drops active connections after 500 concurrent requests. Error: Connection is not available, request timed out after 30000ms.",28
2398,Update API documentation for v2 authentication header,"The current Swagger docs show 'Authorization: Token <key>', but v2 requires 'Authorization: Bearer <jwt>'.",documentation,P2-Medium,-1,NONE,5,Update API documentation for v2 authentication header,"The current Swagger docs show 'Authorization: Token <key>', but v2 requires 'Authorization: Bearer <jwt>'.","Update API documentation for v2 authentication header The current Swagger docs show 'Authorization: Token <key>', but v2 requires 'Authorization: Bearer <jwt>'.",21
1376,[Prod] Broken hyperlink in settings footer,Clicking 'Terms of Service' in user settings redirects to 404 page.,bug,P3-Low,-1,NONE,1,[Prod] Broken hyperlink in settings footer,Clicking 'Terms of Service' in user settings redirects to 404 page.,[Prod] Broken hyperlink in settings footer Clicking 'Terms of Service' in user settings redirects to 404 page.,17
2480,[Prod] SQL Injection vulnerability in search filter query,The 'filter' parameter in /api/v1/search is concatenated directly into the SQL string without parameterized binding. Exploitable via ' OR 1=1 --,security,P0-Critical,-1,FIRST_TIME_CONTRIBUTOR,21,[Prod] SQL Injection vulnerability in search filter query,The 'filter' parameter in /api/v1/search is concatenated directly into the SQL string without parameterized binding. Exploitable via ' OR 1=1 --,[Prod] SQL Injection vulnerability in search filter query The 'filter' parameter in /api/v1/search is concatenated directly into the SQL string without parameterized binding. Exploitable via ' OR 1=1 --,29
1758,Add support for OAuth2 Google Login,Users need the ability to authenticate via Google OAuth2 with PKCE flow. Needs configuration for client ID and secret.,feature,P2-Medium,-1,FIRST_TIME_CONTRIBUTOR,8,Add support for OAuth2 Google Login,Users need the ability to authenticate via Google OAuth2 with PKCE flow. Needs configuration for client ID and secret.,Add support for OAuth2 Google Login Users need the ability to authenticate via Google OAuth2 with PKCE flow. Needs configuration for client ID and secret.,25
2114,Support CSV export for monthly billing reports,Accounting teams require monthly transactions exported as standard RFC 4180 CSV files with tax breakdown.,feature,P2-Medium,-1,FIRST_TIME_CONTRIBUTOR,8,Support CSV export for monthly billing reports,Accounting teams require monthly transactions exported as standard RFC 4180 CSV files with tax breakdown.,Support CSV export for monthly billing reports Accounting teams require monthly transactions exported as standard RFC 4180 CSV files with tax breakdown.,22
2340,[Bug Report] Missing CSRF token validation on password change endpoint,POST /api/v1/user/password-reset accepts cross-origin state-changing requests without checking X-CSRF-Token.,security,P0-Critical,-1,FIRST_TIME_CONTRIBUTOR,27,[Bug Report] Missing CSRF token validation on password change endpoint,POST /api/v1/user/password-reset accepts cross-origin state-changing requests without checking X-CSRF-Token.,[Bug Report] Missing CSRF token validation on password change endpoint POST /api/v1/user/password-reset accepts cross-origin state-changing requests without checking X-CSRF-Token.,19
1256,Update API documentation for v2 authentication header,"The current Swagger docs show 'Authorization: Token <key>', but v2 requires 'Authorization: Bearer <jwt>'.",documentation,P2-Medium,-1,CONTRIBUTOR,0,Update API documentation for v2 authentication header,"The current Swagger docs show 'Authorization: Token <key>', but v2 requires 'Authorization: Bearer <jwt>'.","Update API documentation for v2 authentication header The current Swagger docs show 'Authorization: Token <key>', but v2 requires 'Authorization: Bearer <jwt>'.",21
1991,Urgent: Memory leak in background token refresh worker,Process RSS memory grows continuously by ~50MB/hour. Profiling indicates unclosed TCP sessions in AuthService.,bug,P1-High,-1,NONE,2,Urgent: Memory leak in background token refresh worker,Process RSS memory grows continuously by ~50MB/hour. Profiling indicates unclosed TCP sessions in AuthService.,Urgent: Memory leak in background token refresh worker Process RSS memory grows continuously by ~50MB/hour. Profiling indicates unclosed TCP sessions in AuthService.,22
1465,Question: Broken hyperlink in settings footer,Clicking 'Terms of Service' in user settings redirects to 404 page.,bug,P3-Low,-1,MEMBER,1,Question: Broken hyperlink in settings footer,Clicking 'Terms of Service' in user settings redirects to 404 page.,Question: Broken hyperlink in settings footer Clicking 'Terms of Service' in user settings redirects to 404 page.,17
1763,Urgent: CSS overflow issue on mobile navigation drawer,"On iOS Safari viewport < 375px, the slide-over menu items clip outside the right screen border.",bug,P3-Low,-1,NONE,6,Urgent: CSS overflow issue on mobile navigation drawer,"On iOS Safari viewport < 375px, the slide-over menu items clip outside the right screen border.","Urgent: CSS overflow issue on mobile navigation drawer On iOS Safari viewport < 375px, the slide-over menu items clip outside the right screen border.",24
1906,[Bug Report] Memory leak in background token refresh worker,Process RSS memory grows continuously by ~50MB/hour. Profiling indicates unclosed TCP sessions in AuthService.,bug,P1-High,-1,NONE,8,[Bug Report] Memory leak in background token refresh worker,Process RSS memory grows continuously by ~50MB/hour. Profiling indicates unclosed TCP sessions in AuthService.,[Bug Report] Memory leak in background token refresh worker Process RSS memory grows continuously by ~50MB/hour. Profiling indicates unclosed TCP sessions in AuthService.,23
2158,[Prod] Broken hyperlink in settings footer,Clicking 'Terms of Service' in user settings redirects to 404 page.,bug,P3-Low,-1,MEMBER,8,[Prod] Broken hyperlink in settings footer,Clicking 'Terms of Service' in user settings redirects to 404 page.,[Prod] Broken hyperlink in settings footer Clicking 'Terms of Service' in user settings redirects to 404 page.,17
1676,Question: Missing CSRF token validation on password change endpoint,POST /api/v1/user/password-reset accepts cross-origin state-changing requests without checking X-CSRF-Token.,security,P0-Critical,-1,NONE,13,Question: Missing CSRF token validation on password change endpoint,POST /api/v1/user/password-reset accepts cross-origin state-changing requests without checking X-CSRF-Token.,Question: Missing CSRF token validation on password change endpoint POST /api/v1/user/password-reset accepts cross-origin state-changing requests without checking X-CSRF-Token.,18
2368,Question: CSS overflow issue on mobile navigation drawer,"On iOS Safari viewport < 375px, the slide-over menu items clip outside the right screen border.",bug,P3-Low,-1,FIRST_TIME_CONTRIBUTOR,7,Question: CSS overflow issue on mobile navigation drawer,"On iOS Safari viewport < 375px, the slide-over menu items clip outside the right screen border.","Question: CSS overflow issue on mobile navigation drawer On iOS Safari viewport < 375px, the slide-over menu items clip outside the right screen border.",24
2443,UnicodeDecodeError when parsing multibyte UTF-8 input,The JSON parser crashes on emoji input with UnicodeDecodeError: 'utf-8' codec can't decode byte 0xed in position 12.,bug,P2-Medium,-1,NONE,6,UnicodeDecodeError when parsing multibyte UTF-8 input,The JSON parser crashes on emoji input with UnicodeDecodeError: 'utf-8' codec can't decode byte 0xed in position 12.,UnicodeDecodeError when parsing multibyte UTF-8 input The JSON parser crashes on emoji input with UnicodeDecodeError: 'utf-8' codec can't decode byte 0xed in position 12.,24
1384,Add support for OAuth2 Google Login,Users need the ability to authenticate via Google OAuth2 with PKCE flow. Needs configuration for client ID and secret.,feature,P2-Medium,-1,CONTRIBUTOR,3,Add support for OAuth2 Google Login,Users need the ability to authenticate via Google OAuth2 with PKCE flow. Needs configuration for client ID and secret.,Add support for OAuth2 Google Login Users need the ability to authenticate via Google OAuth2 with PKCE flow. Needs configuration for client ID and secret.,25
1333,Urgent: Missing CSRF token validation on password change endpoint,POST /api/v1/user/password-reset accepts cross-origin state-changing requests without checking X-CSRF-Token.,security,P0-Critical,-1,MEMBER,9,Urgent: Missing CSRF token validation on password change endpoint,POST /api/v1/user/password-reset accepts cross-origin state-changing requests without checking X-CSRF-Token.,Urgent: Missing CSRF token validation on password change endpoint POST /api/v1/user/password-reset accepts cross-origin state-changing requests without checking X-CSRF-Token.,18
2306,Support CSV export for monthly billing reports,Accounting teams require monthly transactions exported as standard RFC 4180 CSV files with tax breakdown.,feature,P2-Medium,-1,FIRST_TIME_CONTRIBUTOR,7,Support CSV export for monthly billing reports,Accounting teams require monthly transactions exported as standard RFC 4180 CSV files with tax breakdown.,Support CSV export for monthly billing reports Accounting teams require monthly transactions exported as standard RFC 4180 CSV files with tax breakdown.,22
1802,API gateway p99 latency spikes above 1200ms,Downstream microservice connection timeouts lead to thread starvation in the upstream edge gateway.,performance,P1-High,-1,MEMBER,8,API gateway p99 latency spikes above 1200ms,Downstream microservice connection timeouts lead to thread starvation in the upstream edge gateway.,API gateway p99 latency spikes above 1200ms Downstream microservice connection timeouts lead to thread starvation in the upstream edge gateway.,20
1262,Add support for OAuth2 Google Login,Users need the ability to authenticate via Google OAuth2 with PKCE flow. Needs configuration for client ID and secret.,feature,P2-Medium,-1,FIRST_TIME_CONTRIBUTOR,0,Add support for OAuth2 Google Login,Users need the ability to authenticate via Google OAuth2 with PKCE flow. Needs configuration for client ID and secret.,Add support for OAuth2 Google Login Users need the ability to authenticate via Google OAuth2 with PKCE flow. Needs configuration for client ID and secret.,25
1651,Urgent: Missing CSRF token validation on password change endpoint,POST /api/v1/user/password-reset accepts cross-origin state-changing requests without checking X-CSRF-Token.,security,P0-Critical,-1,FIRST_TIME_CONTRIBUTOR,15,Urgent: Missing CSRF token validation on password change endpoint,POST /api/v1/user/password-reset accepts cross-origin state-changing requests without checking X-CSRF-Token.,Urgent: Missing CSRF token validation on password change endpoint POST /api/v1/user/password-reset accepts cross-origin state-changing requests without checking X-CSRF-Token.,18
1010,Document Docker Compose local setup steps,Add troubleshooting section for port conflicts on Windows WSL2 when starting PostgreSQL container.,documentation,P3-Low,-1,FIRST_TIME_CONTRIBUTOR,3,Document Docker Compose local setup steps,Add troubleshooting section for port conflicts on Windows WSL2 when starting PostgreSQL container.,Document Docker Compose local setup steps Add troubleshooting section for port conflicts on Windows WSL2 when starting PostgreSQL container.,19
1827,[Feature Request] Database connection pool exhausted under high concurrency,"HikariCP pool drops active connections after 500 concurrent requests. Error: Connection is not available, request timed out after 30000ms.",bug,P1-High,-1,CONTRIBUTOR,3,[Feature Request] Database connection pool exhausted under high concurrency,"HikariCP pool drops active connections after 500 concurrent requests. Error: Connection is not available, request timed out after 30000ms.","[Feature Request] Database connection pool exhausted under high concurrency HikariCP pool drops active connections after 500 concurrent requests. Error: Connection is not available, request timed out after 30000ms.",28
1923,Add support for OAuth2 Google Login,Users need the ability to authenticate via Google OAuth2 with PKCE flow. Needs configuration for client ID and secret.,feature,P2-Medium,-1,CONTRIBUTOR,4,Add support for OAuth2 Google Login,Users need the ability to authenticate via Google OAuth2 with PKCE flow. Needs configuration for client ID and secret.,Add support for OAuth2 Google Login Users need the ability to authenticate via Google OAuth2 with PKCE flow. Needs configuration for client ID and secret.,25
2032,Deadlock in order fulfillment distributed lock,Redis distributed lock fails to release when worker process receives SIGTERM during checkout transaction.,bug,P0-Critical,-1,CONTRIBUTOR,16,Deadlock in order fulfillment distributed lock,Redis distributed lock fails to release when worker process receives SIGTERM during checkout transaction.,Deadlock in order fulfillment distributed lock Redis distributed lock fails to release when worker process receives SIGTERM during checkout transaction.,20
2102,Memory leak in background token refresh worker,Process RSS memory grows continuously by ~50MB/hour. Profiling indicates unclosed TCP sessions in AuthService.,bug,P1-High,-1,FIRST_TIME_CONTRIBUTOR,0,Memory leak in background token refresh worker,Process RSS memory grows continuously by ~50MB/hour. Profiling indicates unclosed TCP sessions in AuthService.,Memory leak in background token refresh worker Process RSS memory grows continuously by ~50MB/hour. Profiling indicates unclosed TCP sessions in AuthService.,21
1536,Urgent: Memory leak in background token refresh worker,Process RSS memory grows continuously by ~50MB/hour. Profiling indicates unclosed TCP sessions in AuthService.,bug,P1-High,-1,MEMBER,6,Urgent: Memory leak in background token refresh worker,Process RSS memory grows continuously by ~50MB/hour. Profiling indicates unclosed TCP sessions in AuthService.,Urgent: Memory leak in background token refresh worker Process RSS memory grows continuously by ~50MB/hour. Profiling indicates unclosed TCP sessions in AuthService.,22
2405,[Bug Report] UnicodeDecodeError when parsing multibyte UTF-8 input,The JSON parser crashes on emoji input with UnicodeDecodeError: 'utf-8' codec can't decode byte 0xed in position 12.,bug,P2-Medium,-1,FIRST_TIME_CONTRIBUTOR,7,[Bug Report] UnicodeDecodeError when parsing multibyte UTF-8 input,The JSON parser crashes on emoji input with UnicodeDecodeError: 'utf-8' codec can't decode byte 0xed in position 12.,[Bug Report] UnicodeDecodeError when parsing multibyte UTF-8 input The JSON parser crashes on emoji input with UnicodeDecodeError: 'utf-8' codec can't decode byte 0xed in position 12.,26
1343,NullPointerException on user checkout,"When calling POST /api/v1/checkout with an empty cart item list, server throws NullPointerException at CheckoutService.java:142. Expected HTTP 400 Bad Request.",bug,P0-Critical,-1,MEMBER,5,NullPointerException on user checkout,"When calling POST /api/v1/checkout with an empty cart item list, server throws NullPointerException at CheckoutService.java:142. Expected HTTP 400 Bad Request.","NullPointerException on user checkout When calling POST /api/v1/checkout with an empty cart item list, server throws NullPointerException at CheckoutService.java:142. Expected HTTP 400 Bad Request.",24
1571,CORS policy allows wildcard origin with credentials,"Access-Control-Allow-Origin is set to '*' while Access-Control-Allow-Credentials is true, violating CORS specification.",security,P1-High,-1,NONE,0,CORS policy allows wildcard origin with credentials,"Access-Control-Allow-Origin is set to '*' while Access-Control-Allow-Credentials is true, violating CORS specification.","CORS policy allows wildcard origin with credentials Access-Control-Allow-Origin is set to '*' while Access-Control-Allow-Credentials is true, violating CORS specification.",19
1714,Urgent: Memory leak in background token refresh worker,Process RSS memory grows continuously by ~50MB/hour. Profiling indicates unclosed TCP sessions in AuthService.,bug,P1-High,-1,NONE,3,Urgent: Memory leak in background token refresh worker,Process RSS memory grows continuously by ~50MB/hour. Profiling indicates unclosed TCP sessions in AuthService.,Urgent: Memory leak in background token refresh worker Process RSS memory grows continuously by ~50MB/hour. Profiling indicates unclosed TCP sessions in AuthService.,22
1924,Add architecture diagram to README,The repository needs an updated high-level diagram explaining the microservice event bus flow.,documentation,P3-Low,-1,FIRST_TIME_CONTRIBUTOR,3,Add architecture diagram to README,The repository needs an updated high-level diagram explaining the microservice event bus flow.,Add architecture diagram to README The repository needs an updated high-level diagram explaining the microservice event bus flow.,18
1877,Urgent: Missing CSRF token validation on password change endpoint,POST /api/v1/user/password-reset accepts cross-origin state-changing requests without checking X-CSRF-Token.,security,P0-Critical,-1,MEMBER,22,Urgent: Missing CSRF token validation on password change endpoint,POST /api/v1/user/password-reset accepts cross-origin state-changing requests without checking X-CSRF-Token.,Urgent: Missing CSRF token validation on password change endpoint POST /api/v1/user/password-reset accepts cross-origin state-changing requests without checking X-CSRF-Token.,18
1065,High CPU utilization in regex router matching,Regex matching in URL routing consumes 85% CPU during high request spikes due to catastrophic backtracking in greedy pattern.,performance,P1-High,-1,NONE,0,High CPU utilization in regex router matching,Regex matching in URL routing consumes 85% CPU during high request spikes due to catastrophic backtracking in greedy pattern.,High CPU utilization in regex router matching Regex matching in URL routing consumes 85% CPU during high request spikes due to catastrophic backtracking in greedy pattern.,26
2002,Dark mode theme preference toggle,Implement automatic dark mode switching based on CSS prefers-color-scheme media query.,feature,P3-Low,-1,FIRST_TIME_CONTRIBUTOR,1,Dark mode theme preference toggle,Implement automatic dark mode switching based on CSS prefers-color-scheme media query.,Dark mode theme preference toggle Implement automatic dark mode switching based on CSS prefers-color-scheme media query.,16
1338,Slow SQL query on user activity feed endpoint,SELECT * FROM activities WHERE user_id = ? ORDER BY timestamp DESC takes 4.2 seconds on accounts with >50k events. Missing composite index.,performance,P1-High,-1,NONE,6,Slow SQL query on user activity feed endpoint,SELECT * FROM activities WHERE user_id = ? ORDER BY timestamp DESC takes 4.2 seconds on accounts with >50k events. Missing composite index.,Slow SQL query on user activity feed endpoint SELECT * FROM activities WHERE user_id = ? ORDER BY timestamp DESC takes 4.2 seconds on accounts with >50k events. Missing composite index.,31
1449,Support CSV export for monthly billing reports,Accounting teams require monthly transactions exported as standard RFC 4180 CSV files with tax breakdown.,feature,P2-Medium,-1,MEMBER,4,Support CSV export for monthly billing reports,Accounting teams require monthly transactions exported as standard RFC 4180 CSV files with tax breakdown.,Support CSV export for monthly billing reports Accounting teams require monthly transactions exported as standard RFC 4180 CSV files with tax breakdown.,22
1951,[Bug Report] Deadlock in order fulfillment distributed lock,Redis distributed lock fails to release when worker process receives SIGTERM during checkout transaction.,bug,P0-Critical,-1,NONE,23,[Bug Report] Deadlock in order fulfillment distributed lock,Redis distributed lock fails to release when worker process receives SIGTERM during checkout transaction.,[Bug Report] Deadlock in order fulfillment distributed lock Redis distributed lock fails to release when worker process receives SIGTERM during checkout transaction.,22
2365,[Prod] Memory leak in background token refresh worker,Process RSS memory grows continuously by ~50MB/hour. Profiling indicates unclosed TCP sessions in AuthService.,bug,P1-High,-1,NONE,1,[Prod] Memory leak in background token refresh worker,Process RSS memory grows continuously by ~50MB/hour. Profiling indicates unclosed TCP sessions in AuthService.,[Prod] Memory leak in background token refresh worker Process RSS memory grows continuously by ~50MB/hour. Profiling indicates unclosed TCP sessions in AuthService.,22
1053,[Prod] Checkbox state does not persist across tab switching,Form input resets when toggling between 'Account' and 'Billing' sub-tabs.,bug,P2-Medium,-1,CONTRIBUTOR,6,[Prod] Checkbox state does not persist across tab switching,Form input resets when toggling between 'Account' and 'Billing' sub-tabs.,[Prod] Checkbox state does not persist across tab switching Form input resets when toggling between 'Account' and 'Billing' sub-tabs.,19
1699,Slow SQL query on user activity feed endpoint,SELECT * FROM activities WHERE user_id = ? ORDER BY timestamp DESC takes 4.2 seconds on accounts with >50k events. Missing composite index.,performance,P1-High,-1,MEMBER,3,Slow SQL query on user activity feed endpoint,SELECT * FROM activities WHERE user_id = ? ORDER BY timestamp DESC takes 4.2 seconds on accounts with >50k events. Missing composite index.,Slow SQL query on user activity feed endpoint SELECT * FROM activities WHERE user_id = ? ORDER BY timestamp DESC takes 4.2 seconds on accounts with >50k events. Missing composite index.,31
1133,Update API documentation for v2 authentication header,"The current Swagger docs show 'Authorization: Token <key>', but v2 requires 'Authorization: Bearer <jwt>'.",documentation,P2-Medium,-1,CONTRIBUTOR,0,Update API documentation for v2 authentication header,"The current Swagger docs show 'Authorization: Token <key>', but v2 requires 'Authorization: Bearer <jwt>'.","Update API documentation for v2 authentication header The current Swagger docs show 'Authorization: Token <key>', but v2 requires 'Authorization: Bearer <jwt>'.",21
2054,[Bug Report] CSS overflow issue on mobile navigation drawer,"On iOS Safari viewport < 375px, the slide-over menu items clip outside the right screen border.",bug,P3-Low,-1,NONE,0,[Bug Report] CSS overflow issue on mobile navigation drawer,"On iOS Safari viewport < 375px, the slide-over menu items clip outside the right screen border.","[Bug Report] CSS overflow issue on mobile navigation drawer On iOS Safari viewport < 375px, the slide-over menu items clip outside the right screen border.",25
1595,Slow SQL query on user activity feed endpoint,SELECT * FROM activities WHERE user_id = ? ORDER BY timestamp DESC takes 4.2 seconds on accounts with >50k events. Missing composite index.,performance,P1-High,-1,CONTRIBUTOR,7,Slow SQL query on user activity feed endpoint,SELECT * FROM activities WHERE user_id = ? ORDER BY timestamp DESC takes 4.2 seconds on accounts with >50k events. Missing composite index.,Slow SQL query on user activity feed endpoint SELECT * FROM activities WHERE user_id = ? ORDER BY timestamp DESC takes 4.2 seconds on accounts with >50k events. Missing composite index.,31
2080,[Prod] Broken hyperlink in settings footer,Clicking 'Terms of Service' in user settings redirects to 404 page.,bug,P3-Low,-1,NONE,5,[Prod] Broken hyperlink in settings footer,Clicking 'Terms of Service' in user settings redirects to 404 page.,[Prod] Broken hyperlink in settings footer Clicking 'Terms of Service' in user settings redirects to 404 page.,17
1519,Memory leak in background token refresh worker,Process RSS memory grows continuously by ~50MB/hour. Profiling indicates unclosed TCP sessions in AuthService.,bug,P1-High,-1,NONE,2,Memory leak in background token refresh worker,Process RSS memory grows continuously by ~50MB/hour. Profiling indicates unclosed TCP sessions in AuthService.,Memory leak in background token refresh worker Process RSS memory grows continuously by ~50MB/hour. Profiling indicates unclosed TCP sessions in AuthService.,21
2015,[Feature Request] Deadlock in order fulfillment distributed lock,Redis distributed lock fails to release when worker process receives SIGTERM during checkout transaction.,bug,P0-Critical,-1,NONE,22,[Feature Request] Deadlock in order fulfillment distributed lock,Redis distributed lock fails to release when worker process receives SIGTERM during checkout transaction.,[Feature Request] Deadlock in order fulfillment distributed lock Redis distributed lock fails to release when worker process receives SIGTERM during checkout transaction.,22
1452,High CPU utilization in regex router matching,Regex matching in URL routing consumes 85% CPU during high request spikes due to catastrophic backtracking in greedy pattern.,performance,P1-High,-1,FIRST_TIME_CONTRIBUTOR,0,High CPU utilization in regex router matching,Regex matching in URL routing consumes 85% CPU during high request spikes due to catastrophic backtracking in greedy pattern.,High CPU utilization in regex router matching Regex matching in URL routing consumes 85% CPU during high request spikes due to catastrophic backtracking in greedy pattern.,26
1838,Optimize Docker image layer caching to speed up CI,Re-installing heavy Python packages on every single commit causes CI build times to exceed 18 minutes.,performance,P2-Medium,-1,MEMBER,1,Optimize Docker image layer caching to speed up CI,Re-installing heavy Python packages on every single commit causes CI build times to exceed 18 minutes.,Optimize Docker image layer caching to speed up CI Re-installing heavy Python packages on every single commit causes CI build times to exceed 18 minutes.,25
2381,API gateway p99 latency spikes above 1200ms,Downstream microservice connection timeouts lead to thread starvation in the upstream edge gateway.,performance,P1-High,-1,CONTRIBUTOR,6,API gateway p99 latency spikes above 1200ms,Downstream microservice connection timeouts lead to thread starvation in the upstream edge gateway.,API gateway p99 latency spikes above 1200ms Downstream microservice connection timeouts lead to thread starvation in the upstream edge gateway.,20
2041,CSS overflow issue on mobile navigation drawer,"On iOS Safari viewport < 375px, the slide-over menu items clip outside the right screen border.",bug,P3-Low,-1,CONTRIBUTOR,2,CSS overflow issue on mobile navigation drawer,"On iOS Safari viewport < 375px, the slide-over menu items clip outside the right screen border.","CSS overflow issue on mobile navigation drawer On iOS Safari viewport < 375px, the slide-over menu items clip outside the right screen border.",23
1468,Fix broken example code in Quickstart tutorial,The quickstart snippet for initializing the client client.connect() causes TypeError: missing 1 required positional argument 'api_key'.,documentation,P2-Medium,-1,NONE,3,Fix broken example code in Quickstart tutorial,The quickstart snippet for initializing the client client.connect() causes TypeError: missing 1 required positional argument 'api_key'.,Fix broken example code in Quickstart tutorial The quickstart snippet for initializing the client client.connect() causes TypeError: missing 1 required positional argument 'api_key'.,23
1743,Broken hyperlink in settings footer,Clicking 'Terms of Service' in user settings redirects to 404 page.,bug,P3-Low,-1,NONE,7,Broken hyperlink in settings footer,Clicking 'Terms of Service' in user settings redirects to 404 page.,Broken hyperlink in settings footer Clicking 'Terms of Service' in user settings redirects to 404 page.,16
2367,Support CSV export for monthly billing reports,Accounting teams require monthly transactions exported as standard RFC 4180 CSV files with tax breakdown.,feature,P2-Medium,-1,NONE,4,Support CSV export for monthly billing reports,Accounting teams require monthly transactions exported as standard RFC 4180 CSV files with tax breakdown.,Support CSV export for monthly billing reports Accounting teams require monthly transactions exported as standard RFC 4180 CSV files with tax breakdown.,22
1200,Optimize Docker image layer caching to speed up CI,Re-installing heavy Python packages on every single commit causes CI build times to exceed 18 minutes.,performance,P2-Medium,-1,MEMBER,6,Optimize Docker image layer caching to speed up CI,Re-installing heavy Python packages on every single commit causes CI build times to exceed 18 minutes.,Optimize Docker image layer caching to speed up CI Re-installing heavy Python packages on every single commit causes CI build times to exceed 18 minutes.,25
1832,Slow SQL query on user activity feed endpoint,SELECT * FROM activities WHERE user_id = ? ORDER BY timestamp DESC takes 4.2 seconds on accounts with >50k events. Missing composite index.,performance,P1-High,-1,MEMBER,1,Slow SQL query on user activity feed endpoint,SELECT * FROM activities WHERE user_id = ? ORDER BY timestamp DESC takes 4.2 seconds on accounts with >50k events. Missing composite index.,Slow SQL query on user activity feed endpoint SELECT * FROM activities WHERE user_id = ? ORDER BY timestamp DESC takes 4.2 seconds on accounts with >50k events. Missing composite index.,31
2466,Dark mode theme preference toggle,Implement automatic dark mode switching based on CSS prefers-color-scheme media query.,feature,P3-Low,-1,CONTRIBUTOR,5,Dark mode theme preference toggle,Implement automatic dark mode switching based on CSS prefers-color-scheme media query.,Dark mode theme preference toggle Implement automatic dark mode switching based on CSS prefers-color-scheme media query.,16
1997,Slow SQL query on user activity feed endpoint,SELECT * FROM activities WHERE user_id = ? ORDER BY timestamp DESC takes 4.2 seconds on accounts with >50k events. Missing composite index.,performance,P1-High,-1,CONTRIBUTOR,4,Slow SQL query on user activity feed endpoint,SELECT * FROM activities WHERE user_id = ? ORDER BY timestamp DESC takes 4.2 seconds on accounts with >50k events. Missing composite index.,Slow SQL query on user activity feed endpoint SELECT * FROM activities WHERE user_id = ? ORDER BY timestamp DESC takes 4.2 seconds on accounts with >50k events. Missing composite index.,31
2394,Document Docker Compose local setup steps,Add troubleshooting section for port conflicts on Windows WSL2 when starting PostgreSQL container.,documentation,P3-Low,-1,MEMBER,2,Document Docker Compose local setup steps,Add troubleshooting section for port conflicts on Windows WSL2 when starting PostgreSQL container.,Document Docker Compose local setup steps Add troubleshooting section for port conflicts on Windows WSL2 when starting PostgreSQL container.,19
2243,[Bug Report] Broken hyperlink in settings footer,Clicking 'Terms of Service' in user settings redirects to 404 page.,bug,P3-Low,-1,MEMBER,8,[Bug Report] Broken hyperlink in settings footer,Clicking 'Terms of Service' in user settings redirects to 404 page.,[Bug Report] Broken hyperlink in settings footer Clicking 'Terms of Service' in user settings redirects to 404 page.,18
1428,Dark mode theme preference toggle,Implement automatic dark mode switching based on CSS prefers-color-scheme media query.,feature,P3-Low,-1,NONE,3,Dark mode theme preference toggle,Implement automatic dark mode switching based on CSS prefers-color-scheme media query.,Dark mode theme preference toggle Implement automatic dark mode switching based on CSS prefers-color-scheme media query.,16
1439,Add webhook notifications for payment success,Developers need outbound HTTP webhooks triggered on invoice.paid events with signature verification header.,feature,P1-High,-1,FIRST_TIME_CONTRIBUTOR,5,Add webhook notifications for payment success,Developers need outbound HTTP webhooks triggered on invoice.paid events with signature verification header.,Add webhook notifications for payment success Developers need outbound HTTP webhooks triggered on invoice.paid events with signature verification header.,19
2189,[Feature Request] UnicodeDecodeError when parsing multibyte UTF-8 input,The JSON parser crashes on emoji input with UnicodeDecodeError: 'utf-8' codec can't decode byte 0xed in position 12.,bug,P2-Medium,-1,CONTRIBUTOR,0,[Feature Request] UnicodeDecodeError when parsing multibyte UTF-8 input,The JSON parser crashes on emoji input with UnicodeDecodeError: 'utf-8' codec can't decode byte 0xed in position 12.,[Feature Request] UnicodeDecodeError when parsing multibyte UTF-8 input The JSON parser crashes on emoji input with UnicodeDecodeError: 'utf-8' codec can't decode byte 0xed in position 12.,26
1622,Checkbox state does not persist across tab switching,Form input resets when toggling between 'Account' and 'Billing' sub-tabs.,bug,P2-Medium,-1,CONTRIBUTOR,1,Checkbox state does not persist across tab switching,Form input resets when toggling between 'Account' and 'Billing' sub-tabs.,Checkbox state does not persist across tab switching Form input resets when toggling between 'Account' and 'Billing' sub-tabs.,18
1610,[Bug Report] Broken hyperlink in settings footer,Clicking 'Terms of Service' in user settings redirects to 404 page.,bug,P3-Low,-1,NONE,4,[Bug Report] Broken hyperlink in settings footer,Clicking 'Terms of Service' in user settings redirects to 404 page.,[Bug Report] Broken hyperlink in settings footer Clicking 'Terms of Service' in user settings redirects to 404 page.,18
2008,[Feature Request] Memory leak in background token refresh worker,Process RSS memory grows continuously by ~50MB/hour. Profiling indicates unclosed TCP sessions in AuthService.,bug,P1-High,-1,CONTRIBUTOR,3,[Feature Request] Memory leak in background token refresh worker,Process RSS memory grows continuously by ~50MB/hour. Profiling indicates unclosed TCP sessions in AuthService.,[Feature Request] Memory leak in background token refresh worker Process RSS memory grows continuously by ~50MB/hour. Profiling indicates unclosed TCP sessions in AuthService.,23
1497,Add webhook notifications for payment success,Developers need outbound HTTP webhooks triggered on invoice.paid events with signature verification header.,feature,P1-High,-1,MEMBER,2,Add webhook notifications for payment success,Developers need outbound HTTP webhooks triggered on invoice.paid events with signature verification header.,Add webhook notifications for payment success Developers need outbound HTTP webhooks triggered on invoice.paid events with signature verification header.,19
1212,Dark mode theme preference toggle,Implement automatic dark mode switching based on CSS prefers-color-scheme media query.,feature,P3-Low,-1,FIRST_TIME_CONTRIBUTOR,8,Dark mode theme preference toggle,Implement automatic dark mode switching based on CSS prefers-color-scheme media query.,Dark mode theme preference toggle Implement automatic dark mode switching based on CSS prefers-color-scheme media query.,16
2376,Memory leak in background token refresh worker,Process RSS memory grows continuously by ~50MB/hour. Profiling indicates unclosed TCP sessions in AuthService.,bug,P1-High,-1,FIRST_TIME_CONTRIBUTOR,7,Memory leak in background token refresh worker,Process RSS memory grows continuously by ~50MB/hour. Profiling indicates unclosed TCP sessions in AuthService.,Memory leak in background token refresh worker Process RSS memory grows continuously by ~50MB/hour. Profiling indicates unclosed TCP sessions in AuthService.,21
2402,Urgent: Missing CSRF token validation on password change endpoint,POST /api/v1/user/password-reset accepts cross-origin state-changing requests without checking X-CSRF-Token.,security,P0-Critical,-1,FIRST_TIME_CONTRIBUTOR,8,Urgent: Missing CSRF token validation on password change endpoint,POST /api/v1/user/password-reset accepts cross-origin state-changing requests without checking X-CSRF-Token.,Urgent: Missing CSRF token validation on password change endpoint POST /api/v1/user/password-reset accepts cross-origin state-changing requests without checking X-CSRF-Token.,18
2187,Support CSV export for monthly billing reports,Accounting teams require monthly transactions exported as standard RFC 4180 CSV files with tax breakdown.,feature,P2-Medium,-1,FIRST_TIME_CONTRIBUTOR,7,Support CSV export for monthly billing reports,Accounting teams require monthly transactions exported as standard RFC 4180 CSV files with tax breakdown.,Support CSV export for monthly billing reports Accounting teams require monthly transactions exported as standard RFC 4180 CSV files with tax breakdown.,22
2293,Add support for OAuth2 Google Login,Users need the ability to authenticate via Google OAuth2 with PKCE flow. Needs configuration for client ID and secret.,feature,P2-Medium,-1,MEMBER,8,Add support for OAuth2 Google Login,Users need the ability to authenticate via Google OAuth2 with PKCE flow. Needs configuration for client ID and secret.,Add support for OAuth2 Google Login Users need the ability to authenticate via Google OAuth2 with PKCE flow. Needs configuration for client ID and secret.,25
2063,[Prod] Database connection pool exhausted under high concurrency,"HikariCP pool drops active connections after 500 concurrent requests. Error: Connection is not available, request timed out after 30000ms.",bug,P1-High,-1,MEMBER,2,[Prod] Database connection pool exhausted under high concurrency,"HikariCP pool drops active connections after 500 concurrent requests. Error: Connection is not available, request timed out after 30000ms.","[Prod] Database connection pool exhausted under high concurrency HikariCP pool drops active connections after 500 concurrent requests. Error: Connection is not available, request timed out after 30000ms.",27
